Universe,Indicator,Sim_ID,L1_Budget_Pct,L1_C,L1_K,L1_Label,L2_Budget_Pct,L2_C,L2_K,L2_Label,V1_MAE_Acc,V1_MAE_Std,V1_RMSE_Acc,V1_P90_Acc,V2_MAE_Acc,V2_MAE_Std,V2_RMSE_Acc,V2_P90_Acc,V3_MAE_Acc,V3_MAE_Std,V3_RMSE_Acc,V3_P90_Acc,Scenario,Rho_Model
Bad_L0_Bad_L1 (rho=0.0),Height,0,10%,3,15,3C x 15K,10%,1,4,1C x 4K,30.0,0.0,0.0,0.0,71.11111111111111,0.0,0.0,0.0,30.0,0.0,0.0,0.0,Bad_L0_Bad_L1,0.0
Bad_L0_Bad_L1 (rho=0.0),Height,0,10%,3,15,3C x 15K,10%,2,2,2C x 2K,33.33333333333333,0.0,0.0,0.0,71.11111111111111,0.0,0.0,0.0,33.33333333333333,0.0,0.0,0.0,Bad_L0_Bad_L1,0.0
Bad_L0_Bad_L1 (rho=0.0),Height,0,10%,3,15,3C x 15K,20%,1,9,1C x 9K,40.0,0.0,0.0,0.0,71.11111111111111,0.0,0.0,0.0,40.0,0.0,0.0,0.0,Bad_L0_Bad_L1,0.0
Bad_L0_Bad_L1 (rho=0.0),Height,0,10%,3,15,3C x 15K,20%,3,3,3C x 3K,46.666666666666664,0.0,0.0,0.0,71.11111111111111,0.0,0.0,0.0,46.666666666666664,0.0,0.0,0.0,Bad_L0_Bad_L1,0.0
Bad_L0_Bad_L1 (rho=0.0),Height,0,10%,3,15,3C x 15K,30%,1,14,1C x 14K,40.0,0.0,0.0,0.0,71.11111111111111,0.0,0.0,0.0,40.0,0.0,0.0,0.0,Bad_L0_Bad_L1,0.0
Bad_L0_Bad_L1 (rho=0.0),Height,0,10%,3,15,3C x 15K,30%,2,7,2C x 7K,30.0,0.0,0.0,0.0,71.11111111111111,0.0,0.0,0.0,30.0,0.0,0.0,0.0,Bad_L0_Bad_L1,0.0
Bad_L0_Bad_L1 (rho=0.0),Height,0,10%,3,15,3C x 15K,40%,1,15,1C x 15K,43.333333333333336,0.0,0.0,0.0,71.11111111111111,0.0,0.0,0.0,43.333333333333336,0.0,0.0,0.0,Bad_L0_Bad_L1,0.0
Bad_L0_Bad_L1 (rho=0.0),Height,0,10%,3,15,3C x 15K,40%,3,6,3C x 6K,40.0,0.0,0.0,0.0,71.11111111111111,0.0,0.0,0.0,40.0,0.0,0.0,0.0,Bad_L0_Bad_L1,0.0
Bad_L0_Bad_L1 (rho=0.0),Height,0,10%,3,15,3C x 15K,50%,1,15,1C x 15K,43.333333333333336,0.0,0.0,0.0,71.11111111111111,0.0,0.0,0.0,43.333333333333336,0.0,0.0,0.0,Bad_L0_Bad_L1,0.0
Bad_L0_Bad_L1 (rho=0.0),Height,0,10%,3,15,3C x 15K,50%,3,7,3C x 7K,46.666666666666664,0.0,0.0,0.0,71.11111111111111,0.0,0.0,0.0,46.666666666666664,0.0,0.0,0.0,Bad_L0_Bad_L1,0.0
Bad_L0_Bad_L1 (rho=0.0),Height,0,10%,3,15,3C x 15K,60%,2,15,2C x 15K,43.333333333333336,0.0,0.0,0.0,71.11111111111111,0.0,0.0,0.0,43.333333333333336,0.0,0.0,0.0,Bad_L0_Bad_L1,0.0
Bad_L0_Bad_L1 (rho=0.0),Height,0,10%,3,15,3C x 15K,60%,3,9,3C x 9K,46.666666666666664,0.0,0.0,0.0,71.11111111111111,0.0,0.0,0.0,46.666666666666664,0.0,0.0,0.0,Bad_L0_Bad_L1,0.0
Bad_L0_Bad_L1 (rho=0.0),Height,0,10%,3,15,3C x 15K,70%,2,15,2C x 15K,43.333333333333336,0.0,0.0,0.0,71.11111111111111,0.0,0.0,0.0,43.333333333333336,0.0,0.0,0.0,Bad_L0_Bad_L1,0.0
Bad_L0_Bad_L1 (rho=0.0),Height,0,10%,3,15,3C x 15K,70%,3,10,3C x 10K,50.0,0.0,0.0,0.0,71.11111111111111,0.0,0.0,0.0,50.0,0.0,0.0,0.0,Bad_L0_Bad_L1,0.0
Bad_L0_Bad_L1 (rho=0.0),Height,0,10%,3,15,3C x 15K,80%,2,15,2C x 15K,43.333333333333336,0.0,0.0,0.0,71.11111111111111,0.0,0.0,0.0,43.333333333333336,0.0,0.0,0.0,Bad_L0_Bad_L1,0.0
Bad_L0_Bad_L1 (rho=0.0),Height,0,10%,3,15,3C x 15K,80%,3,12,3C x 12K,50.0,0.0,0.0,0.0,71.11111111111111,0.0,0.0,0.0,50.0,0.0,0.0,0.0,Bad_L0_Bad_L1,0.0
Bad_L0_Bad_L1 (rho=0.0),Height,0,10%,3,15,3C x 15K,90%,3,13,3C x 13K,50.0,0.0,0.0,0.0,71.11111111111111,0.0,0.0,0.0,50.0,0.0,0.0,0.0,Bad_L0_Bad_L1,0.0
Bad_L0_Bad_L1 (rho=0.0),Height,0,10%,3,15,3C x 15K,90%,3,15,3C x 15K,56.666666666666664,0.0,0.0,0.0,71.11111111111111,0.0,0.0,0.0,56.666666666666664,0.0,0.0,0.0,Bad_L0_Bad_L1,0.0
Bad_L0_Bad_L1 (rho=0.0),Height,0,10%,3,15,3C x 15K,100%,3,15,3C x 15K,20.0,0.0,0.0,0.0,33.33333333333333,0.0,0.0,0.0,20.0,0.0,0.0,0.0,Bad_L0_Bad_L1,0.0
Bad_L0_Bad_L1 (rho=0.0),Height,0,10%,6,6,6C x 6K,10%,1,4,1C x 4K,40.0,0.0,0.0,0.0,54.44444444444444,0.0,0.0,0.0,40.0,0.0,0.0,0.0,Bad_L0_Bad_L1,0.0
Bad_L0_Bad_L1 (rho=0.0),Height,0,10%,6,6,6C x 6K,10%,4,1,4C x 1K,30.0,0.0,0.0,0.0,54.44444444444444,0.0,0.0,0.0,30.0,0.0,0.0,0.0,Bad_L0_Bad_L1,0.0
Bad_L0_Bad_L1 (rho=0.0),Height,0,10%,6,6,6C x 6K,20%,1,6,1C x 6K,33.33333333333333,0.0,0.0,0.0,54.44444444444444,0.0,0.0,0.0,33.33333333333333,0.0,0.0,0.0,Bad_L0_Bad_L1,0.0
Bad_L0_Bad_L1 (rho=0.0),Height,0,10%,6,6,6C x 6K,20%,2,3,2C x 3K,43.333333333333336,0.0,0.0,0.0,54.44444444444444,0.0,0.0,0.0,43.333333333333336,0.0,0.0,0.0,Bad_L0_Bad_L1,0.0
Bad_L0_Bad_L1 (rho=0.0),Height,0,10%,6,6,6C x 6K,30%,2,6,2C x 6K,46.666666666666664,0.0,0.0,0.0,54.44444444444444,0.0,0.0,0.0,46.666666666666664,0.0,0.0,0.0,Bad_L0_Bad_L1,0.0
Bad_L0_Bad_L1 (rho=0.0),Height,0,10%,6,6,6C x 6K,30%,4,3,4C x 3K,36.666666666666664,0.0,0.0,0.0,54.44444444444444,0.0,0.0,0.0,36.666666666666664,0.0,0.0,0.0,Bad_L0_Bad_L1,0.0
Bad_L0_Bad_L1 (rho=0.0),Height,0,10%,6,6,6C x 6K,40%,2,6,2C x 6K,46.666666666666664,0.0,0.0,0.0,54.44444444444444,0.0,0.0,0.0,46.666666666666664,0.0,0.0,0.0,Bad_L0_Bad_L1,0.0
Bad_L0_Bad_L1 (rho=0.0),Height,0,10%,6,6,6C x 6K,40%,5,3,5C x 3K,30.0,0.0,0.0,0.0,54.44444444444444,0.0,0.0,0.0,30.0,0.0,0.0,0.0,Bad_L0_Bad_L1,0.0
Bad_L0_Bad_L1 (rho=0.0),Height,0,10%,6,6,6C x 6K,50%,3,6,3C x 6K,40.0,0.0,0.0,0.0,54.44444444444444,0.0,0.0,0.0,40.0,0.0,0.0,0.0,Bad_L0_Bad_L1,0.0
Bad_L0_Bad_L1 (rho=0.0),Height,0,10%,6,6,6C x 6K,50%,6,3,6C x 3K,53.333333333333336,0.0,0.0,0.0,54.44444444444444,0.0,0.0,0.0,53.333333333333336,0.0,0.0,0.0,Bad_L0_Bad_L1,0.0
Bad_L0_Bad_L1 (rho=0.0),Height,0,10%,6,6,6C x 6K,60%,4,6,4C x 6K,56.666666666666664,0.0,0.0,0.0,54.44444444444444,0.0,0.0,0.0,56.666666666666664,0.0,0.0,0.0,Bad_L0_Bad_L1,0.0
Bad_L0_Bad_L1 (rho=0.0),Height,0,10%,6,6,6C x 6K,60%,6,4,6C x 4K,56.666666666666664,0.0,0.0,0.0,54.44444444444444,0.0,0.0,0.0,56.666666666666664,0.0,0.0,0.0,Bad_L0_Bad_L1,0.0
Bad_L0_Bad_L1 (rho=0.0),Height,0,10%,6,6,6C x 6K,70%,4,6,4C x 6K,56.666666666666664,0.0,0.0,0.0,54.44444444444444,0.0,0.0,0.0,56.666666666666664,0.0,0.0,0.0,Bad_L0_Bad_L1,0.0
Bad_L0_Bad_L1 (rho=0.0),Height,0,10%,6,6,6C x 6K,70%,6,4,6C x 4K,56.666666666666664,0.0,0.0,0.0,54.44444444444444,0.0,0.0,0.0,56.666666666666664,0.0,0.0,0.0,Bad_L0_Bad_L1,0.0
Bad_L0_Bad_L1 (rho=0.0),Height,0,10%,6,6,6C x 6K,80%,5,6,5C x 6K,56.666666666666664,0.0,0.0,0.0,54.44444444444444,0.0,0.0,0.0,56.666666666666664,0.0,0.0,0.0,Bad_L0_Bad_L1,0.0
Bad_L0_Bad_L1 (rho=0.0),Height,0,10%,6,6,6C x 6K,80%,6,5,6C x 5K,60.0,0.0,0.0,0.0,54.44444444444444,0.0,0.0,0.0,60.0,0.0,0.0,0.0,Bad_L0_Bad_L1,0.0
Bad_L0_Bad_L1 (rho=0.0),Height,0,10%,6,6,6C x 6K,90%,5,6,5C x 6K,56.666666666666664,0.0,0.0,0.0,54.44444444444444,0.0,0.0,0.0,56.666666666666664,0.0,0.0,0.0,Bad_L0_Bad_L1,0.0
Bad_L0_Bad_L1 (rho=0.0),Height,0,10%,6,6,6C x 6K,90%,6,5,6C x 5K,60.0,0.0,0.0,0.0,54.44444444444444,0.0,0.0,0.0,60.0,0.0,0.0,0.0,Bad_L0_Bad_L1,0.0
Bad_L0_Bad_L1 (rho=0.0),Height,0,10%,6,6,6C x 6K,100%,6,6,6C x 6K,16.666666666666664,0.0,0.0,0.0,20.555555555555554,0.0,0.0,0.0,16.666666666666664,0.0,0.0,0.0,Bad_L0_Bad_L1,0.0
Bad_L0_Bad_L1 (rho=0.0),Height,0,20%,25,3,25C x 3K,10%,3,3,3C x 3K,46.666666666666664,0.0,0.0,0.0,43.733333333333334,0.0,0.0,0.0,46.666666666666664,0.0,0.0,0.0,Bad_L0_Bad_L1,0.0
Bad_L0_Bad_L1 (rho=0.0),Height,0,20%,25,3,25C x 3K,10%,8,1,8C x 1K,36.666666666666664,0.0,0.0,0.0,43.733333333333334,0.0,0.0,0.0,36.666666666666664,0.0,0.0,0.0,Bad_L0_Bad_L1,0.0
Bad_L0_Bad_L1 (rho=0.0),Height,0,20%,25,3,25C x 3K,20%,15,1,15C x 1K,40.0,0.0,0.0,0.0,43.733333333333334,0.0,0.0,0.0,40.0,0.0,0.0,0.0,Bad_L0_Bad_L1,0.0
Bad_L0_Bad_L1 (rho=0.0),Height,0,20%,25,3,25C x 3K,20%,5,3,5C x 3K,40.0,0.0,0.0,0.0,43.733333333333334,0.0,0.0,0.0,40.0,0.0,0.0,0.0,Bad_L0_Bad_L1,0.0
Bad_L0_Bad_L1 (rho=0.0),Height,0,20%,25,3,25C x 3K,30%,22,1,22C x 1K,43.333333333333336,0.0,0.0,0.0,43.733333333333334,0.0,0.0,0.0,43.333333333333336,0.0,0.0,0.0,Bad_L0_Bad_L1,0.0
Bad_L0_Bad_L1 (rho=0.0),Height,0,20%,25,3,25C x 3K,30%,7,3,7C x 3K,40.0,0.0,0.0,0.0,43.733333333333334,0.0,0.0,0.0,40.0,0.0,0.0,0.0,Bad_L0_Bad_L1,0.0
Bad_L0_Bad_L1 (rho=0.0),Height,0,20%,25,3,25C x 3K,40%,10,3,10C x 3K,46.666666666666664,0.0,0.0,0.0,43.733333333333334,0.0,0.0,0.0,46.666666666666664,0.0,0.0,0.0,Bad_L0_Bad_L1,0.0
Bad_L0_Bad_L1 (rho=0.0),Height,0,20%,25,3,25C x 3K,40%,15,2,15C x 2K,36.666666666666664,0.0,0.0,0.0,43.733333333333334,0.0,0.0,0.0,36.666666666666664,0.0,0.0,0.0,Bad_L0_Bad_L1,0.0
Bad_L0_Bad_L1 (rho=0.0),Height,0,20%,25,3,25C x 3K,50%,13,3,13C x 3K,43.333333333333336,0.0,0.0,0.0,43.733333333333334,0.0,0.0,0.0,43.333333333333336,0.0,0.0,0.0,Bad_L0_Bad_L1,0.0
Bad_L0_Bad_L1 (rho=0.0),Height,0,20%,25,3,25C x 3K,50%,19,2,19C x 2K,36.666666666666664,0.0,0.0,0.0,43.733333333333334,0.0,0.0,0.0,36.666666666666664,0.0,0.0,0.0,Bad_L0_Bad_L1,0.0
Bad_L0_Bad_L1 (rho=0.0),Height,0,20%,25,3,25C x 3K,60%,15,3,15C x 3K,40.0,0.0,0.0,0.0,43.733333333333334,0.0,0.0,0.0,40.0,0.0,0.0,0.0,Bad_L0_Bad_L1,0.0
Bad_L0_Bad_L1 (rho=0.0),Height,0,20%,25,3,25C x 3K,60%,22,2,22C x 2K,50.0,0.0,0.0,0.0,43.733333333333334,0.0,0.0,0.0,50.0,0.0,0.0,0.0,Bad_L0_Bad_L1,0.0
Bad_L0_Bad_L1 (rho=0.0),Height,0,20%,25,3,25C x 3K,70%,17,3,17C x 3K,13.333333333333334,0.0,0.0,0.0,15.866666666666667,0.0,0.0,0.0,13.333333333333334,0.0,0.0,0.0,Bad_L0_Bad_L1,0.0
Bad_L0_Bad_L1 (rho=0.0),Height,0,20%,25,3,25C x 3K,80%,20,3,20C x 3K,16.666666666666664,0.0,0.0,0.0,15.866666666666667,0.0,0.0,0.0,16.666666666666664,0.0,0.0,0.0,Bad_L0_Bad_L1,0.0
Bad_L0_Bad_L1 (rho=0.0),Height,0,20%,25,3,25C x 3K,90%,23,3,23C x 3K,23.333333333333332,0.0,0.0,0.0,15.866666666666667,0.0,0.0,0.0,23.333333333333332,0.0,0.0,0.0,Bad_L0_Bad_L1,0.0
Bad_L0_Bad_L1 (rho=0.0),Height,0,20%,25,3,25C x 3K,100%,25,3,25C x 3K,16.666666666666664,0.0,0.0,0.0,15.866666666666667,0.0,0.0,0.0,16.666666666666664,0.0,0.0,0.0,Bad_L0_Bad_L1,0.0
Bad_L0_Bad_L1 (rho=0.0),Height,0,20%,5,15,5C x 15K,10%,1,8,1C x 8K,36.666666666666664,0.0,0.0,0.0,70.66666666666667,0.0,0.0,0.0,36.666666666666664,0.0,0.0,0.0,Bad_L0_Bad_L1,0.0
Bad_L0_Bad_L1 (rho=0.0),Height,0,20%,5,15,5C x 15K,10%,3,3,3C x 3K,43.333333333333336,0.0,0.0,0.0,70.66666666666667,0.0,0.0,0.0,43.333333333333336,0.0,0.0,0.0,Bad_L0_Bad_L1,0.0
Bad_L0_Bad_L1 (rho=0.0),Height,0,20%,5,15,5C x 15K,20%,1,15,1C x 15K,33.33333333333333,0.0,0.0,0.0,70.66666666666667,0.0,0.0,0.0,33.33333333333333,0.0,0.0,0.0,Bad_L0_Bad_L1,0.0
Bad_L0_Bad_L1 (rho=0.0),Height,0,20%,5,15,5C x 15K,20%,5,3,5C x 3K,50.0,0.0,0.0,0.0,70.66666666666667,0.0,0.0,0.0,50.0,0.0,0.0,0.0,Bad_L0_Bad_L1,0.0
Bad_L0_Bad_L1 (rho=0.0),Height,0,20%,5,15,5C x 15K,30%,1,15,1C x 15K,33.33333333333333,0.0,0.0,0.0,70.66666666666667,0.0,0.0,0.0,33.33333333333333,0.0,0.0,0.0,Bad_L0_Bad_L1,0.0
Bad_L0_Bad_L1 (rho=0.0),Height,0,20%,5,15,5C x 15K,30%,3,8,3C x 8K,43.333333333333336,0.0,0.0,0.0,70.66666666666667,0.0,0.0,0.0,43.333333333333336,0.0,0.0,0.0,Bad_L0_Bad_L1,0.0
Bad_L0_Bad_L1 (rho=0.0),Height,0,20%,5,15,5C x 15K,40%,2,15,2C x 15K,43.333333333333336,0.0,0.0,0.0,70.66666666666667,0.0,0.0,0.0,43.333333333333336,0.0,0.0,0.0,Bad_L0_Bad_L1,0.0
Bad_L0_Bad_L1 (rho=0.0),Height,0,20%,5,15,5C x 15K,40%,5,6,5C x 6K,46.666666666666664,0.0,0.0,0.0,70.66666666666667,0.0,0.0,0.0,46.666666666666664,0.0,0.0,0.0,Bad_L0_Bad_L1,0.0
Bad_L0_Bad_L1 (rho=0.0),Height,0,20%,5,15,5C x 15K,50%,3,15,3C x 15K,46.666666666666664,0.0,0.0,0.0,70.66666666666667,0.0,0.0,0.0,46.666666666666664,0.0,0.0,0.0,Bad_L0_Bad_L1,0.0
Bad_L0_Bad_L1 (rho=0.0),Height,0,20%,5,15,5C x 15K,50%,5,7,5C x 7K,40.0,0.0,0.0,0.0,70.66666666666667,0.0,0.0,0.0,40.0,0.0,0.0,0.0,Bad_L0_Bad_L1,0.0
Bad_L0_Bad_L1 (rho=0.0),Height,0,20%,5,15,5C x 15K,60%,3,15,3C x 15K,46.666666666666664,0.0,0.0,0.0,70.66666666666667,0.0,0.0,0.0,46.666666666666664,0.0,0.0,0.0,Bad_L0_Bad_L1,0.0
Bad_L0_Bad_L1 (rho=0.0),Height,0,20%,5,15,5C x 15K,60%,5,9,5C x 9K,46.666666666666664,0.0,0.0,0.0,70.66666666666667,0.0,0.0,0.0,46.666666666666664,0.0,0.0,0.0,Bad_L0_Bad_L1,0.0
Bad_L0_Bad_L1 (rho=0.0),Height,0,20%,5,15,5C x 15K,70%,3,15,3C x 15K,46.666666666666664,0.0,0.0,0.0,70.66666666666667,0.0,0.0,0.0,46.666666666666664,0.0,0.0,0.0,Bad_L0_Bad_L1,0.0
Bad_L0_Bad_L1 (rho=0.0),Height,0,20%,5,15,5C x 15K,70%,5,10,5C x 10K,46.666666666666664,0.0,0.0,0.0,70.66666666666667,0.0,0.0,0.0,46.666666666666664,0.0,0.0,0.0,Bad_L0_Bad_L1,0.0
Bad_L0_Bad_L1 (rho=0.0),Height,0,20%,5,15,5C x 15K,80%,4,15,4C x 15K,43.333333333333336,0.0,0.0,0.0,70.66666666666667,0.0,0.0,0.0,43.333333333333336,0.0,0.0,0.0,Bad_L0_Bad_L1,0.0
Bad_L0_Bad_L1 (rho=0.0),Height,0,20%,5,15,5C x 15K,80%,5,12,5C x 12K,50.0,0.0,0.0,0.0,70.66666666666667,0.0,0.0,0.0,50.0,0.0,0.0,0.0,Bad_L0_Bad_L1,0.0
Bad_L0_Bad_L1 (rho=0.0),Height,0,20%,5,15,5C x 15K,90%,5,13,5C x 13K,46.666666666666664,0.0,0.0,0.0,70.66666666666667,0.0,0.0,0.0,46.666666666666664,0.0,0.0,0.0,Bad_L0_Bad_L1,0.0
Bad_L0_Bad_L1 (rho=0.0),Height,0,20%,5,15,5C x 15K,90%,5,15,5C x 15K,46.666666666666664,0.0,0.0,0.0,70.66666666666667,0.0,0.0,0.0,46.666666666666664,0.0,0.0,0.0,Bad_L0_Bad_L1,0.0
Bad_L0_Bad_L1 (rho=0.0),Height,0,20%,5,15,5C x 15K,100%,5,15,5C x 15K,20.0,0.0,0.0,0.0,30.666666666666664,0.0,0.0,0.0,20.0,0.0,0.0,0.0,Bad_L0_Bad_L1,0.0
Bad_L0_Bad_L1 (rho=0.0),Height,0,30%,14,8,14C x 8K,10%,11,1,11C x 1K,46.666666666666664,0.0,0.0,0.0,55.00000000000001,0.0,0.0,0.0,46.666666666666664,0.0,0.0,0.0,Bad_L0_Bad_L1,0.0
Bad_L0_Bad_L1 (rho=0.0),Height,0,30%,14,8,14C x 8K,10%,1,8,1C x 8K,43.333333333333336,0.0,0.0,0.0,55.00000000000001,0.0,0.0,0.0,43.333333333333336,0.0,0.0,0.0,Bad_L0_Bad_L1,0.0
Bad_L0_Bad_L1 (rho=0.0),Height,0,30%,14,8,14C x 8K,20%,3,8,3C x 8K,50.0,0.0,0.0,0.0,55.00000000000001,0.0,0.0,0.0,50.0,0.0,0.0,0.0,Bad_L0_Bad_L1,0.0
Bad_L0_Bad_L1 (rho=0.0),Height,0,30%,14,8,14C x 8K,20%,7,3,7C x 3K,53.333333333333336,0.0,0.0,0.0,55.00000000000001,0.0,0.0,0.0,53.333333333333336,0.0,0.0,0.0,Bad_L0_Bad_L1,0.0
Bad_L0_Bad_L1 (rho=0.0),Height,0,30%,14,8,14C x 8K,30%,4,8,4C x 8K,56.666666666666664,0.0,0.0,0.0,55.00000000000001,0.0,0.0,0.0,56.666666666666664,0.0,0.0,0.0,Bad_L0_Bad_L1,0.0
Bad_L0_Bad_L1 (rho=0.0),Height,0,30%,14,8,14C x 8K,30%,8,4,8C x 4K,53.333333333333336,0.0,0.0,0.0,55.00000000000001,0.0,0.0,0.0,53.333333333333336,0.0,0.0,0.0,Bad_L0_Bad_L1,0.0
Bad_L0_Bad_L1 (rho=0.0),Height,0,30%,14,8,14C x 8K,40%,6,8,6C x 8K,63.33333333333333,0.0,0.0,0.0,55.00000000000001,0.0,0.0,0.0,63.33333333333333,0.0,0.0,0.0,Bad_L0_Bad_L1,0.0
Bad_L0_Bad_L1 (rho=0.0),Height,0,30%,14,8,14C x 8K,40%,9,5,9C x 5K,56.666666666666664,0.0,0.0,0.0,55.00000000000001,0.0,0.0,0.0,56.666666666666664,0.0,0.0,0.0,Bad_L0_Bad_L1,0.0
Bad_L0_Bad_L1 (rho=0.0),Height,0,30%,14,8,14C x 8K,50%,14,4,14C x 4K,60.0,0.0,0.0,0.0,55.00000000000001,0.0,0.0,0.0,60.0,0.0,0.0,0.0,Bad_L0_Bad_L1,0.0
Bad_L0_Bad_L1 (rho=0.0),Height,0,30%,14,8,14C x 8K,50%,7,8,7C x 8K,63.33333333333333,0.0,0.0,0.0,55.00000000000001,0.0,0.0,0.0,63.33333333333333,0.0,0.0,0.0,Bad_L0_Bad_L1,0.0
Bad_L0_Bad_L1 (rho=0.0),Height,0,30%,14,8,14C x 8K,60%,13,5,13C x 5K,53.333333333333336,0.0,0.0,0.0,55.00000000000001,0.0,0.0,0.0,53.333333333333336,0.0,0.0,0.0,Bad_L0_Bad_L1,0.0
Bad_L0_Bad_L1 (rho=0.0),Height,0,30%,14,8,14C x 8K,60%,8,8,8C x 8K,60.0,0.0,0.0,0.0,55.00000000000001,0.0,0.0,0.0,60.0,0.0,0.0,0.0,Bad_L0_Bad_L1,0.0
Bad_L0_Bad_L1 (rho=0.0),Height,0,30%,14,8,14C x 8K,70%,10,8,10C x 8K,60.0,0.0,0.0,0.0,55.00000000000001,0.0,0.0,0.0,60.0,0.0,0.0,0.0,Bad_L0_Bad_L1,0.0
Bad_L0_Bad_L1 (rho=0.0),Height,0,30%,14,8,14C x 8K,70%,13,6,13C x 6K,50.0,0.0,0.0,0.0,55.00000000000001,0.0,0.0,0.0,50.0,0.0,0.0,0.0,Bad_L0_Bad_L1,0.0
Bad_L0_Bad_L1 (rho=0.0),Height,0,30%,14,8,14C x 8K,80%,11,8,11C x 8K,56.666666666666664,0.0,0.0,0.0,55.00000000000001,0.0,0.0,0.0,56.666666666666664,0.0,0.0,0.0,Bad_L0_Bad_L1,0.0
Bad_L0_Bad_L1 (rho=0.0),Height,0,30%,14,8,14C x 8K,80%,13,7,13C x 7K,53.333333333333336,0.0,0.0,0.0,55.00000000000001,0.0,0.0,0.0,53.333333333333336,0.0,0.0,0.0,Bad_L0_Bad_L1,0.0
Bad_L0_Bad_L1 (rho=0.0),Height,0,30%,14,8,14C x 8K,90%,13,8,13C x 8K,56.666666666666664,0.0,0.0,0.0,55.00000000000001,0.0,0.0,0.0,56.666666666666664,0.0,0.0,0.0,Bad_L0_Bad_L1,0.0
Bad_L0_Bad_L1 (rho=0.0),Height,0,30%,14,8,14C x 8K,90%,14,7,14C x 7K,56.666666666666664,0.0,0.0,0.0,55.00000000000001,0.0,0.0,0.0,56.666666666666664,0.0,0.0,0.0,Bad_L0_Bad_L1,0.0
Bad_L0_Bad_L1 (rho=0.0),Height,0,30%,14,8,14C x 8K,100%,14,8,14C x 8K,30.0,0.0,0.0,0.0,22.857142857142858,0.0,0.0,0.0,30.0,0.0,0.0,0.0,Bad_L0_Bad_L1,0.0
Bad_L0_Bad_L1 (rho=0.0),Height,0,30%,7,15,7C x 15K,10%,1,10,1C x 10K,33.33333333333333,0.0,0.0,0.0,67.61904761904762,0.0,0.0,0.0,33.33333333333333,0.0,0.0,0.0,Bad_L0_Bad_L1,0.0
Bad_L0_Bad_L1 (rho=0.0),Height,0,30%,7,15,7C x 15K,10%,2,4,2C x 4K,40.0,0.0,0.0,0.0,67.61904761904762,0.0,0.0,0.0,40.0,0.0,0.0,0.0,Bad_L0_Bad_L1,0.0
Bad_L0_Bad_L1 (rho=0.0),Height,0,30%,7,15,7C x 15K,20%,1,15,1C x 15K,36.666666666666664,0.0,0.0,0.0,67.61904761904762,0.0,0.0,0.0,36.666666666666664,0.0,0.0,0.0,Bad_L0_Bad_L1,0.0
Bad_L0_Bad_L1 (rho=0.0),Height,0,30%,7,15,7C x 15K,20%,7,3,7C x 3K,36.666666666666664,0.0,0.0,0.0,67.61904761904762,0.0,0.0,0.0,36.666666666666664,0.0,0.0,0.0,Bad_L0_Bad_L1,0.0
Bad_L0_Bad_L1 (rho=0.0),Height,0,30%,7,15,7C x 15K,30%,2,15,2C x 15K,43.333333333333336,0.0,0.0,0.0,67.61904761904762,0.0,0.0,0.0,43.333333333333336,0.0,0.0,0.0,Bad_L0_Bad_L1,0.0
Bad_L0_Bad_L1 (rho=0.0),Height,0,30%,7,15,7C x 15K,30%,4,8,4C x 8K,50.0,0.0,0.0,0.0,67.61904761904762,0.0,0.0,0.0,50.0,0.0,0.0,0.0,Bad_L0_Bad_L1,0.0
Bad_L0_Bad_L1 (rho=0.0),Height,0,30%,7,15,7C x 15K,40%,3,15,3C x 15K,43.333333333333336,0.0,0.0,0.0,67.61904761904762,0.0,0.0,0.0,43.333333333333336,0.0,0.0,0.0,Bad_L0_Bad_L1,0.0
Bad_L0_Bad_L1 (rho=0.0),Height,0,30%,7,15,7C x 15K,40%,7,6,7C x 6K,46.666666666666664,0.0,0.0,0.0,67.61904761904762,0.0,0.0,0.0,46.666666666666664,0.0,0.0,0.0,Bad_L0_Bad_L1,0.0
Bad_L0_Bad_L1 (rho=0.0),Height,0,30%,7,15,7C x 15K,50%,3,15,3C x 15K,43.333333333333336,0.0,0.0,0.0,67.61904761904762,0.0,0.0,0.0,43.333333333333336,0.0,0.0,0.0,Bad_L0_Bad_L1,0.0
Bad_L0_Bad_L1 (rho=0.0),Height,0,30%,7,15,7C x 15K,50%,7,7,7C x 7K,50.0,0.0,0.0,0.0,67.61904761904762,0.0,0.0,0.0,50.0,0.0,0.0,0.0,Bad_L0_Bad_L1,0.0
Bad_L0_Bad_L1 (rho=0.0),Height,0,30%,7,15,7C x 15K,60%,4,15,4C x 15K,53.333333333333336,0.0,0.0,0.0,67.61904761904762,0.0,0.0,0.0,53.333333333333336,0.0,0.0,0.0,Bad_L0_Bad_L1,0.0
Bad_L0_Bad_L1 (rho=0.0),Height,0,30%,7,15,7C x 15K,60%,7,9,7C x 9K,50.0,0.0,0.0,0.0,67.61904761904762,0.0,0.0,0.0,50.0,0.0,0.0,0.0,Bad_L0_Bad_L1,0.0
Bad_L0_Bad_L1 (rho=0.0),Height,0,30%,7,15,7C x 15K,70%,5,15,5C x 15K,53.333333333333336,0.0,0.0,0.0,67.61904761904762,0.0,0.0,0.0,53.333333333333336,0.0,0.0,0.0,Bad_L0_Bad_L1,0.0
Bad_L0_Bad_L1 (rho=0.0),Height,0,30%,7,15,7C x 15K,70%,7,10,7C x 10K,56.666666666666664,0.0,0.0,0.0,67.61904761904762,0.0,0.0,0.0,56.666666666666664,0.0,0.0,0.0,Bad_L0_Bad_L1,0.0
Bad_L0_Bad_L1 (rho=0.0),Height,0,30%,7,15,7C x 15K,80%,6,15,6C x 15K,56.666666666666664,0.0,0.0,0.0,67.61904761904762,0.0,0.0,0.0,56.666666666666664,0.0,0.0,0.0,Bad_L0_Bad_L1,0.0
Bad_L0_Bad_L1 (rho=0.0),Height,0,30%,7,15,7C x 15K,80%,7,12,7C x 12K,56.666666666666664,0.0,0.0,0.0,67.61904761904762,0.0,0.0,0.0,56.666666666666664,0.0,0.0,0.0,Bad_L0_Bad_L1,0.0
Bad_L0_Bad_L1 (rho=0.0),Height,0,30%,7,15,7C x 15K,90%,6,15,6C x 15K,56.666666666666664,0.0,0.0,0.0,67.61904761904762,0.0,0.0,0.0,56.666666666666664,0.0,0.0,0.0,Bad_L0_Bad_L1,0.0
Bad_L0_Bad_L1 (rho=0.0),Height,0,30%,7,15,7C x 15K,90%,7,13,7C x 13K,60.0,0.0,0.0,0.0,67.61904761904762,0.0,0.0,0.0,60.0,0.0,0.0,0.0,Bad_L0_Bad_L1,0.0
Bad_L0_Bad_L1 (rho=0.0),Height,0,30%,7,15,7C x 15K,100%,7,15,7C x 15K,26.666666666666668,0.0,0.0,0.0,30.0,0.0,0.0,0.0,26.666666666666668,0.0,0.0,0.0,Bad_L0_Bad_L1,0.0
Bad_L0_Bad_L1 (rho=0.0),Height,0,40%,10,15,10C x 15K,10%,1,15,1C x 15K,40.0,0.0,0.0,0.0,67.66666666666666,0.0,0.0,0.0,40.0,0.0,0.0,0.0,Bad_L0_Bad_L1,0.0
Bad_L0_Bad_L1 (rho=0.0),Height,0,40%,10,15,10C x 15K,10%,2,6,2C x 6K,43.333333333333336,0.0,0.0,0.0,67.66666666666666,0.0,0.0,0.0,43.333333333333336,0.0,0.0,0.0,Bad_L0_Bad_L1,0.0
Bad_L0_Bad_L1 (rho=0.0),Height,0,40%,10,15,10C x 15K,20%,10,3,10C x 3K,56.666666666666664,0.0,0.0,0.0,67.66666666666666,0.0,0.0,0.0,56.666666666666664,0.0,0.0,0.0,Bad_L0_Bad_L1,0.0
Bad_L0_Bad_L1 (rho=0.0),Height,0,40%,10,15,10C x 15K,20%,2,15,2C x 15K,53.333333333333336,0.0,0.0,0.0,67.66666666666666,0.0,0.0,0.0,53.333333333333336,0.0,0.0,0.0,Bad_L0_Bad_L1,0.0
Bad_L0_Bad_L1 (rho=0.0),Height,0,40%,10,15,10C x 15K,30%,3,15,3C x 15K,46.666666666666664,0.0,0.0,0.0,67.66666666666666,0.0,0.0,0.0,46.666666666666664,0.0,0.0,0.0,Bad_L0_Bad_L1,0.0
Bad_L0_Bad_L1 (rho=0.0),Height,0,40%,10,15,10C x 15K,30%,6,8,6C x 8K,36.666666666666664,0.0,0.0,0.0,67.66666666666666,0.0,0.0,0.0,36.666666666666664,0.0,0.0,0.0,Bad_L0_Bad_L1,0.0
Bad_L0_Bad_L1 (rho=0.0),Height,0,40%,10,15,10C x 15K,40%,10,6,10C x 6K,60.0,0.0,0.0,0.0,67.66666666666666,0.0,0.0,0.0,60.0,0.0,0.0,0.0,Bad_L0_Bad_L1,0.0
Bad_L0_Bad_L1 (rho=0.0),Height,0,40%,10,15,10C x 15K,40%,4,15,4C x 15K,43.333333333333336,0.0,0.0,0.0,67.66666666666666,0.0,0.0,0.0,43.333333333333336,0.0,0.0,0.0,Bad_L0_Bad_L1,0.0
Bad_L0_Bad_L1 (rho=0.0),Height,0,40%,10,15,10C x 15K,50%,5,15,5C x 15K,46.666666666666664,0.0,0.0,0.0,67.66666666666666,0.0,0.0,0.0,46.666666666666664,0.0,0.0,0.0,Bad_L0_Bad_L1,0.0
Bad_L0_Bad_L1 (rho=0.0),Height,0,40%,10,15,10C x 15K,50%,8,10,8C x 10K,56.666666666666664,0.0,0.0,0.0,67.66666666666666,0.0,0.0,0.0,56.666666666666664,0.0,0.0,0.0,Bad_L0_Bad_L1,0.0
Bad_L0_Bad_L1 (rho=0.0),Height,0,40%,10,15,10C x 15K,60%,10,9,10C x 9K,70.0,0.0,0.0,0.0,67.66666666666666,0.0,0.0,0.0,70.0,0.0,0.0,0.0,Bad_L0_Bad_L1,0.0
Bad_L0_Bad_L1 (rho=0.0),Height,0,40%,10,15,10C x 15K,60%,6,15,6C x 15K,53.333333333333336,0.0,0.0,0.0,67.66666666666666,0.0,0.0,0.0,53.333333333333336,0.0,0.0,0.0,Bad_L0_Bad_L1,0.0
Bad_L0_Bad_L1 (rho=0.0),Height,0,40%,10,15,10C x 15K,70%,10,10,10C x 10K,70.0,0.0,0.0,0.0,67.66666666666666,0.0,0.0,0.0,70.0,0.0,0.0,0.0,Bad_L0_Bad_L1,0.0
Bad_L0_Bad_L1 (rho=0.0),Height,0,40%,10,15,10C x 15K,70%,7,15,7C x 15K,56.666666666666664,0.0,0.0,0.0,67.66666666666666,0.0,0.0,0.0,56.666666666666664,0.0,0.0,0.0,Bad_L0_Bad_L1,0.0
Bad_L0_Bad_L1 (rho=0.0),Height,0,40%,10,15,10C x 15K,80%,10,12,10C x 12K,66.66666666666666,0.0,0.0,0.0,67.66666666666666,0.0,0.0,0.0,66.66666666666666,0.0,0.0,0.0,Bad_L0_Bad_L1,0.0
Bad_L0_Bad_L1 (rho=0.0),Height,0,40%,10,15,10C x 15K,80%,8,15,8C x 15K,60.0,0.0,0.0,0.0,67.66666666666666,0.0,0.0,0.0,60.0,0.0,0.0,0.0,Bad_L0_Bad_L1,0.0
Bad_L0_Bad_L1 (rho=0.0),Height,0,40%,10,15,10C x 15K,90%,10,13,10C x 13K,66.66666666666666,0.0,0.0,0.0,67.66666666666666,0.0,0.0,0.0,66.66666666666666,0.0,0.0,0.0,Bad_L0_Bad_L1,0.0
Bad_L0_Bad_L1 (rho=0.0),Height,0,40%,10,15,10C x 15K,90%,9,15,9C x 15K,63.33333333333333,0.0,0.0,0.0,67.66666666666666,0.0,0.0,0.0,63.33333333333333,0.0,0.0,0.0,Bad_L0_Bad_L1,0.0
Bad_L0_Bad_L1 (rho=0.0),Height,0,40%,10,15,10C x 15K,100%,10,15,10C x 15K,36.666666666666664,0.0,0.0,0.0,29.666666666666668,0.0,0.0,0.0,36.666666666666664,0.0,0.0,0.0,Bad_L0_Bad_L1,0.0
Bad_L0_Bad_L1 (rho=0.0),Height,0,40%,25,6,25C x 6K,10%,15,1,15C x 1K,33.33333333333333,0.0,0.0,0.0,52.666666666666664,0.0,0.0,0.0,33.33333333333333,0.0,0.0,0.0,Bad_L0_Bad_L1,0.0
Bad_L0_Bad_L1 (rho=0.0),Height,0,40%,25,6,25C x 6K,10%,2,6,2C x 6K,43.333333333333336,0.0,0.0,0.0,52.666666666666664,0.0,0.0,0.0,43.333333333333336,0.0,0.0,0.0,Bad_L0_Bad_L1,0.0
Bad_L0_Bad_L1 (rho=0.0),Height,0,40%,25,6,25C x 6K,20%,10,3,10C x 3K,46.666666666666664,0.0,0.0,0.0,52.666666666666664,0.0,0.0,0.0,46.666666666666664,0.0,0.0,0.0,Bad_L0_Bad_L1,0.0
Bad_L0_Bad_L1 (rho=0.0),Height,0,40%,25,6,25C x 6K,20%,5,6,5C x 6K,43.333333333333336,0.0,0.0,0.0,52.666666666666664,0.0,0.0,0.0,43.333333333333336,0.0,0.0,0.0,Bad_L0_Bad_L1,0.0
Bad_L0_Bad_L1 (rho=0.0),Height,0,40%,25,6,25C x 6K,30%,15,3,15C x 3K,40.0,0.0,0.0,0.0,52.666666666666664,0.0,0.0,0.0,40.0,0.0,0.0,0.0,Bad_L0_Bad_L1,0.0
Bad_L0_Bad_L1 (rho=0.0),Height,0,40%,25,6,25C x 6K,30%,8,6,8C x 6K,46.666666666666664,0.0,0.0,0.0,52.666666666666664,0.0,0.0,0.0,46.666666666666664,0.0,0.0,0.0,Bad_L0_Bad_L1,0.0
Bad_L0_Bad_L1 (rho=0.0),Height,0,40%,25,6,25C x 6K,40%,10,6,10C x 6K,53.333333333333336,0.0,0.0,0.0,52.666666666666664,0.0,0.0,0.0,53.333333333333336,0.0,0.0,0.0,Bad_L0_Bad_L1,0.0
Bad_L0_Bad_L1 (rho=0.0),Height,0,40%,25,6,25C x 6K,40%,20,3,20C x 3K,46.666666666666664,0.0,0.0,0.0,52.666666666666664,0.0,0.0,0.0,46.666666666666664,0.0,0.0,0.0,Bad_L0_Bad_L1,0.0
Bad_L0_Bad_L1 (rho=0.0),Height,0,40%,25,6,25C x 6K,50%,12,6,12C x 6K,53.333333333333336,0.0,0.0,0.0,52.666666666666664,0.0,0.0,0.0,53.333333333333336,0.0,0.0,0.0,Bad_L0_Bad_L1,0.0
Bad_L0_Bad_L1 (rho=0.0),Height,0,40%,25,6,25C x 6K,50%,25,3,25C x 3K,50.0,0.0,0.0,0.0,52.666666666666664,0.0,0.0,0.0,50.0,0.0,0.0,0.0,Bad_L0_Bad_L1,0.0
Bad_L0_Bad_L1 (rho=0.0),Height,0,40%,25,6,25C x 6K,60%,15,6,15C x 6K,56.666666666666664,0.0,0.0,0.0,52.666666666666664,0.0,0.0,0.0,56.666666666666664,0.0,0.0,0.0,Bad_L0_Bad_L1,0.0
Bad_L0_Bad_L1 (rho=0.0),Height,0,40%,25,6,25C x 6K,60%,22,4,22C x 4K,63.33333333333333,0.0,0.0,0.0,52.666666666666664,0.0,0.0,0.0,63.33333333333333,0.0,0.0,0.0,Bad_L0_Bad_L1,0.0
Bad_L0_Bad_L1 (rho=0.0),Height,0,40%,25,6,25C x 6K,70%,18,6,18C x 6K,46.666666666666664,0.0,0.0,0.0,52.666666666666664,0.0,0.0,0.0,46.666666666666664,0.0,0.0,0.0,Bad_L0_Bad_L1,0.0
Bad_L0_Bad_L1 (rho=0.0),Height,0,40%,25,6,25C x 6K,70%,21,5,21C x 5K,53.333333333333336,0.0,0.0,0.0,52.666666666666664,0.0,0.0,0.0,53.333333333333336,0.0,0.0,0.0,Bad_L0_Bad_L1,0.0
Bad_L0_Bad_L1 (rho=0.0),Height,0,40%,25,6,25C x 6K,80%,20,6,20C x 6K,60.0,0.0,0.0,0.0,52.666666666666664,0.0,0.0,0.0,60.0,0.0,0.0,0.0,Bad_L0_Bad_L1,0.0
Bad_L0_Bad_L1 (rho=0.0),Height,0,40%,25,6,25C x 6K,80%,24,5,24C x 5K,56.666666666666664,0.0,0.0,0.0,52.666666666666664,0.0,0.0,0.0,56.666666666666664,0.0,0.0,0.0,Bad_L0_Bad_L1,0.0
Bad_L0_Bad_L1 (rho=0.0),Height,0,40%,25,6,25C x 6K,90%,22,6,22C x 6K,23.333333333333332,0.0,0.0,0.0,19.866666666666667,0.0,0.0,0.0,23.333333333333332,0.0,0.0,0.0,Bad_L0_Bad_L1,0.0
Bad_L0_Bad_L1 (rho=0.0),Height,0,40%,25,6,25C x 6K,100%,25,6,25C x 6K,26.666666666666668,0.0,0.0,0.0,19.866666666666667,0.0,0.0,0.0,26.666666666666668,0.0,0.0,0.0,Bad_L0_Bad_L1,0.0
Bad_L0_Bad_L1 (rho=0.0),Height,0,50%,13,15,13C x 15K,10%,1,15,1C x 15K,46.666666666666664,0.0,0.0,0.0,67.94871794871796,0.0,0.0,0.0,46.666666666666664,0.0,0.0,0.0,Bad_L0_Bad_L1,0.0
Bad_L0_Bad_L1 (rho=0.0),Height,0,50%,13,15,13C x 15K,10%,3,6,3C x 6K,53.333333333333336,0.0,0.0,0.0,67.94871794871796,0.0,0.0,0.0,53.333333333333336,0.0,0.0,0.0,Bad_L0_Bad_L1,0.0
Bad_L0_Bad_L1 (rho=0.0),Height,0,50%,13,15,13C x 15K,20%,13,3,13C x 3K,56.666666666666664,0.0,0.0,0.0,67.94871794871796,0.0,0.0,0.0,56.666666666666664,0.0,0.0,0.0,Bad_L0_Bad_L1,0.0
Bad_L0_Bad_L1 (rho=0.0),Height,0,50%,13,15,13C x 15K,20%,3,15,3C x 15K,50.0,0.0,0.0,0.0,67.94871794871796,0.0,0.0,0.0,50.0,0.0,0.0,0.0,Bad_L0_Bad_L1,0.0
Bad_L0_Bad_L1 (rho=0.0),Height,0,50%,13,15,13C x 15K,30%,4,15,4C x 15K,43.333333333333336,0.0,0.0,0.0,67.94871794871796,0.0,0.0,0.0,43.333333333333336,0.0,0.0,0.0,Bad_L0_Bad_L1,0.0
Bad_L0_Bad_L1 (rho=0.0),Height,0,50%,13,15,13C x 15K,30%,7,8,7C x 8K,56.666666666666664,0.0,0.0,0.0,67.94871794871796,0.0,0.0,0.0,56.666666666666664,0.0,0.0,0.0,Bad_L0_Bad_L1,0.0
Bad_L0_Bad_L1 (rho=0.0),Height,0,50%,13,15,13C x 15K,40%,13,6,13C x 6K,66.66666666666666,0.0,0.0,0.0,67.94871794871796,0.0,0.0,0.0,66.66666666666666,0.0,0.0,0.0,Bad_L0_Bad_L1,0.0
Bad_L0_Bad_L1 (rho=0.0),Height,0,50%,13,15,13C x 15K,40%,5,15,5C x 15K,53.333333333333336,0.0,0.0,0.0,67.94871794871796,0.0,0.0,0.0,53.333333333333336,0.0,0.0,0.0,Bad_L0_Bad_L1,0.0
Bad_L0_Bad_L1 (rho=0.0),Height,0,50%,13,15,13C x 15K,50%,10,10,10C x 10K,66.66666666666666,0.0,0.0,0.0,67.94871794871796,0.0,0.0,0.0,66.66666666666666,0.0,0.0,0.0,Bad_L0_Bad_L1,0.0
Bad_L0_Bad_L1 (rho=0.0),Height,0,50%,13,15,13C x 15K,50%,7,15,7C x 15K,66.66666666666666,0.0,0.0,0.0,67.94871794871796,0.0,0.0,0.0,66.66666666666666,0.0,0.0,0.0,Bad_L0_Bad_L1,0.0
Bad_L0_Bad_L1 (rho=0.0),Height,0,50%,13,15,13C x 15K,60%,13,9,13C x 9K,60.0,0.0,0.0,0.0,67.94871794871796,0.0,0.0,0.0,60.0,0.0,0.0,0.0,Bad_L0_Bad_L1,0.0
Bad_L0_Bad_L1 (rho=0.0),Height,0,50%,13,15,13C x 15K,60%,8,15,8C x 15K,66.66666666666666,0.0,0.0,0.0,67.94871794871796,0.0,0.0,0.0,66.66666666666666,0.0,0.0,0.0,Bad_L0_Bad_L1,0.0
Bad_L0_Bad_L1 (rho=0.0),Height,0,50%,13,15,13C x 15K,70%,11,12,11C x 12K,60.0,0.0,0.0,0.0,67.94871794871796,0.0,0.0,0.0,60.0,0.0,0.0,0.0,Bad_L0_Bad_L1,0.0
Bad_L0_Bad_L1 (rho=0.0),Height,0,50%,13,15,13C x 15K,70%,9,15,9C x 15K,66.66666666666666,0.0,0.0,0.0,67.94871794871796,0.0,0.0,0.0,66.66666666666666,0.0,0.0,0.0,Bad_L0_Bad_L1,0.0
Bad_L0_Bad_L1 (rho=0.0),Height,0,50%,13,15,13C x 15K,80%,10,15,10C x 15K,66.66666666666666,0.0,0.0,0.0,67.94871794871796,0.0,0.0,0.0,66.66666666666666,0.0,0.0,0.0,Bad_L0_Bad_L1,0.0
Bad_L0_Bad_L1 (rho=0.0),Height,0,50%,13,15,13C x 15K,80%,13,12,13C x 12K,63.33333333333333,0.0,0.0,0.0,67.94871794871796,0.0,0.0,0.0,63.33333333333333,0.0,0.0,0.0,Bad_L0_Bad_L1,0.0
Bad_L0_Bad_L1 (rho=0.0),Height,0,50%,13,15,13C x 15K,90%,12,15,12C x 15K,63.33333333333333,0.0,0.0,0.0,67.94871794871796,0.0,0.0,0.0,63.33333333333333,0.0,0.0,0.0,Bad_L0_Bad_L1,0.0
Bad_L0_Bad_L1 (rho=0.0),Height,0,50%,13,15,13C x 15K,90%,13,14,13C x 14K,63.33333333333333,0.0,0.0,0.0,67.94871794871796,0.0,0.0,0.0,63.33333333333333,0.0,0.0,0.0,Bad_L0_Bad_L1,0.0
Bad_L0_Bad_L1 (rho=0.0),Height,0,50%,13,15,13C x 15K,100%,13,15,13C x 15K,30.0,0.0,0.0,0.0,29.48717948717949,0.0,0.0,0.0,30.0,0.0,0.0,0.0,Bad_L0_Bad_L1,0.0
Bad_L0_Bad_L1 (rho=0.0),Height,0,50%,19,10,19C x 10K,10%,19,1,19C x 1K,40.0,0.0,0.0,0.0,59.82456140350877,0.0,0.0,0.0,40.0,0.0,0.0,0.0,Bad_L0_Bad_L1,0.0
Bad_L0_Bad_L1 (rho=0.0),Height,0,50%,19,10,19C x 10K,10%,2,10,2C x 10K,36.666666666666664,0.0,0.0,0.0,59.82456140350877,0.0,0.0,0.0,36.666666666666664,0.0,0.0,0.0,Bad_L0_Bad_L1,0.0
Bad_L0_Bad_L1 (rho=0.0),Height,0,50%,19,10,19C x 10K,20%,19,2,19C x 2K,53.333333333333336,0.0,0.0,0.0,59.82456140350877,0.0,0.0,0.0,53.333333333333336,0.0,0.0,0.0,Bad_L0_Bad_L1,0.0
Bad_L0_Bad_L1 (rho=0.0),Height,0,50%,19,10,19C x 10K,20%,4,10,4C x 10K,53.333333333333336,0.0,0.0,0.0,59.82456140350877,0.0,0.0,0.0,53.333333333333336,0.0,0.0,0.0,Bad_L0_Bad_L1,0.0
Bad_L0_Bad_L1 (rho=0.0),Height,0,50%,19,10,19C x 10K,30%,19,3,19C x 3K,43.333333333333336,0.0,0.0,0.0,59.82456140350877,0.0,0.0,0.0,43.333333333333336,0.0,0.0,0.0,Bad_L0_Bad_L1,0.0
Bad_L0_Bad_L1 (rho=0.0),Height,0,50%,19,10,19C x 10K,30%,6,10,6C x 10K,56.666666666666664,0.0,0.0,0.0,59.82456140350877,0.0,0.0,0.0,56.666666666666664,0.0,0.0,0.0,Bad_L0_Bad_L1,0.0
Bad_L0_Bad_L1 (rho=0.0),Height,0,50%,19,10,19C x 10K,40%,19,4,19C x 4K,56.666666666666664,0.0,0.0,0.0,59.82456140350877,0.0,0.0,0.0,56.666666666666664,0.0,0.0,0.0,Bad_L0_Bad_L1,0.0
Bad_L0_Bad_L1 (rho=0.0),Height,0,50%,19,10,19C x 10K,40%,8,10,8C x 10K,56.666666666666664,0.0,0.0,0.0,59.82456140350877,0.0,0.0,0.0,56.666666666666664,0.0,0.0,0.0,Bad_L0_Bad_L1,0.0
Bad_L0_Bad_L1 (rho=0.0),Height,0,50%,19,10,19C x 10K,50%,10,10,10C x 10K,56.666666666666664,0.0,0.0,0.0,59.82456140350877,0.0,0.0,0.0,56.666666666666664,0.0,0.0,0.0,Bad_L0_Bad_L1,0.0
Bad_L0_Bad_L1 (rho=0.0),Height,0,50%,19,10,19C x 10K,50%,19,5,19C x 5K,50.0,0.0,0.0,0.0,59.82456140350877,0.0,0.0,0.0,50.0,0.0,0.0,0.0,Bad_L0_Bad_L1,0.0
Bad_L0_Bad_L1 (rho=0.0),Height,0,50%,19,10,19C x 10K,60%,11,10,11C x 10K,63.33333333333333,0.0,0.0,0.0,59.82456140350877,0.0,0.0,0.0,63.33333333333333,0.0,0.0,0.0,Bad_L0_Bad_L1,0.0
Bad_L0_Bad_L1 (rho=0.0),Height,0,50%,19,10,19C x 10K,60%,19,6,19C x 6K,46.666666666666664,0.0,0.0,0.0,59.82456140350877,0.0,0.0,0.0,46.666666666666664,0.0,0.0,0.0,Bad_L0_Bad_L1,0.0
Bad_L0_Bad_L1 (rho=0.0),Height,0,50%,19,10,19C x 10K,70%,13,10,13C x 10K,63.33333333333333,0.0,0.0,0.0,59.82456140350877,0.0,0.0,0.0,63.33333333333333,0.0,0.0,0.0,Bad_L0_Bad_L1,0.0
Bad_L0_Bad_L1 (rho=0.0),Height,0,50%,19,10,19C x 10K,70%,19,7,19C x 7K,50.0,0.0,0.0,0.0,59.82456140350877,0.0,0.0,0.0,50.0,0.0,0.0,0.0,Bad_L0_Bad_L1,0.0
Bad_L0_Bad_L1 (rho=0.0),Height,0,50%,19,10,19C x 10K,80%,15,10,15C x 10K,63.33333333333333,0.0,0.0,0.0,59.82456140350877,0.0,0.0,0.0,63.33333333333333,0.0,0.0,0.0,Bad_L0_Bad_L1,0.0
Bad_L0_Bad_L1 (rho=0.0),Height,0,50%,19,10,19C x 10K,80%,19,8,19C x 8K,53.333333333333336,0.0,0.0,0.0,59.82456140350877,0.0,0.0,0.0,53.333333333333336,0.0,0.0,0.0,Bad_L0_Bad_L1,0.0
Bad_L0_Bad_L1 (rho=0.0),Height,0,50%,19,10,19C x 10K,90%,17,10,17C x 10K,66.66666666666666,0.0,0.0,0.0,59.82456140350877,0.0,0.0,0.0,66.66666666666666,0.0,0.0,0.0,Bad_L0_Bad_L1,0.0
Bad_L0_Bad_L1 (rho=0.0),Height,0,50%,19,10,19C x 10K,90%,19,9,19C x 9K,56.666666666666664,0.0,0.0,0.0,59.82456140350877,0.0,0.0,0.0,56.666666666666664,0.0,0.0,0.0,Bad_L0_Bad_L1,0.0
Bad_L0_Bad_L1 (rho=0.0),Height,0,50%,19,10,19C x 10K,100%,19,10,19C x 10K,23.333333333333332,0.0,0.0,0.0,24.210526315789473,0.0,0.0,0.0,23.333333333333332,0.0,0.0,0.0,Bad_L0_Bad_L1,0.0
Bad_L0_Bad_L1 (rho=0.0),Height,0,60%,15,15,15C x 15K,10%,1,15,1C x 15K,33.33333333333333,0.0,0.0,0.0,68.44444444444444,0.0,0.0,0.0,33.33333333333333,0.0,0.0,0.0,Bad_L0_Bad_L1,0.0
Bad_L0_Bad_L1 (rho=0.0),Height,0,60%,15,15,15C x 15K,10%,4,6,4C x 6K,33.33333333333333,0.0,0.0,0.0,68.44444444444444,0.0,0.0,0.0,33.33333333333333,0.0,0.0,0.0,Bad_L0_Bad_L1,0.0
Bad_L0_Bad_L1 (rho=0.0),Height,0,60%,15,15,15C x 15K,20%,15,3,15C x 3K,43.333333333333336,0.0,0.0,0.0,68.44444444444444,0.0,0.0,0.0,43.333333333333336,0.0,0.0,0.0,Bad_L0_Bad_L1,0.0
Bad_L0_Bad_L1 (rho=0.0),Height,0,60%,15,15,15C x 15K,20%,3,15,3C x 15K,43.333333333333336,0.0,0.0,0.0,68.44444444444444,0.0,0.0,0.0,43.333333333333336,0.0,0.0,0.0,Bad_L0_Bad_L1,0.0
Bad_L0_Bad_L1 (rho=0.0),Height,0,60%,15,15,15C x 15K,30%,5,15,5C x 15K,53.333333333333336,0.0,0.0,0.0,68.44444444444444,0.0,0.0,0.0,53.333333333333336,0.0,0.0,0.0,Bad_L0_Bad_L1,0.0
Bad_L0_Bad_L1 (rho=0.0),Height,0,60%,15,15,15C x 15K,30%,8,8,8C x 8K,50.0,0.0,0.0,0.0,68.44444444444444,0.0,0.0,0.0,50.0,0.0,0.0,0.0,Bad_L0_Bad_L1,0.0
Bad_L0_Bad_L1 (rho=0.0),Height,0,60%,15,15,15C x 15K,40%,15,6,15C x 6K,43.333333333333336,0.0,0.0,0.0,68.44444444444444,0.0,0.0,0.0,43.333333333333336,0.0,0.0,0.0,Bad_L0_Bad_L1,0.0
Bad_L0_Bad_L1 (rho=0.0),Height,0,60%,15,15,15C x 15K,40%,6,15,6C x 15K,50.0,0.0,0.0,0.0,68.44444444444444,0.0,0.0,0.0,50.0,0.0,0.0,0.0,Bad_L0_Bad_L1,0.0
Bad_L0_Bad_L1 (rho=0.0),Height,0,60%,15,15,15C x 15K,50%,11,10,11C x 10K,63.33333333333333,0.0,0.0,0.0,68.44444444444444,0.0,0.0,0.0,63.33333333333333,0.0,0.0,0.0,Bad_L0_Bad_L1,0.0
Bad_L0_Bad_L1 (rho=0.0),Height,0,60%,15,15,15C x 15K,50%,7,15,7C x 15K,66.66666666666666,0.0,0.0,0.0,68.44444444444444,0.0,0.0,0.0,66.66666666666666,0.0,0.0,0.0,Bad_L0_Bad_L1,0.0
Bad_L0_Bad_L1 (rho=0.0),Height,0,60%,15,15,15C x 15K,60%,15,9,15C x 9K,60.0,0.0,0.0,0.0,68.44444444444444,0.0,0.0,0.0,60.0,0.0,0.0,0.0,Bad_L0_Bad_L1,0.0
Bad_L0_Bad_L1 (rho=0.0),Height,0,60%,15,15,15C x 15K,60%,9,15,9C x 15K,66.66666666666666,0.0,0.0,0.0,68.44444444444444,0.0,0.0,0.0,66.66666666666666,0.0,0.0,0.0,Bad_L0_Bad_L1,0.0
Bad_L0_Bad_L1 (rho=0.0),Height,0,60%,15,15,15C x 15K,70%,11,15,11C x 15K,70.0,0.0,0.0,0.0,68.44444444444444,0.0,0.0,0.0,70.0,0.0,0.0,0.0,Bad_L0_Bad_L1,0.0
Bad_L0_Bad_L1 (rho=0.0),Height,0,60%,15,15,15C x 15K,70%,13,12,13C x 12K,70.0,0.0,0.0,0.0,68.44444444444444,0.0,0.0,0.0,70.0,0.0,0.0,0.0,Bad_L0_Bad_L1,0.0
Bad_L0_Bad_L1 (rho=0.0),Height,0,60%,15,15,15C x 15K,80%,12,15,12C x 15K,66.66666666666666,0.0,0.0,0.0,68.44444444444444,0.0,0.0,0.0,66.66666666666666,0.0,0.0,0.0,Bad_L0_Bad_L1,0.0
Bad_L0_Bad_L1 (rho=0.0),Height,0,60%,15,15,15C x 15K,80%,15,12,15C x 12K,53.333333333333336,0.0,0.0,0.0,68.44444444444444,0.0,0.0,0.0,53.333333333333336,0.0,0.0,0.0,Bad_L0_Bad_L1,0.0
Bad_L0_Bad_L1 (rho=0.0),Height,0,60%,15,15,15C x 15K,90%,13,15,13C x 15K,70.0,0.0,0.0,0.0,68.44444444444444,0.0,0.0,0.0,70.0,0.0,0.0,0.0,Bad_L0_Bad_L1,0.0
Bad_L0_Bad_L1 (rho=0.0),Height,0,60%,15,15,15C x 15K,90%,14,14,14C x 14K,70.0,0.0,0.0,0.0,68.44444444444444,0.0,0.0,0.0,70.0,0.0,0.0,0.0,Bad_L0_Bad_L1,0.0
Bad_L0_Bad_L1 (rho=0.0),Height,0,60%,15,15,15C x 15K,100%,15,15,15C x 15K,33.33333333333333,0.0,0.0,0.0,29.333333333333332,0.0,0.0,0.0,33.33333333333333,0.0,0.0,0.0,Bad_L0_Bad_L1,0.0
Bad_L0_Bad_L1 (rho=0.0),Height,0,60%,25,9,25C x 9K,10%,22,1,22C x 1K,53.333333333333336,0.0,0.0,0.0,58.4,0.0,0.0,0.0,53.333333333333336,0.0,0.0,0.0,Bad_L0_Bad_L1,0.0
Bad_L0_Bad_L1 (rho=0.0),Height,0,60%,25,9,25C x 9K,10%,2,9,2C x 9K,40.0,0.0,0.0,0.0,58.4,0.0,0.0,0.0,40.0,0.0,0.0,0.0,Bad_L0_Bad_L1,0.0
Bad_L0_Bad_L1 (rho=0.0),Height,0,60%,25,9,25C x 9K,20%,11,4,11C x 4K,50.0,0.0,0.0,0.0,58.4,0.0,0.0,0.0,50.0,0.0,0.0,0.0,Bad_L0_Bad_L1,0.0
Bad_L0_Bad_L1 (rho=0.0),Height,0,60%,25,9,25C x 9K,20%,5,9,5C x 9K,50.0,0.0,0.0,0.0,58.4,0.0,0.0,0.0,50.0,0.0,0.0,0.0,Bad_L0_Bad_L1,0.0
Bad_L0_Bad_L1 (rho=0.0),Height,0,60%,25,9,25C x 9K,30%,17,4,17C x 4K,50.0,0.0,0.0,0.0,58.4,0.0,0.0,0.0,50.0,0.0,0.0,0.0,Bad_L0_Bad_L1,0.0
Bad_L0_Bad_L1 (rho=0.0),Height,0,60%,25,9,25C x 9K,30%,8,9,8C x 9K,53.333333333333336,0.0,0.0,0.0,58.4,0.0,0.0,0.0,53.333333333333336,0.0,0.0,0.0,Bad_L0_Bad_L1,0.0
Bad_L0_Bad_L1 (rho=0.0),Height,0,60%,25,9,25C x 9K,40%,10,9,10C x 9K,60.0,0.0,0.0,0.0,58.4,0.0,0.0,0.0,60.0,0.0,0.0,0.0,Bad_L0_Bad_L1,0.0
Bad_L0_Bad_L1 (rho=0.0),Height,0,60%,25,9,25C x 9K,40%,18,5,18C x 5K,46.666666666666664,0.0,0.0,0.0,58.4,0.0,0.0,0.0,46.666666666666664,0.0,0.0,0.0,Bad_L0_Bad_L1,0.0
Bad_L0_Bad_L1 (rho=0.0),Height,0,60%,25,9,25C x 9K,50%,12,9,12C x 9K,56.666666666666664,0.0,0.0,0.0,58.4,0.0,0.0,0.0,56.666666666666664,0.0,0.0,0.0,Bad_L0_Bad_L1,0.0
Bad_L0_Bad_L1 (rho=0.0),Height,0,60%,25,9,25C x 9K,50%,19,6,19C x 6K,66.66666666666666,0.0,0.0,0.0,58.4,0.0,0.0,0.0,66.66666666666666,0.0,0.0,0.0,Bad_L0_Bad_L1,0.0
Bad_L0_Bad_L1 (rho=0.0),Height,0,60%,25,9,25C x 9K,60%,15,9,15C x 9K,63.33333333333333,0.0,0.0,0.0,58.4,0.0,0.0,0.0,63.33333333333333,0.0,0.0,0.0,Bad_L0_Bad_L1,0.0
Bad_L0_Bad_L1 (rho=0.0),Height,0,60%,25,9,25C x 9K,60%,22,6,22C x 6K,66.66666666666666,0.0,0.0,0.0,58.4,0.0,0.0,0.0,66.66666666666666,0.0,0.0,0.0,Bad_L0_Bad_L1,0.0
Bad_L0_Bad_L1 (rho=0.0),Height,0,60%,25,9,25C x 9K,70%,18,9,18C x 9K,73.33333333333333,0.0,0.0,0.0,58.4,0.0,0.0,0.0,73.33333333333333,0.0,0.0,0.0,Bad_L0_Bad_L1,0.0
Bad_L0_Bad_L1 (rho=0.0),Height,0,60%,25,9,25C x 9K,70%,23,7,23C x 7K,73.33333333333333,0.0,0.0,0.0,58.4,0.0,0.0,0.0,73.33333333333333,0.0,0.0,0.0,Bad_L0_Bad_L1,0.0
Bad_L0_Bad_L1 (rho=0.0),Height,0,60%,25,9,25C x 9K,80%,20,9,20C x 9K,76.66666666666667,0.0,0.0,0.0,58.4,0.0,0.0,0.0,76.66666666666667,0.0,0.0,0.0,Bad_L0_Bad_L1,0.0
Bad_L0_Bad_L1 (rho=0.0),Height,0,60%,25,9,25C x 9K,80%,22,8,22C x 8K,80.0,0.0,0.0,0.0,58.4,0.0,0.0,0.0,80.0,0.0,0.0,0.0,Bad_L0_Bad_L1,0.0
Bad_L0_Bad_L1 (rho=0.0),Height,0,60%,25,9,25C x 9K,90%,22,9,22C x 9K,80.0,0.0,0.0,0.0,58.4,0.0,0.0,0.0,80.0,0.0,0.0,0.0,Bad_L0_Bad_L1,0.0
Bad_L0_Bad_L1 (rho=0.0),Height,0,60%,25,9,25C x 9K,90%,25,8,25C x 8K,76.66666666666667,0.0,0.0,0.0,58.4,0.0,0.0,0.0,76.66666666666667,0.0,0.0,0.0,Bad_L0_Bad_L1,0.0
Bad_L0_Bad_L1 (rho=0.0),Height,0,60%,25,9,25C x 9K,100%,25,9,25C x 9K,33.33333333333333,0.0,0.0,0.0,24.4,0.0,0.0,0.0,33.33333333333333,0.0,0.0,0.0,Bad_L0_Bad_L1,0.0
Bad_L0_Bad_L1 (rho=0.0),Height,0,70%,17,15,17C x 15K,10%,2,15,2C x 15K,43.333333333333336,0.0,0.0,0.0,68.82352941176471,0.0,0.0,0.0,43.333333333333336,0.0,0.0,0.0,Bad_L0_Bad_L1,0.0
Bad_L0_Bad_L1 (rho=0.0),Height,0,70%,17,15,17C x 15K,10%,4,6,4C x 6K,36.666666666666664,0.0,0.0,0.0,68.82352941176471,0.0,0.0,0.0,36.666666666666664,0.0,0.0,0.0,Bad_L0_Bad_L1,0.0
Bad_L0_Bad_L1 (rho=0.0),Height,0,70%,17,15,17C x 15K,20%,17,3,17C x 3K,53.333333333333336,0.0,0.0,0.0,68.82352941176471,0.0,0.0,0.0,53.333333333333336,0.0,0.0,0.0,Bad_L0_Bad_L1,0.0
Bad_L0_Bad_L1 (rho=0.0),Height,0,70%,17,15,17C x 15K,20%,3,15,3C x 15K,60.0,0.0,0.0,0.0,68.82352941176471,0.0,0.0,0.0,60.0,0.0,0.0,0.0,Bad_L0_Bad_L1,0.0
Bad_L0_Bad_L1 (rho=0.0),Height,0,70%,17,15,17C x 15K,30%,10,8,10C x 8K,53.333333333333336,0.0,0.0,0.0,68.82352941176471,0.0,0.0,0.0,53.333333333333336,0.0,0.0,0.0,Bad_L0_Bad_L1,0.0
Bad_L0_Bad_L1 (rho=0.0),Height,0,70%,17,15,17C x 15K,30%,5,15,5C x 15K,60.0,0.0,0.0,0.0,68.82352941176471,0.0,0.0,0.0,60.0,0.0,0.0,0.0,Bad_L0_Bad_L1,0.0
Bad_L0_Bad_L1 (rho=0.0),Height,0,70%,17,15,17C x 15K,40%,17,6,17C x 6K,70.0,0.0,0.0,0.0,68.82352941176471,0.0,0.0,0.0,70.0,0.0,0.0,0.0,Bad_L0_Bad_L1,0.0
Bad_L0_Bad_L1 (rho=0.0),Height,0,70%,17,15,17C x 15K,40%,7,15,7C x 15K,63.33333333333333,0.0,0.0,0.0,68.82352941176471,0.0,0.0,0.0,63.33333333333333,0.0,0.0,0.0,Bad_L0_Bad_L1,0.0
Bad_L0_Bad_L1 (rho=0.0),Height,0,70%,17,15,17C x 15K,50%,13,10,13C x 10K,70.0,0.0,0.0,0.0,68.82352941176471,0.0,0.0,0.0,70.0,0.0,0.0,0.0,Bad_L0_Bad_L1,0.0
Bad_L0_Bad_L1 (rho=0.0),Height,0,70%,17,15,17C x 15K,50%,9,15,9C x 15K,63.33333333333333,0.0,0.0,0.0,68.82352941176471,0.0,0.0,0.0,63.33333333333333,0.0,0.0,0.0,Bad_L0_Bad_L1,0.0
Bad_L0_Bad_L1 (rho=0.0),Height,0,70%,17,15,17C x 15K,60%,10,15,10C x 15K,70.0,0.0,0.0,0.0,68.82352941176471,0.0,0.0,0.0,70.0,0.0,0.0,0.0,Bad_L0_Bad_L1,0.0
Bad_L0_Bad_L1 (rho=0.0),Height,0,70%,17,15,17C x 15K,60%,17,9,17C x 9K,73.33333333333333,0.0,0.0,0.0,68.82352941176471,0.0,0.0,0.0,73.33333333333333,0.0,0.0,0.0,Bad_L0_Bad_L1,0.0
Bad_L0_Bad_L1 (rho=0.0),Height,0,70%,17,15,17C x 15K,70%,12,15,12C x 15K,66.66666666666666,0.0,0.0,0.0,68.82352941176471,0.0,0.0,0.0,66.66666666666666,0.0,0.0,0.0,Bad_L0_Bad_L1,0.0
Bad_L0_Bad_L1 (rho=0.0),Height,0,70%,17,15,17C x 15K,70%,15,12,15C x 12K,73.33333333333333,0.0,0.0,0.0,68.82352941176471,0.0,0.0,0.0,73.33333333333333,0.0,0.0,0.0,Bad_L0_Bad_L1,0.0
Bad_L0_Bad_L1 (rho=0.0),Height,0,70%,17,15,17C x 15K,80%,14,15,14C x 15K,66.66666666666666,0.0,0.0,0.0,68.82352941176471,0.0,0.0,0.0,66.66666666666666,0.0,0.0,0.0,Bad_L0_Bad_L1,0.0
Bad_L0_Bad_L1 (rho=0.0),Height,0,70%,17,15,17C x 15K,80%,17,12,17C x 12K,70.0,0.0,0.0,0.0,68.82352941176471,0.0,0.0,0.0,70.0,0.0,0.0,0.0,Bad_L0_Bad_L1,0.0
Bad_L0_Bad_L1 (rho=0.0),Height,0,70%,17,15,17C x 15K,90%,15,15,15C x 15K,73.33333333333333,0.0,0.0,0.0,68.82352941176471,0.0,0.0,0.0,73.33333333333333,0.0,0.0,0.0,Bad_L0_Bad_L1,0.0
Bad_L0_Bad_L1 (rho=0.0),Height,0,70%,17,15,17C x 15K,90%,16,14,16C x 14K,76.66666666666667,0.0,0.0,0.0,68.82352941176471,0.0,0.0,0.0,76.66666666666667,0.0,0.0,0.0,Bad_L0_Bad_L1,0.0
Bad_L0_Bad_L1 (rho=0.0),Height,0,70%,17,15,17C x 15K,100%,17,15,17C x 15K,40.0,0.0,0.0,0.0,29.411764705882355,0.0,0.0,0.0,40.0,0.0,0.0,0.0,Bad_L0_Bad_L1,0.0
Bad_L0_Bad_L1 (rho=0.0),Height,0,70%,22,12,22C x 12K,10%,2,12,2C x 12K,40.0,0.0,0.0,0.0,63.787878787878796,0.0,0.0,0.0,40.0,0.0,0.0,0.0,Bad_L0_Bad_L1,0.0
Bad_L0_Bad_L1 (rho=0.0),Height,0,70%,22,12,22C x 12K,10%,5,5,5C x 5K,43.333333333333336,0.0,0.0,0.0,63.787878787878796,0.0,0.0,0.0,43.333333333333336,0.0,0.0,0.0,Bad_L0_Bad_L1,0.0
Bad_L0_Bad_L1 (rho=0.0),Height,0,70%,22,12,22C x 12K,20%,11,5,11C x 5K,46.666666666666664,0.0,0.0,0.0,63.787878787878796,0.0,0.0,0.0,46.666666666666664,0.0,0.0,0.0,Bad_L0_Bad_L1,0.0
Bad_L0_Bad_L1 (rho=0.0),Height,0,70%,22,12,22C x 12K,20%,4,12,4C x 12K,43.333333333333336,0.0,0.0,0.0,63.787878787878796,0.0,0.0,0.0,43.333333333333336,0.0,0.0,0.0,Bad_L0_Bad_L1,0.0
Bad_L0_Bad_L1 (rho=0.0),Height,0,70%,22,12,22C x 12K,30%,13,6,13C x 6K,60.0,0.0,0.0,0.0,63.787878787878796,0.0,0.0,0.0,60.0,0.0,0.0,0.0,Bad_L0_Bad_L1,0.0
Bad_L0_Bad_L1 (rho=0.0),Height,0,70%,22,12,22C x 12K,30%,7,12,7C x 12K,50.0,0.0,0.0,0.0,63.787878787878796,0.0,0.0,0.0,50.0,0.0,0.0,0.0,Bad_L0_Bad_L1,0.0
Bad_L0_Bad_L1 (rho=0.0),Height,0,70%,22,12,22C x 12K,40%,15,7,15C x 7K,63.33333333333333,0.0,0.0,0.0,63.787878787878796,0.0,0.0,0.0,63.33333333333333,0.0,0.0,0.0,Bad_L0_Bad_L1,0.0
Bad_L0_Bad_L1 (rho=0.0),Height,0,70%,22,12,22C x 12K,40%,9,12,9C x 12K,46.666666666666664,0.0,0.0,0.0,63.787878787878796,0.0,0.0,0.0,46.666666666666664,0.0,0.0,0.0,Bad_L0_Bad_L1,0.0
Bad_L0_Bad_L1 (rho=0.0),Height,0,70%,22,12,22C x 12K,50%,11,12,11C x 12K,53.333333333333336,0.0,0.0,0.0,63.787878787878796,0.0,0.0,0.0,53.333333333333336,0.0,0.0,0.0,Bad_L0_Bad_L1,0.0
Bad_L0_Bad_L1 (rho=0.0),Height,0,70%,22,12,22C x 12K,50%,22,6,22C x 6K,70.0,0.0,0.0,0.0,63.787878787878796,0.0,0.0,0.0,70.0,0.0,0.0,0.0,Bad_L0_Bad_L1,0.0
Bad_L0_Bad_L1 (rho=0.0),Height,0,70%,22,12,22C x 12K,60%,13,12,13C x 12K,60.0,0.0,0.0,0.0,63.787878787878796,0.0,0.0,0.0,60.0,0.0,0.0,0.0,Bad_L0_Bad_L1,0.0
Bad_L0_Bad_L1 (rho=0.0),Height,0,70%,22,12,22C x 12K,60%,18,9,18C x 9K,63.33333333333333,0.0,0.0,0.0,63.787878787878796,0.0,0.0,0.0,63.33333333333333,0.0,0.0,0.0,Bad_L0_Bad_L1,0.0
Bad_L0_Bad_L1 (rho=0.0),Height,0,70%,22,12,22C x 12K,70%,15,12,15C x 12K,66.66666666666666,0.0,0.0,0.0,63.787878787878796,0.0,0.0,0.0,66.66666666666666,0.0,0.0,0.0,Bad_L0_Bad_L1,0.0
Bad_L0_Bad_L1 (rho=0.0),Height,0,70%,22,12,22C x 12K,70%,21,9,21C x 9K,70.0,0.0,0.0,0.0,63.787878787878796,0.0,0.0,0.0,70.0,0.0,0.0,0.0,Bad_L0_Bad_L1,0.0
Bad_L0_Bad_L1 (rho=0.0),Height,0,70%,22,12,22C x 12K,80%,18,12,18C x 12K,60.0,0.0,0.0,0.0,63.787878787878796,0.0,0.0,0.0,60.0,0.0,0.0,0.0,Bad_L0_Bad_L1,0.0
Bad_L0_Bad_L1 (rho=0.0),Height,0,70%,22,12,22C x 12K,80%,21,10,21C x 10K,66.66666666666666,0.0,0.0,0.0,63.787878787878796,0.0,0.0,0.0,66.66666666666666,0.0,0.0,0.0,Bad_L0_Bad_L1,0.0
Bad_L0_Bad_L1 (rho=0.0),Height,0,70%,22,12,22C x 12K,90%,20,12,20C x 12K,66.66666666666666,0.0,0.0,0.0,63.787878787878796,0.0,0.0,0.0,66.66666666666666,0.0,0.0,0.0,Bad_L0_Bad_L1,0.0
Bad_L0_Bad_L1 (rho=0.0),Height,0,70%,22,12,22C x 12K,90%,22,11,22C x 11K,70.0,0.0,0.0,0.0,63.787878787878796,0.0,0.0,0.0,70.0,0.0,0.0,0.0,Bad_L0_Bad_L1,0.0
Bad_L0_Bad_L1 (rho=0.0),Height,0,70%,22,12,22C x 12K,100%,22,12,22C x 12K,36.666666666666664,0.0,0.0,0.0,25.90909090909091,0.0,0.0,0.0,36.666666666666664,0.0,0.0,0.0,Bad_L0_Bad_L1,0.0
Bad_L0_Bad_L1 (rho=0.0),Height,0,80%,20,15,20C x 15K,10%,2,15,2C x 15K,50.0,0.0,0.0,0.0,68.66666666666667,0.0,0.0,0.0,50.0,0.0,0.0,0.0,Bad_L0_Bad_L1,0.0
Bad_L0_Bad_L1 (rho=0.0),Height,0,80%,20,15,20C x 15K,10%,5,6,5C x 6K,50.0,0.0,0.0,0.0,68.66666666666667,0.0,0.0,0.0,50.0,0.0,0.0,0.0,Bad_L0_Bad_L1,0.0
Bad_L0_Bad_L1 (rho=0.0),Height,0,80%,20,15,20C x 15K,20%,20,3,20C x 3K,50.0,0.0,0.0,0.0,68.66666666666667,0.0,0.0,0.0,50.0,0.0,0.0,0.0,Bad_L0_Bad_L1,0.0
Bad_L0_Bad_L1 (rho=0.0),Height,0,80%,20,15,20C x 15K,20%,4,15,4C x 15K,53.333333333333336,0.0,0.0,0.0,68.66666666666667,0.0,0.0,0.0,53.333333333333336,0.0,0.0,0.0,Bad_L0_Bad_L1,0.0
Bad_L0_Bad_L1 (rho=0.0),Height,0,80%,20,15,20C x 15K,30%,11,8,11C x 8K,66.66666666666666,0.0,0.0,0.0,68.66666666666667,0.0,0.0,0.0,66.66666666666666,0.0,0.0,0.0,Bad_L0_Bad_L1,0.0
Bad_L0_Bad_L1 (rho=0.0),Height,0,80%,20,15,20C x 15K,30%,6,15,6C x 15K,56.666666666666664,0.0,0.0,0.0,68.66666666666667,0.0,0.0,0.0,56.666666666666664,0.0,0.0,0.0,Bad_L0_Bad_L1,0.0
Bad_L0_Bad_L1 (rho=0.0),Height,0,80%,20,15,20C x 15K,40%,20,6,20C x 6K,56.666666666666664,0.0,0.0,0.0,68.66666666666667,0.0,0.0,0.0,56.666666666666664,0.0,0.0,0.0,Bad_L0_Bad_L1,0.0
Bad_L0_Bad_L1 (rho=0.0),Height,0,80%,20,15,20C x 15K,40%,8,15,8C x 15K,70.0,0.0,0.0,0.0,68.66666666666667,0.0,0.0,0.0,70.0,0.0,0.0,0.0,Bad_L0_Bad_L1,0.0
Bad_L0_Bad_L1 (rho=0.0),Height,0,80%,20,15,20C x 15K,50%,10,15,10C x 15K,73.33333333333333,0.0,0.0,0.0,68.66666666666667,0.0,0.0,0.0,73.33333333333333,0.0,0.0,0.0,Bad_L0_Bad_L1,0.0
Bad_L0_Bad_L1 (rho=0.0),Height,0,80%,20,15,20C x 15K,50%,15,10,15C x 10K,66.66666666666666,0.0,0.0,0.0,68.66666666666667,0.0,0.0,0.0,66.66666666666666,0.0,0.0,0.0,Bad_L0_Bad_L1,0.0
Bad_L0_Bad_L1 (rho=0.0),Height,0,80%,20,15,20C x 15K,60%,12,15,12C x 15K,73.33333333333333,0.0,0.0,0.0,68.66666666666667,0.0,0.0,0.0,73.33333333333333,0.0,0.0,0.0,Bad_L0_Bad_L1,0.0
Bad_L0_Bad_L1 (rho=0.0),Height,0,80%,20,15,20C x 15K,60%,20,9,20C x 9K,56.666666666666664,0.0,0.0,0.0,68.66666666666667,0.0,0.0,0.0,56.666666666666664,0.0,0.0,0.0,Bad_L0_Bad_L1,0.0
Bad_L0_Bad_L1 (rho=0.0),Height,0,80%,20,15,20C x 15K,70%,14,15,14C x 15K,76.66666666666667,0.0,0.0,0.0,68.66666666666667,0.0,0.0,0.0,76.66666666666667,0.0,0.0,0.0,Bad_L0_Bad_L1,0.0
Bad_L0_Bad_L1 (rho=0.0),Height,0,80%,20,15,20C x 15K,70%,18,12,18C x 12K,70.0,0.0,0.0,0.0,68.66666666666667,0.0,0.0,0.0,70.0,0.0,0.0,0.0,Bad_L0_Bad_L1,0.0
Bad_L0_Bad_L1 (rho=0.0),Height,0,80%,20,15,20C x 15K,80%,16,15,16C x 15K,83.33333333333334,0.0,0.0,0.0,68.66666666666667,0.0,0.0,0.0,83.33333333333334,0.0,0.0,0.0,Bad_L0_Bad_L1,0.0
Bad_L0_Bad_L1 (rho=0.0),Height,0,80%,20,15,20C x 15K,80%,20,12,20C x 12K,66.66666666666666,0.0,0.0,0.0,68.66666666666667,0.0,0.0,0.0,66.66666666666666,0.0,0.0,0.0,Bad_L0_Bad_L1,0.0
Bad_L0_Bad_L1 (rho=0.0),Height,0,80%,20,15,20C x 15K,90%,18,15,18C x 15K,76.66666666666667,0.0,0.0,0.0,68.66666666666667,0.0,0.0,0.0,76.66666666666667,0.0,0.0,0.0,Bad_L0_Bad_L1,0.0
Bad_L0_Bad_L1 (rho=0.0),Height,0,80%,20,15,20C x 15K,90%,19,14,19C x 14K,76.66666666666667,0.0,0.0,0.0,68.66666666666667,0.0,0.0,0.0,76.66666666666667,0.0,0.0,0.0,Bad_L0_Bad_L1,0.0
Bad_L0_Bad_L1 (rho=0.0),Height,0,80%,20,15,20C x 15K,100%,20,15,20C x 15K,40.0,0.0,0.0,0.0,29.333333333333332,0.0,0.0,0.0,40.0,0.0,0.0,0.0,Bad_L0_Bad_L1,0.0
Bad_L0_Bad_L1 (rho=0.0),Height,0,80%,25,12,25C x 12K,10%,2,12,2C x 12K,46.666666666666664,0.0,0.0,0.0,64.53333333333333,0.0,0.0,0.0,46.666666666666664,0.0,0.0,0.0,Bad_L0_Bad_L1,0.0
Bad_L0_Bad_L1 (rho=0.0),Height,0,80%,25,12,25C x 12K,10%,6,5,6C x 5K,66.66666666666666,0.0,0.0,0.0,64.53333333333333,0.0,0.0,0.0,66.66666666666666,0.0,0.0,0.0,Bad_L0_Bad_L1,0.0
Bad_L0_Bad_L1 (rho=0.0),Height,0,80%,25,12,25C x 12K,20%,12,5,12C x 5K,50.0,0.0,0.0,0.0,64.53333333333333,0.0,0.0,0.0,50.0,0.0,0.0,0.0,Bad_L0_Bad_L1,0.0
Bad_L0_Bad_L1 (rho=0.0),Height,0,80%,25,12,25C x 12K,20%,5,12,5C x 12K,56.666666666666664,0.0,0.0,0.0,64.53333333333333,0.0,0.0,0.0,56.666666666666664,0.0,0.0,0.0,Bad_L0_Bad_L1,0.0
Bad_L0_Bad_L1 (rho=0.0),Height,0,80%,25,12,25C x 12K,30%,15,6,15C x 6K,60.0,0.0,0.0,0.0,64.53333333333333,0.0,0.0,0.0,60.0,0.0,0.0,0.0,Bad_L0_Bad_L1,0.0
Bad_L0_Bad_L1 (rho=0.0),Height,0,80%,25,12,25C x 12K,30%,8,12,8C x 12K,56.666666666666664,0.0,0.0,0.0,64.53333333333333,0.0,0.0,0.0,56.666666666666664,0.0,0.0,0.0,Bad_L0_Bad_L1,0.0
Bad_L0_Bad_L1 (rho=0.0),Height,0,80%,25,12,25C x 12K,40%,10,12,10C x 12K,60.0,0.0,0.0,0.0,64.53333333333333,0.0,0.0,0.0,60.0,0.0,0.0,0.0,Bad_L0_Bad_L1,0.0
Bad_L0_Bad_L1 (rho=0.0),Height,0,80%,25,12,25C x 12K,40%,17,7,17C x 7K,63.33333333333333,0.0,0.0,0.0,64.53333333333333,0.0,0.0,0.0,63.33333333333333,0.0,0.0,0.0,Bad_L0_Bad_L1,0.0
Bad_L0_Bad_L1 (rho=0.0),Height,0,80%,25,12,25C x 12K,50%,12,12,12C x 12K,63.33333333333333,0.0,0.0,0.0,64.53333333333333,0.0,0.0,0.0,63.33333333333333,0.0,0.0,0.0,Bad_L0_Bad_L1,0.0
Bad_L0_Bad_L1 (rho=0.0),Height,0,80%,25,12,25C x 12K,50%,25,6,25C x 6K,56.666666666666664,0.0,0.0,0.0,64.53333333333333,0.0,0.0,0.0,56.666666666666664,0.0,0.0,0.0,Bad_L0_Bad_L1,0.0
Bad_L0_Bad_L1 (rho=0.0),Height,0,80%,25,12,25C x 12K,60%,15,12,15C x 12K,70.0,0.0,0.0,0.0,64.53333333333333,0.0,0.0,0.0,70.0,0.0,0.0,0.0,Bad_L0_Bad_L1,0.0
Bad_L0_Bad_L1 (rho=0.0),Height,0,80%,25,12,25C x 12K,60%,20,9,20C x 9K,73.33333333333333,0.0,0.0,0.0,64.53333333333333,0.0,0.0,0.0,73.33333333333333,0.0,0.0,0.0,Bad_L0_Bad_L1,0.0
Bad_L0_Bad_L1 (rho=0.0),Height,0,80%,25,12,25C x 12K,70%,18,12,18C x 12K,73.33333333333333,0.0,0.0,0.0,64.53333333333333,0.0,0.0,0.0,73.33333333333333,0.0,0.0,0.0,Bad_L0_Bad_L1,0.0
Bad_L0_Bad_L1 (rho=0.0),Height,0,80%,25,12,25C x 12K,70%,23,9,23C x 9K,86.66666666666667,0.0,0.0,0.0,64.53333333333333,0.0,0.0,0.0,86.66666666666667,0.0,0.0,0.0,Bad_L0_Bad_L1,0.0
Bad_L0_Bad_L1 (rho=0.0),Height,0,80%,25,12,25C x 12K,80%,20,12,20C x 12K,76.66666666666667,0.0,0.0,0.0,64.53333333333333,0.0,0.0,0.0,76.66666666666667,0.0,0.0,0.0,Bad_L0_Bad_L1,0.0
Bad_L0_Bad_L1 (rho=0.0),Height,0,80%,25,12,25C x 12K,80%,24,10,24C x 10K,80.0,0.0,0.0,0.0,64.53333333333333,0.0,0.0,0.0,80.0,0.0,0.0,0.0,Bad_L0_Bad_L1,0.0
Bad_L0_Bad_L1 (rho=0.0),Height,0,80%,25,12,25C x 12K,90%,22,12,22C x 12K,83.33333333333334,0.0,0.0,0.0,64.53333333333333,0.0,0.0,0.0,83.33333333333334,0.0,0.0,0.0,Bad_L0_Bad_L1,0.0
Bad_L0_Bad_L1 (rho=0.0),Height,0,80%,25,12,25C x 12K,90%,25,11,25C x 11K,80.0,0.0,0.0,0.0,64.53333333333333,0.0,0.0,0.0,80.0,0.0,0.0,0.0,Bad_L0_Bad_L1,0.0
Bad_L0_Bad_L1 (rho=0.0),Height,0,80%,25,12,25C x 12K,100%,25,12,25C x 12K,40.0,0.0,0.0,0.0,27.200000000000003,0.0,0.0,0.0,40.0,0.0,0.0,0.0,Bad_L0_Bad_L1,0.0
Bad_L0_Bad_L1 (rho=0.0),Height,0,90%,23,15,23C x 15K,10%,2,15,2C x 15K,53.333333333333336,0.0,0.0,0.0,67.97101449275362,0.0,0.0,0.0,53.333333333333336,0.0,0.0,0.0,Bad_L0_Bad_L1,0.0
Bad_L0_Bad_L1 (rho=0.0),Height,0,90%,23,15,23C x 15K,10%,6,6,6C x 6K,46.666666666666664,0.0,0.0,0.0,67.97101449275362,0.0,0.0,0.0,46.666666666666664,0.0,0.0,0.0,Bad_L0_Bad_L1,0.0
Bad_L0_Bad_L1 (rho=0.0),Height,0,90%,23,15,23C x 15K,20%,23,3,23C x 3K,53.333333333333336,0.0,0.0,0.0,67.97101449275362,0.0,0.0,0.0,53.333333333333336,0.0,0.0,0.0,Bad_L0_Bad_L1,0.0
Bad_L0_Bad_L1 (rho=0.0),Height,0,90%,23,15,23C x 15K,20%,5,15,5C x 15K,53.333333333333336,0.0,0.0,0.0,67.97101449275362,0.0,0.0,0.0,53.333333333333336,0.0,0.0,0.0,Bad_L0_Bad_L1,0.0
Bad_L0_Bad_L1 (rho=0.0),Height,0,90%,23,15,23C x 15K,30%,13,8,13C x 8K,56.666666666666664,0.0,0.0,0.0,67.97101449275362,0.0,0.0,0.0,56.666666666666664,0.0,0.0,0.0,Bad_L0_Bad_L1,0.0
Bad_L0_Bad_L1 (rho=0.0),Height,0,90%,23,15,23C x 15K,30%,7,15,7C x 15K,66.66666666666666,0.0,0.0,0.0,67.97101449275362,0.0,0.0,0.0,66.66666666666666,0.0,0.0,0.0,Bad_L0_Bad_L1,0.0
Bad_L0_Bad_L1 (rho=0.0),Height,0,90%,23,15,23C x 15K,40%,23,6,23C x 6K,56.666666666666664,0.0,0.0,0.0,67.97101449275362,0.0,0.0,0.0,56.666666666666664,0.0,0.0,0.0,Bad_L0_Bad_L1,0.0
Bad_L0_Bad_L1 (rho=0.0),Height,0,90%,23,15,23C x 15K,40%,9,15,9C x 15K,66.66666666666666,0.0,0.0,0.0,67.97101449275362,0.0,0.0,0.0,66.66666666666666,0.0,0.0,0.0,Bad_L0_Bad_L1,0.0
Bad_L0_Bad_L1 (rho=0.0),Height,0,90%,23,15,23C x 15K,50%,11,15,11C x 15K,73.33333333333333,0.0,0.0,0.0,67.97101449275362,0.0,0.0,0.0,73.33333333333333,0.0,0.0,0.0,Bad_L0_Bad_L1,0.0
Bad_L0_Bad_L1 (rho=0.0),Height,0,90%,23,15,23C x 15K,50%,17,10,17C x 10K,66.66666666666666,0.0,0.0,0.0,67.97101449275362,0.0,0.0,0.0,66.66666666666666,0.0,0.0,0.0,Bad_L0_Bad_L1,0.0
Bad_L0_Bad_L1 (rho=0.0),Height,0,90%,23,15,23C x 15K,60%,14,15,14C x 15K,73.33333333333333,0.0,0.0,0.0,67.97101449275362,0.0,0.0,0.0,73.33333333333333,0.0,0.0,0.0,Bad_L0_Bad_L1,0.0
Bad_L0_Bad_L1 (rho=0.0),Height,0,90%,23,15,23C x 15K,60%,23,9,23C x 9K,73.33333333333333,0.0,0.0,0.0,67.97101449275362,0.0,0.0,0.0,73.33333333333333,0.0,0.0,0.0,Bad_L0_Bad_L1,0.0
Bad_L0_Bad_L1 (rho=0.0),Height,0,90%,23,15,23C x 15K,70%,16,15,16C x 15K,76.66666666666667,0.0,0.0,0.0,67.97101449275362,0.0,0.0,0.0,76.66666666666667,0.0,0.0,0.0,Bad_L0_Bad_L1,0.0
Bad_L0_Bad_L1 (rho=0.0),Height,0,90%,23,15,23C x 15K,70%,20,12,20C x 12K,66.66666666666666,0.0,0.0,0.0,67.97101449275362,0.0,0.0,0.0,66.66666666666666,0.0,0.0,0.0,Bad_L0_Bad_L1,0.0
Bad_L0_Bad_L1 (rho=0.0),Height,0,90%,23,15,23C x 15K,80%,18,15,18C x 15K,76.66666666666667,0.0,0.0,0.0,67.97101449275362,0.0,0.0,0.0,76.66666666666667,0.0,0.0,0.0,Bad_L0_Bad_L1,0.0
Bad_L0_Bad_L1 (rho=0.0),Height,0,90%,23,15,23C x 15K,80%,23,12,23C x 12K,66.66666666666666,0.0,0.0,0.0,67.97101449275362,0.0,0.0,0.0,66.66666666666666,0.0,0.0,0.0,Bad_L0_Bad_L1,0.0
Bad_L0_Bad_L1 (rho=0.0),Height,0,90%,23,15,23C x 15K,90%,21,15,21C x 15K,83.33333333333334,0.0,0.0,0.0,67.97101449275362,0.0,0.0,0.0,83.33333333333334,0.0,0.0,0.0,Bad_L0_Bad_L1,0.0
Bad_L0_Bad_L1 (rho=0.0),Height,0,90%,23,15,23C x 15K,90%,22,14,22C x 14K,76.66666666666667,0.0,0.0,0.0,67.97101449275362,0.0,0.0,0.0,76.66666666666667,0.0,0.0,0.0,Bad_L0_Bad_L1,0.0
Bad_L0_Bad_L1 (rho=0.0),Height,0,90%,23,15,23C x 15K,100%,23,15,23C x 15K,43.333333333333336,0.0,0.0,0.0,29.855072463768117,0.0,0.0,0.0,43.333333333333336,0.0,0.0,0.0,Bad_L0_Bad_L1,0.0
Bad_L0_Bad_L1 (rho=0.0),Height,0,90%,24,14,24C x 14K,10%,2,14,2C x 14K,33.33333333333333,0.0,0.0,0.0,67.63888888888889,0.0,0.0,0.0,33.33333333333333,0.0,0.0,0.0,Bad_L0_Bad_L1,0.0
Bad_L0_Bad_L1 (rho=0.0),Height,0,90%,24,14,24C x 14K,10%,7,5,7C x 5K,60.0,0.0,0.0,0.0,67.63888888888889,0.0,0.0,0.0,60.0,0.0,0.0,0.0,Bad_L0_Bad_L1,0.0
Bad_L0_Bad_L1 (rho=0.0),Height,0,90%,24,14,24C x 14K,20%,11,6,11C x 6K,50.0,0.0,0.0,0.0,67.63888888888889,0.0,0.0,0.0,50.0,0.0,0.0,0.0,Bad_L0_Bad_L1,0.0
Bad_L0_Bad_L1 (rho=0.0),Height,0,90%,24,14,24C x 14K,20%,5,14,5C x 14K,50.0,0.0,0.0,0.0,67.63888888888889,0.0,0.0,0.0,50.0,0.0,0.0,0.0,Bad_L0_Bad_L1,0.0
Bad_L0_Bad_L1 (rho=0.0),Height,0,90%,24,14,24C x 14K,30%,14,7,14C x 7K,50.0,0.0,0.0,0.0,67.63888888888889,0.0,0.0,0.0,50.0,0.0,0.0,0.0,Bad_L0_Bad_L1,0.0
Bad_L0_Bad_L1 (rho=0.0),Height,0,90%,24,14,24C x 14K,30%,7,14,7C x 14K,76.66666666666667,0.0,0.0,0.0,67.63888888888889,0.0,0.0,0.0,76.66666666666667,0.0,0.0,0.0,Bad_L0_Bad_L1,0.0
Bad_L0_Bad_L1 (rho=0.0),Height,0,90%,24,14,24C x 14K,40%,10,14,10C x 14K,70.0,0.0,0.0,0.0,67.63888888888889,0.0,0.0,0.0,70.0,0.0,0.0,0.0,Bad_L0_Bad_L1,0.0
Bad_L0_Bad_L1 (rho=0.0),Height,0,90%,24,14,24C x 14K,40%,17,8,17C x 8K,63.33333333333333,0.0,0.0,0.0,67.63888888888889,0.0,0.0,0.0,63.33333333333333,0.0,0.0,0.0,Bad_L0_Bad_L1,0.0
Bad_L0_Bad_L1 (rho=0.0),Height,0,90%,24,14,24C x 14K,50%,12,14,12C x 14K,66.66666666666666,0.0,0.0,0.0,67.63888888888889,0.0,0.0,0.0,66.66666666666666,0.0,0.0,0.0,Bad_L0_Bad_L1,0.0
Bad_L0_Bad_L1 (rho=0.0),Height,0,90%,24,14,24C x 14K,50%,24,7,24C x 7K,56.666666666666664,0.0,0.0,0.0,67.63888888888889,0.0,0.0,0.0,56.666666666666664,0.0,0.0,0.0,Bad_L0_Bad_L1,0.0
Bad_L0_Bad_L1 (rho=0.0),Height,0,90%,24,14,24C x 14K,60%,14,14,14C x 14K,70.0,0.0,0.0,0.0,67.63888888888889,0.0,0.0,0.0,70.0,0.0,0.0,0.0,Bad_L0_Bad_L1,0.0
Bad_L0_Bad_L1 (rho=0.0),Height,0,90%,24,14,24C x 14K,60%,20,10,20C x 10K,73.33333333333333,0.0,0.0,0.0,67.63888888888889,0.0,0.0,0.0,73.33333333333333,0.0,0.0,0.0,Bad_L0_Bad_L1,0.0
Bad_L0_Bad_L1 (rho=0.0),Height,0,90%,24,14,24C x 14K,70%,17,14,17C x 14K,76.66666666666667,0.0,0.0,0.0,67.63888888888889,0.0,0.0,0.0,76.66666666666667,0.0,0.0,0.0,Bad_L0_Bad_L1,0.0
Bad_L0_Bad_L1 (rho=0.0),Height,0,90%,24,14,24C x 14K,70%,21,11,21C x 11K,66.66666666666666,0.0,0.0,0.0,67.63888888888889,0.0,0.0,0.0,66.66666666666666,0.0,0.0,0.0,Bad_L0_Bad_L1,0.0
Bad_L0_Bad_L1 (rho=0.0),Height,0,90%,24,14,24C x 14K,80%,19,14,19C x 14K,76.66666666666667,0.0,0.0,0.0,67.63888888888889,0.0,0.0,0.0,76.66666666666667,0.0,0.0,0.0,Bad_L0_Bad_L1,0.0
Bad_L0_Bad_L1 (rho=0.0),Height,0,90%,24,14,24C x 14K,80%,24,11,24C x 11K,70.0,0.0,0.0,0.0,67.63888888888889,0.0,0.0,0.0,70.0,0.0,0.0,0.0,Bad_L0_Bad_L1,0.0
Bad_L0_Bad_L1 (rho=0.0),Height,0,90%,24,14,24C x 14K,90%,22,14,22C x 14K,83.33333333333334,0.0,0.0,0.0,67.63888888888889,0.0,0.0,0.0,83.33333333333334,0.0,0.0,0.0,Bad_L0_Bad_L1,0.0
Bad_L0_Bad_L1 (rho=0.0),Height,0,90%,24,14,24C x 14K,90%,23,13,23C x 13K,80.0,0.0,0.0,0.0,67.63888888888889,0.0,0.0,0.0,80.0,0.0,0.0,0.0,Bad_L0_Bad_L1,0.0
Bad_L0_Bad_L1 (rho=0.0),Height,0,90%,24,14,24C x 14K,100%,24,14,24C x 14K,40.0,0.0,0.0,0.0,28.888888888888886,0.0,0.0,0.0,40.0,0.0,0.0,0.0,Bad_L0_Bad_L1,0.0
Bad_L0_Bad_L1 (rho=0.0),Height,0,100%,25,15,25C x 15K,10%,3,15,3C x 15K,20.0,0.0,0.0,0.0,30.4,0.0,0.0,0.0,20.0,0.0,0.0,0.0,Bad_L0_Bad_L1,0.0
Bad_L0_Bad_L1 (rho=0.0),Height,0,100%,25,15,25C x 15K,10%,6,6,6C x 6K,13.333333333333334,0.0,0.0,0.0,30.4,0.0,0.0,0.0,13.333333333333334,0.0,0.0,0.0,Bad_L0_Bad_L1,0.0
Bad_L0_Bad_L1 (rho=0.0),Height,0,100%,25,15,25C x 15K,20%,25,3,25C x 3K,20.0,0.0,0.0,0.0,30.4,0.0,0.0,0.0,20.0,0.0,0.0,0.0,Bad_L0_Bad_L1,0.0
Bad_L0_Bad_L1 (rho=0.0),Height,0,100%,25,15,25C x 15K,20%,5,15,5C x 15K,20.0,0.0,0.0,0.0,30.4,0.0,0.0,0.0,20.0,0.0,0.0,0.0,Bad_L0_Bad_L1,0.0
Bad_L0_Bad_L1 (rho=0.0),Height,0,100%,25,15,25C x 15K,30%,14,8,14C x 8K,23.333333333333332,0.0,0.0,0.0,30.4,0.0,0.0,0.0,23.333333333333332,0.0,0.0,0.0,Bad_L0_Bad_L1,0.0
Bad_L0_Bad_L1 (rho=0.0),Height,0,100%,25,15,25C x 15K,30%,7,15,7C x 15K,23.333333333333332,0.0,0.0,0.0,30.4,0.0,0.0,0.0,23.333333333333332,0.0,0.0,0.0,Bad_L0_Bad_L1,0.0
Bad_L0_Bad_L1 (rho=0.0),Height,0,100%,25,15,25C x 15K,40%,10,15,10C x 15K,20.0,0.0,0.0,0.0,30.4,0.0,0.0,0.0,20.0,0.0,0.0,0.0,Bad_L0_Bad_L1,0.0
Bad_L0_Bad_L1 (rho=0.0),Height,0,100%,25,15,25C x 15K,40%,25,6,25C x 6K,23.333333333333332,0.0,0.0,0.0,30.4,0.0,0.0,0.0,23.333333333333332,0.0,0.0,0.0,Bad_L0_Bad_L1,0.0
Bad_L0_Bad_L1 (rho=0.0),Height,0,100%,25,15,25C x 15K,50%,13,15,13C x 15K,23.333333333333332,0.0,0.0,0.0,30.4,0.0,0.0,0.0,23.333333333333332,0.0,0.0,0.0,Bad_L0_Bad_L1,0.0
Bad_L0_Bad_L1 (rho=0.0),Height,0,100%,25,15,25C x 15K,50%,19,10,19C x 10K,30.0,0.0,0.0,0.0,30.4,0.0,0.0,0.0,30.0,0.0,0.0,0.0,Bad_L0_Bad_L1,0.0
Bad_L0_Bad_L1 (rho=0.0),Height,0,100%,25,15,25C x 15K,60%,15,15,15C x 15K,36.666666666666664,0.0,0.0,0.0,30.4,0.0,0.0,0.0,36.666666666666664,0.0,0.0,0.0,Bad_L0_Bad_L1,0.0
Bad_L0_Bad_L1 (rho=0.0),Height,0,100%,25,15,25C x 15K,60%,25,9,25C x 9K,26.666666666666668,0.0,0.0,0.0,30.4,0.0,0.0,0.0,26.666666666666668,0.0,0.0,0.0,Bad_L0_Bad_L1,0.0
Bad_L0_Bad_L1 (rho=0.0),Height,0,100%,25,15,25C x 15K,70%,17,15,17C x 15K,30.0,0.0,0.0,0.0,30.4,0.0,0.0,0.0,30.0,0.0,0.0,0.0,Bad_L0_Bad_L1,0.0
Bad_L0_Bad_L1 (rho=0.0),Height,0,100%,25,15,25C x 15K,70%,22,12,22C x 12K,40.0,0.0,0.0,0.0,30.4,0.0,0.0,0.0,40.0,0.0,0.0,0.0,Bad_L0_Bad_L1,0.0
Bad_L0_Bad_L1 (rho=0.0),Height,0,100%,25,15,25C x 15K,80%,20,15,20C x 15K,33.33333333333333,0.0,0.0,0.0,30.4,0.0,0.0,0.0,33.33333333333333,0.0,0.0,0.0,Bad_L0_Bad_L1,0.0
Bad_L0_Bad_L1 (rho=0.0),Height,0,100%,25,15,25C x 15K,80%,25,12,25C x 12K,40.0,0.0,0.0,0.0,30.4,0.0,0.0,0.0,40.0,0.0,0.0,0.0,Bad_L0_Bad_L1,0.0
Bad_L0_Bad_L1 (rho=0.0),Height,0,100%,25,15,25C x 15K,90%,23,15,23C x 15K,43.333333333333336,0.0,0.0,0.0,30.4,0.0,0.0,0.0,43.333333333333336,0.0,0.0,0.0,Bad_L0_Bad_L1,0.0
Bad_L0_Bad_L1 (rho=0.0),Height,0,100%,25,15,25C x 15K,90%,24,14,24C x 14K,40.0,0.0,0.0,0.0,30.4,0.0,0.0,0.0,40.0,0.0,0.0,0.0,Bad_L0_Bad_L1,0.0
Bad_L0_Bad_L1 (rho=0.0),Height,0,100%,25,15,25C x 15K,100%,25,15,25C x 15K,26.666666666666668,0.0,0.0,0.0,14.266666666666666,0.0,0.0,0.0,26.666666666666668,0.0,0.0,0.0,Bad_L0_Bad_L1,0.0
Bad_L0_Bad_L1 (rho=0.0),Weight,0,10%,3,15,3C x 15K,10%,1,4,1C x 4K,33.33333333333333,0.0,0.0,0.0,65.55555555555556,0.0,0.0,0.0,33.33333333333333,0.0,0.0,0.0,Bad_L0_Bad_L1,0.0
Bad_L0_Bad_L1 (rho=0.0),Weight,0,10%,3,15,3C x 15K,10%,2,2,2C x 2K,26.666666666666668,0.0,0.0,0.0,65.55555555555556,0.0,0.0,0.0,26.666666666666668,0.0,0.0,0.0,Bad_L0_Bad_L1,0.0
Bad_L0_Bad_L1 (rho=0.0),Weight,0,10%,3,15,3C x 15K,20%,1,9,1C x 9K,26.666666666666668,0.0,0.0,0.0,65.55555555555556,0.0,0.0,0.0,26.666666666666668,0.0,0.0,0.0,Bad_L0_Bad_L1,0.0
Bad_L0_Bad_L1 (rho=0.0),Weight,0,10%,3,15,3C x 15K,20%,3,3,3C x 3K,50.0,0.0,0.0,0.0,65.55555555555556,0.0,0.0,0.0,50.0,0.0,0.0,0.0,Bad_L0_Bad_L1,0.0
Bad_L0_Bad_L1 (rho=0.0),Weight,0,10%,3,15,3C x 15K,30%,1,14,1C x 14K,36.666666666666664,0.0,0.0,0.0,65.55555555555556,0.0,0.0,0.0,36.666666666666664,0.0,0.0,0.0,Bad_L0_Bad_L1,0.0
Bad_L0_Bad_L1 (rho=0.0),Weight,0,10%,3,15,3C x 15K,30%,2,7,2C x 7K,36.666666666666664,0.0,0.0,0.0,65.55555555555556,0.0,0.0,0.0,36.666666666666664,0.0,0.0,0.0,Bad_L0_Bad_L1,0.0
Bad_L0_Bad_L1 (rho=0.0),Weight,0,10%,3,15,3C x 15K,40%,1,15,1C x 15K,33.33333333333333,0.0,0.0,0.0,65.55555555555556,0.0,0.0,0.0,33.33333333333333,0.0,0.0,0.0,Bad_L0_Bad_L1,0.0
Bad_L0_Bad_L1 (rho=0.0),Weight,0,10%,3,15,3C x 15K,40%,3,6,3C x 6K,56.666666666666664,0.0,0.0,0.0,65.55555555555556,0.0,0.0,0.0,56.666666666666664,0.0,0.0,0.0,Bad_L0_Bad_L1,0.0
Bad_L0_Bad_L1 (rho=0.0),Weight,0,10%,3,15,3C x 15K,50%,1,15,1C x 15K,33.33333333333333,0.0,0.0,0.0,65.55555555555556,0.0,0.0,0.0,33.33333333333333,0.0,0.0,0.0,Bad_L0_Bad_L1,0.0
Bad_L0_Bad_L1 (rho=0.0),Weight,0,10%,3,15,3C x 15K,50%,3,7,3C x 7K,46.666666666666664,0.0,0.0,0.0,65.55555555555556,0.0,0.0,0.0,46.666666666666664,0.0,0.0,0.0,Bad_L0_Bad_L1,0.0
Bad_L0_Bad_L1 (rho=0.0),Weight,0,10%,3,15,3C x 15K,60%,2,15,2C x 15K,46.666666666666664,0.0,0.0,0.0,65.55555555555556,0.0,0.0,0.0,46.666666666666664,0.0,0.0,0.0,Bad_L0_Bad_L1,0.0
Bad_L0_Bad_L1 (rho=0.0),Weight,0,10%,3,15,3C x 15K,60%,3,9,3C x 9K,50.0,0.0,0.0,0.0,65.55555555555556,0.0,0.0,0.0,50.0,0.0,0.0,0.0,Bad_L0_Bad_L1,0.0
Bad_L0_Bad_L1 (rho=0.0),Weight,0,10%,3,15,3C x 15K,70%,2,15,2C x 15K,46.666666666666664,0.0,0.0,0.0,65.55555555555556,0.0,0.0,0.0,46.666666666666664,0.0,0.0,0.0,Bad_L0_Bad_L1,0.0
Bad_L0_Bad_L1 (rho=0.0),Weight,0,10%,3,15,3C x 15K,70%,3,10,3C x 10K,46.666666666666664,0.0,0.0,0.0,65.55555555555556,0.0,0.0,0.0,46.666666666666664,0.0,0.0,0.0,Bad_L0_Bad_L1,0.0
Bad_L0_Bad_L1 (rho=0.0),Weight,0,10%,3,15,3C x 15K,80%,2,15,2C x 15K,46.666666666666664,0.0,0.0,0.0,65.55555555555556,0.0,0.0,0.0,46.666666666666664,0.0,0.0,0.0,Bad_L0_Bad_L1,0.0
Bad_L0_Bad_L1 (rho=0.0),Weight,0,10%,3,15,3C x 15K,80%,3,12,3C x 12K,46.666666666666664,0.0,0.0,0.0,65.55555555555556,0.0,0.0,0.0,46.666666666666664,0.0,0.0,0.0,Bad_L0_Bad_L1,0.0
Bad_L0_Bad_L1 (rho=0.0),Weight,0,10%,3,15,3C x 15K,90%,3,13,3C x 13K,50.0,0.0,0.0,0.0,65.55555555555556,0.0,0.0,0.0,50.0,0.0,0.0,0.0,Bad_L0_Bad_L1,0.0
Bad_L0_Bad_L1 (rho=0.0),Weight,0,10%,3,15,3C x 15K,90%,3,15,3C x 15K,43.333333333333336,0.0,0.0,0.0,65.55555555555556,0.0,0.0,0.0,43.333333333333336,0.0,0.0,0.0,Bad_L0_Bad_L1,0.0
Bad_L0_Bad_L1 (rho=0.0),Weight,0,10%,3,15,3C x 15K,100%,3,15,3C x 15K,13.333333333333334,0.0,0.0,0.0,32.22222222222222,0.0,0.0,0.0,13.333333333333334,0.0,0.0,0.0,Bad_L0_Bad_L1,0.0
Bad_L0_Bad_L1 (rho=0.0),Weight,0,10%,6,6,6C x 6K,10%,1,4,1C x 4K,36.666666666666664,0.0,0.0,0.0,56.111111111111114,0.0,0.0,0.0,36.666666666666664,0.0,0.0,0.0,Bad_L0_Bad_L1,0.0
Bad_L0_Bad_L1 (rho=0.0),Weight,0,10%,6,6,6C x 6K,10%,4,1,4C x 1K,33.33333333333333,0.0,0.0,0.0,56.111111111111114,0.0,0.0,0.0,33.33333333333333,0.0,0.0,0.0,Bad_L0_Bad_L1,0.0
Bad_L0_Bad_L1 (rho=0.0),Weight,0,10%,6,6,6C x 6K,20%,1,6,1C x 6K,36.666666666666664,0.0,0.0,0.0,56.111111111111114,0.0,0.0,0.0,36.666666666666664,0.0,0.0,0.0,Bad_L0_Bad_L1,0.0
Bad_L0_Bad_L1 (rho=0.0),Weight,0,10%,6,6,6C x 6K,20%,2,3,2C x 3K,33.33333333333333,0.0,0.0,0.0,56.111111111111114,0.0,0.0,0.0,33.33333333333333,0.0,0.0,0.0,Bad_L0_Bad_L1,0.0
Bad_L0_Bad_L1 (rho=0.0),Weight,0,10%,6,6,6C x 6K,30%,2,6,2C x 6K,30.0,0.0,0.0,0.0,56.111111111111114,0.0,0.0,0.0,30.0,0.0,0.0,0.0,Bad_L0_Bad_L1,0.0
Bad_L0_Bad_L1 (rho=0.0),Weight,0,10%,6,6,6C x 6K,30%,4,3,4C x 3K,36.666666666666664,0.0,0.0,0.0,56.111111111111114,0.0,0.0,0.0,36.666666666666664,0.0,0.0,0.0,Bad_L0_Bad_L1,0.0
Bad_L0_Bad_L1 (rho=0.0),Weight,0,10%,6,6,6C x 6K,40%,2,6,2C x 6K,30.0,0.0,0.0,0.0,56.111111111111114,0.0,0.0,0.0,30.0,0.0,0.0,0.0,Bad_L0_Bad_L1,0.0
Bad_L0_Bad_L1 (rho=0.0),Weight,0,10%,6,6,6C x 6K,40%,5,3,5C x 3K,33.33333333333333,0.0,0.0,0.0,56.111111111111114,0.0,0.0,0.0,33.33333333333333,0.0,0.0,0.0,Bad_L0_Bad_L1,0.0
Bad_L0_Bad_L1 (rho=0.0),Weight,0,10%,6,6,6C x 6K,50%,3,6,3C x 6K,36.666666666666664,0.0,0.0,0.0,56.111111111111114,0.0,0.0,0.0,36.666666666666664,0.0,0.0,0.0,Bad_L0_Bad_L1,0.0
Bad_L0_Bad_L1 (rho=0.0),Weight,0,10%,6,6,6C x 6K,50%,6,3,6C x 3K,36.666666666666664,0.0,0.0,0.0,56.111111111111114,0.0,0.0,0.0,36.666666666666664,0.0,0.0,0.0,Bad_L0_Bad_L1,0.0
Bad_L0_Bad_L1 (rho=0.0),Weight,0,10%,6,6,6C x 6K,60%,4,6,4C x 6K,40.0,0.0,0.0,0.0,56.111111111111114,0.0,0.0,0.0,40.0,0.0,0.0,0.0,Bad_L0_Bad_L1,0.0
Bad_L0_Bad_L1 (rho=0.0),Weight,0,10%,6,6,6C x 6K,60%,6,4,6C x 4K,43.333333333333336,0.0,0.0,0.0,56.111111111111114,0.0,0.0,0.0,43.333333333333336,0.0,0.0,0.0,Bad_L0_Bad_L1,0.0
Bad_L0_Bad_L1 (rho=0.0),Weight,0,10%,6,6,6C x 6K,70%,4,6,4C x 6K,40.0,0.0,0.0,0.0,56.111111111111114,0.0,0.0,0.0,40.0,0.0,0.0,0.0,Bad_L0_Bad_L1,0.0
Bad_L0_Bad_L1 (rho=0.0),Weight,0,10%,6,6,6C x 6K,70%,6,4,6C x 4K,43.333333333333336,0.0,0.0,0.0,56.111111111111114,0.0,0.0,0.0,43.333333333333336,0.0,0.0,0.0,Bad_L0_Bad_L1,0.0
Bad_L0_Bad_L1 (rho=0.0),Weight,0,10%,6,6,6C x 6K,80%,5,6,5C x 6K,40.0,0.0,0.0,0.0,56.111111111111114,0.0,0.0,0.0,40.0,0.0,0.0,0.0,Bad_L0_Bad_L1,0.0
Bad_L0_Bad_L1 (rho=0.0),Weight,0,10%,6,6,6C x 6K,80%,6,5,6C x 5K,43.333333333333336,0.0,0.0,0.0,56.111111111111114,0.0,0.0,0.0,43.333333333333336,0.0,0.0,0.0,Bad_L0_Bad_L1,0.0
Bad_L0_Bad_L1 (rho=0.0),Weight,0,10%,6,6,6C x 6K,90%,5,6,5C x 6K,40.0,0.0,0.0,0.0,56.111111111111114,0.0,0.0,0.0,40.0,0.0,0.0,0.0,Bad_L0_Bad_L1,0.0
Bad_L0_Bad_L1 (rho=0.0),Weight,0,10%,6,6,6C x 6K,90%,6,5,6C x 5K,43.333333333333336,0.0,0.0,0.0,56.111111111111114,0.0,0.0,0.0,43.333333333333336,0.0,0.0,0.0,Bad_L0_Bad_L1,0.0
Bad_L0_Bad_L1 (rho=0.0),Weight,0,10%,6,6,6C x 6K,100%,6,6,6C x 6K,16.666666666666664,0.0,0.0,0.0,23.333333333333332,0.0,0.0,0.0,16.666666666666664,0.0,0.0,0.0,Bad_L0_Bad_L1,0.0
Bad_L0_Bad_L1 (rho=0.0),Weight,0,20%,25,3,25C x 3K,10%,3,3,3C x 3K,33.33333333333333,0.0,0.0,0.0,42.53333333333333,0.0,0.0,0.0,33.33333333333333,0.0,0.0,0.0,Bad_L0_Bad_L1,0.0
Bad_L0_Bad_L1 (rho=0.0),Weight,0,20%,25,3,25C x 3K,10%,8,1,8C x 1K,43.333333333333336,0.0,0.0,0.0,42.53333333333333,0.0,0.0,0.0,43.333333333333336,0.0,0.0,0.0,Bad_L0_Bad_L1,0.0
Bad_L0_Bad_L1 (rho=0.0),Weight,0,20%,25,3,25C x 3K,20%,15,1,15C x 1K,23.333333333333332,0.0,0.0,0.0,42.53333333333333,0.0,0.0,0.0,23.333333333333332,0.0,0.0,0.0,Bad_L0_Bad_L1,0.0
Bad_L0_Bad_L1 (rho=0.0),Weight,0,20%,25,3,25C x 3K,20%,5,3,5C x 3K,36.666666666666664,0.0,0.0,0.0,42.53333333333333,0.0,0.0,0.0,36.666666666666664,0.0,0.0,0.0,Bad_L0_Bad_L1,0.0
Bad_L0_Bad_L1 (rho=0.0),Weight,0,20%,25,3,25C x 3K,30%,22,1,22C x 1K,53.333333333333336,0.0,0.0,0.0,42.53333333333333,0.0,0.0,0.0,53.333333333333336,0.0,0.0,0.0,Bad_L0_Bad_L1,0.0
Bad_L0_Bad_L1 (rho=0.0),Weight,0,20%,25,3,25C x 3K,30%,7,3,7C x 3K,46.666666666666664,0.0,0.0,0.0,42.53333333333333,0.0,0.0,0.0,46.666666666666664,0.0,0.0,0.0,Bad_L0_Bad_L1,0.0
Bad_L0_Bad_L1 (rho=0.0),Weight,0,20%,25,3,25C x 3K,40%,10,3,10C x 3K,53.333333333333336,0.0,0.0,0.0,42.53333333333333,0.0,0.0,0.0,53.333333333333336,0.0,0.0,0.0,Bad_L0_Bad_L1,0.0
Bad_L0_Bad_L1 (rho=0.0),Weight,0,20%,25,3,25C x 3K,40%,15,2,15C x 2K,46.666666666666664,0.0,0.0,0.0,42.53333333333333,0.0,0.0,0.0,46.666666666666664,0.0,0.0,0.0,Bad_L0_Bad_L1,0.0
Bad_L0_Bad_L1 (rho=0.0),Weight,0,20%,25,3,25C x 3K,50%,13,3,13C x 3K,43.333333333333336,0.0,0.0,0.0,42.53333333333333,0.0,0.0,0.0,43.333333333333336,0.0,0.0,0.0,Bad_L0_Bad_L1,0.0
Bad_L0_Bad_L1 (rho=0.0),Weight,0,20%,25,3,25C x 3K,50%,19,2,19C x 2K,43.333333333333336,0.0,0.0,0.0,42.53333333333333,0.0,0.0,0.0,43.333333333333336,0.0,0.0,0.0,Bad_L0_Bad_L1,0.0
Bad_L0_Bad_L1 (rho=0.0),Weight,0,20%,25,3,25C x 3K,60%,15,3,15C x 3K,50.0,0.0,0.0,0.0,42.53333333333333,0.0,0.0,0.0,50.0,0.0,0.0,0.0,Bad_L0_Bad_L1,0.0
Bad_L0_Bad_L1 (rho=0.0),Weight,0,20%,25,3,25C x 3K,60%,22,2,22C x 2K,50.0,0.0,0.0,0.0,42.53333333333333,0.0,0.0,0.0,50.0,0.0,0.0,0.0,Bad_L0_Bad_L1,0.0
Bad_L0_Bad_L1 (rho=0.0),Weight,0,20%,25,3,25C x 3K,70%,17,3,17C x 3K,20.0,0.0,0.0,0.0,15.466666666666667,0.0,0.0,0.0,20.0,0.0,0.0,0.0,Bad_L0_Bad_L1,0.0
Bad_L0_Bad_L1 (rho=0.0),Weight,0,20%,25,3,25C x 3K,80%,20,3,20C x 3K,26.666666666666668,0.0,0.0,0.0,15.466666666666667,0.0,0.0,0.0,26.666666666666668,0.0,0.0,0.0,Bad_L0_Bad_L1,0.0
Bad_L0_Bad_L1 (rho=0.0),Weight,0,20%,25,3,25C x 3K,90%,23,3,23C x 3K,26.666666666666668,0.0,0.0,0.0,15.466666666666667,0.0,0.0,0.0,26.666666666666668,0.0,0.0,0.0,Bad_L0_Bad_L1,0.0
Bad_L0_Bad_L1 (rho=0.0),Weight,0,20%,25,3,25C x 3K,100%,25,3,25C x 3K,26.666666666666668,0.0,0.0,0.0,15.466666666666667,0.0,0.0,0.0,26.666666666666668,0.0,0.0,0.0,Bad_L0_Bad_L1,0.0
Bad_L0_Bad_L1 (rho=0.0),Weight,0,20%,5,15,5C x 15K,10%,1,8,1C x 8K,26.666666666666668,0.0,0.0,0.0,68.0,0.0,0.0,0.0,26.666666666666668,0.0,0.0,0.0,Bad_L0_Bad_L1,0.0
Bad_L0_Bad_L1 (rho=0.0),Weight,0,20%,5,15,5C x 15K,10%,3,3,3C x 3K,36.666666666666664,0.0,0.0,0.0,68.0,0.0,0.0,0.0,36.666666666666664,0.0,0.0,0.0,Bad_L0_Bad_L1,0.0
Bad_L0_Bad_L1 (rho=0.0),Weight,0,20%,5,15,5C x 15K,20%,1,15,1C x 15K,43.333333333333336,0.0,0.0,0.0,68.0,0.0,0.0,0.0,43.333333333333336,0.0,0.0,0.0,Bad_L0_Bad_L1,0.0
Bad_L0_Bad_L1 (rho=0.0),Weight,0,20%,5,15,5C x 15K,20%,5,3,5C x 3K,46.666666666666664,0.0,0.0,0.0,68.0,0.0,0.0,0.0,46.666666666666664,0.0,0.0,0.0,Bad_L0_Bad_L1,0.0
Bad_L0_Bad_L1 (rho=0.0),Weight,0,20%,5,15,5C x 15K,30%,1,15,1C x 15K,43.333333333333336,0.0,0.0,0.0,68.0,0.0,0.0,0.0,43.333333333333336,0.0,0.0,0.0,Bad_L0_Bad_L1,0.0
Bad_L0_Bad_L1 (rho=0.0),Weight,0,20%,5,15,5C x 15K,30%,3,8,3C x 8K,43.333333333333336,0.0,0.0,0.0,68.0,0.0,0.0,0.0,43.333333333333336,0.0,0.0,0.0,Bad_L0_Bad_L1,0.0
Bad_L0_Bad_L1 (rho=0.0),Weight,0,20%,5,15,5C x 15K,40%,2,15,2C x 15K,40.0,0.0,0.0,0.0,68.0,0.0,0.0,0.0,40.0,0.0,0.0,0.0,Bad_L0_Bad_L1,0.0
Bad_L0_Bad_L1 (rho=0.0),Weight,0,20%,5,15,5C x 15K,40%,5,6,5C x 6K,53.333333333333336,0.0,0.0,0.0,68.0,0.0,0.0,0.0,53.333333333333336,0.0,0.0,0.0,Bad_L0_Bad_L1,0.0
Bad_L0_Bad_L1 (rho=0.0),Weight,0,20%,5,15,5C x 15K,50%,3,15,3C x 15K,40.0,0.0,0.0,0.0,68.0,0.0,0.0,0.0,40.0,0.0,0.0,0.0,Bad_L0_Bad_L1,0.0
Bad_L0_Bad_L1 (rho=0.0),Weight,0,20%,5,15,5C x 15K,50%,5,7,5C x 7K,53.333333333333336,0.0,0.0,0.0,68.0,0.0,0.0,0.0,53.333333333333336,0.0,0.0,0.0,Bad_L0_Bad_L1,0.0
Bad_L0_Bad_L1 (rho=0.0),Weight,0,20%,5,15,5C x 15K,60%,3,15,3C x 15K,40.0,0.0,0.0,0.0,68.0,0.0,0.0,0.0,40.0,0.0,0.0,0.0,Bad_L0_Bad_L1,0.0
Bad_L0_Bad_L1 (rho=0.0),Weight,0,20%,5,15,5C x 15K,60%,5,9,5C x 9K,56.666666666666664,0.0,0.0,0.0,68.0,0.0,0.0,0.0,56.666666666666664,0.0,0.0,0.0,Bad_L0_Bad_L1,0.0
Bad_L0_Bad_L1 (rho=0.0),Weight,0,20%,5,15,5C x 15K,70%,3,15,3C x 15K,40.0,0.0,0.0,0.0,68.0,0.0,0.0,0.0,40.0,0.0,0.0,0.0,Bad_L0_Bad_L1,0.0
Bad_L0_Bad_L1 (rho=0.0),Weight,0,20%,5,15,5C x 15K,70%,5,10,5C x 10K,53.333333333333336,0.0,0.0,0.0,68.0,0.0,0.0,0.0,53.333333333333336,0.0,0.0,0.0,Bad_L0_Bad_L1,0.0
Bad_L0_Bad_L1 (rho=0.0),Weight,0,20%,5,15,5C x 15K,80%,4,15,4C x 15K,50.0,0.0,0.0,0.0,68.0,0.0,0.0,0.0,50.0,0.0,0.0,0.0,Bad_L0_Bad_L1,0.0
Bad_L0_Bad_L1 (rho=0.0),Weight,0,20%,5,15,5C x 15K,80%,5,12,5C x 12K,56.666666666666664,0.0,0.0,0.0,68.0,0.0,0.0,0.0,56.666666666666664,0.0,0.0,0.0,Bad_L0_Bad_L1,0.0
Bad_L0_Bad_L1 (rho=0.0),Weight,0,20%,5,15,5C x 15K,90%,5,13,5C x 13K,50.0,0.0,0.0,0.0,68.0,0.0,0.0,0.0,50.0,0.0,0.0,0.0,Bad_L0_Bad_L1,0.0
Bad_L0_Bad_L1 (rho=0.0),Weight,0,20%,5,15,5C x 15K,90%,5,15,5C x 15K,53.333333333333336,0.0,0.0,0.0,68.0,0.0,0.0,0.0,53.333333333333336,0.0,0.0,0.0,Bad_L0_Bad_L1,0.0
Bad_L0_Bad_L1 (rho=0.0),Weight,0,20%,5,15,5C x 15K,100%,5,15,5C x 15K,16.666666666666664,0.0,0.0,0.0,30.666666666666664,0.0,0.0,0.0,16.666666666666664,0.0,0.0,0.0,Bad_L0_Bad_L1,0.0
Bad_L0_Bad_L1 (rho=0.0),Weight,0,30%,14,8,14C x 8K,10%,11,1,11C x 1K,26.666666666666668,0.0,0.0,0.0,56.666666666666664,0.0,0.0,0.0,26.666666666666668,0.0,0.0,0.0,Bad_L0_Bad_L1,0.0
Bad_L0_Bad_L1 (rho=0.0),Weight,0,30%,14,8,14C x 8K,10%,1,8,1C x 8K,43.333333333333336,0.0,0.0,0.0,56.666666666666664,0.0,0.0,0.0,43.333333333333336,0.0,0.0,0.0,Bad_L0_Bad_L1,0.0
Bad_L0_Bad_L1 (rho=0.0),Weight,0,30%,14,8,14C x 8K,20%,3,8,3C x 8K,43.333333333333336,0.0,0.0,0.0,56.666666666666664,0.0,0.0,0.0,43.333333333333336,0.0,0.0,0.0,Bad_L0_Bad_L1,0.0
Bad_L0_Bad_L1 (rho=0.0),Weight,0,30%,14,8,14C x 8K,20%,7,3,7C x 3K,50.0,0.0,0.0,0.0,56.666666666666664,0.0,0.0,0.0,50.0,0.0,0.0,0.0,Bad_L0_Bad_L1,0.0
Bad_L0_Bad_L1 (rho=0.0),Weight,0,30%,14,8,14C x 8K,30%,4,8,4C x 8K,40.0,0.0,0.0,0.0,56.666666666666664,0.0,0.0,0.0,40.0,0.0,0.0,0.0,Bad_L0_Bad_L1,0.0
Bad_L0_Bad_L1 (rho=0.0),Weight,0,30%,14,8,14C x 8K,30%,8,4,8C x 4K,63.33333333333333,0.0,0.0,0.0,56.666666666666664,0.0,0.0,0.0,63.33333333333333,0.0,0.0,0.0,Bad_L0_Bad_L1,0.0
Bad_L0_Bad_L1 (rho=0.0),Weight,0,30%,14,8,14C x 8K,40%,6,8,6C x 8K,46.666666666666664,0.0,0.0,0.0,56.666666666666664,0.0,0.0,0.0,46.666666666666664,0.0,0.0,0.0,Bad_L0_Bad_L1,0.0
Bad_L0_Bad_L1 (rho=0.0),Weight,0,30%,14,8,14C x 8K,40%,9,5,9C x 5K,60.0,0.0,0.0,0.0,56.666666666666664,0.0,0.0,0.0,60.0,0.0,0.0,0.0,Bad_L0_Bad_L1,0.0
Bad_L0_Bad_L1 (rho=0.0),Weight,0,30%,14,8,14C x 8K,50%,14,4,14C x 4K,53.333333333333336,0.0,0.0,0.0,56.666666666666664,0.0,0.0,0.0,53.333333333333336,0.0,0.0,0.0,Bad_L0_Bad_L1,0.0
Bad_L0_Bad_L1 (rho=0.0),Weight,0,30%,14,8,14C x 8K,50%,7,8,7C x 8K,53.333333333333336,0.0,0.0,0.0,56.666666666666664,0.0,0.0,0.0,53.333333333333336,0.0,0.0,0.0,Bad_L0_Bad_L1,0.0
Bad_L0_Bad_L1 (rho=0.0),Weight,0,30%,14,8,14C x 8K,60%,13,5,13C x 5K,66.66666666666666,0.0,0.0,0.0,56.666666666666664,0.0,0.0,0.0,66.66666666666666,0.0,0.0,0.0,Bad_L0_Bad_L1,0.0
Bad_L0_Bad_L1 (rho=0.0),Weight,0,30%,14,8,14C x 8K,60%,8,8,8C x 8K,56.666666666666664,0.0,0.0,0.0,56.666666666666664,0.0,0.0,0.0,56.666666666666664,0.0,0.0,0.0,Bad_L0_Bad_L1,0.0
Bad_L0_Bad_L1 (rho=0.0),Weight,0,30%,14,8,14C x 8K,70%,10,8,10C x 8K,56.666666666666664,0.0,0.0,0.0,56.666666666666664,0.0,0.0,0.0,56.666666666666664,0.0,0.0,0.0,Bad_L0_Bad_L1,0.0
Bad_L0_Bad_L1 (rho=0.0),Weight,0,30%,14,8,14C x 8K,70%,13,6,13C x 6K,66.66666666666666,0.0,0.0,0.0,56.666666666666664,0.0,0.0,0.0,66.66666666666666,0.0,0.0,0.0,Bad_L0_Bad_L1,0.0
Bad_L0_Bad_L1 (rho=0.0),Weight,0,30%,14,8,14C x 8K,80%,11,8,11C x 8K,56.666666666666664,0.0,0.0,0.0,56.666666666666664,0.0,0.0,0.0,56.666666666666664,0.0,0.0,0.0,Bad_L0_Bad_L1,0.0
Bad_L0_Bad_L1 (rho=0.0),Weight,0,30%,14,8,14C x 8K,80%,13,7,13C x 7K,63.33333333333333,0.0,0.0,0.0,56.666666666666664,0.0,0.0,0.0,63.33333333333333,0.0,0.0,0.0,Bad_L0_Bad_L1,0.0
Bad_L0_Bad_L1 (rho=0.0),Weight,0,30%,14,8,14C x 8K,90%,13,8,13C x 8K,56.666666666666664,0.0,0.0,0.0,56.666666666666664,0.0,0.0,0.0,56.666666666666664,0.0,0.0,0.0,Bad_L0_Bad_L1,0.0
Bad_L0_Bad_L1 (rho=0.0),Weight,0,30%,14,8,14C x 8K,90%,14,7,14C x 7K,50.0,0.0,0.0,0.0,56.666666666666664,0.0,0.0,0.0,50.0,0.0,0.0,0.0,Bad_L0_Bad_L1,0.0
Bad_L0_Bad_L1 (rho=0.0),Weight,0,30%,14,8,14C x 8K,100%,14,8,14C x 8K,16.666666666666664,0.0,0.0,0.0,23.809523809523807,0.0,0.0,0.0,16.666666666666664,0.0,0.0,0.0,Bad_L0_Bad_L1,0.0
Bad_L0_Bad_L1 (rho=0.0),Weight,0,30%,7,15,7C x 15K,10%,1,10,1C x 10K,33.33333333333333,0.0,0.0,0.0,67.61904761904762,0.0,0.0,0.0,33.33333333333333,0.0,0.0,0.0,Bad_L0_Bad_L1,0.0
Bad_L0_Bad_L1 (rho=0.0),Weight,0,30%,7,15,7C x 15K,10%,2,4,2C x 4K,36.666666666666664,0.0,0.0,0.0,67.61904761904762,0.0,0.0,0.0,36.666666666666664,0.0,0.0,0.0,Bad_L0_Bad_L1,0.0
Bad_L0_Bad_L1 (rho=0.0),Weight,0,30%,7,15,7C x 15K,20%,1,15,1C x 15K,36.666666666666664,0.0,0.0,0.0,67.61904761904762,0.0,0.0,0.0,36.666666666666664,0.0,0.0,0.0,Bad_L0_Bad_L1,0.0
Bad_L0_Bad_L1 (rho=0.0),Weight,0,30%,7,15,7C x 15K,20%,7,3,7C x 3K,46.666666666666664,0.0,0.0,0.0,67.61904761904762,0.0,0.0,0.0,46.666666666666664,0.0,0.0,0.0,Bad_L0_Bad_L1,0.0
Bad_L0_Bad_L1 (rho=0.0),Weight,0,30%,7,15,7C x 15K,30%,2,15,2C x 15K,56.666666666666664,0.0,0.0,0.0,67.61904761904762,0.0,0.0,0.0,56.666666666666664,0.0,0.0,0.0,Bad_L0_Bad_L1,0.0
Bad_L0_Bad_L1 (rho=0.0),Weight,0,30%,7,15,7C x 15K,30%,4,8,4C x 8K,40.0,0.0,0.0,0.0,67.61904761904762,0.0,0.0,0.0,40.0,0.0,0.0,0.0,Bad_L0_Bad_L1,0.0
Bad_L0_Bad_L1 (rho=0.0),Weight,0,30%,7,15,7C x 15K,40%,3,15,3C x 15K,56.666666666666664,0.0,0.0,0.0,67.61904761904762,0.0,0.0,0.0,56.666666666666664,0.0,0.0,0.0,Bad_L0_Bad_L1,0.0
Bad_L0_Bad_L1 (rho=0.0),Weight,0,30%,7,15,7C x 15K,40%,7,6,7C x 6K,40.0,0.0,0.0,0.0,67.61904761904762,0.0,0.0,0.0,40.0,0.0,0.0,0.0,Bad_L0_Bad_L1,0.0
Bad_L0_Bad_L1 (rho=0.0),Weight,0,30%,7,15,7C x 15K,50%,3,15,3C x 15K,56.666666666666664,0.0,0.0,0.0,67.61904761904762,0.0,0.0,0.0,56.666666666666664,0.0,0.0,0.0,Bad_L0_Bad_L1,0.0
Bad_L0_Bad_L1 (rho=0.0),Weight,0,30%,7,15,7C x 15K,50%,7,7,7C x 7K,50.0,0.0,0.0,0.0,67.61904761904762,0.0,0.0,0.0,50.0,0.0,0.0,0.0,Bad_L0_Bad_L1,0.0
Bad_L0_Bad_L1 (rho=0.0),Weight,0,30%,7,15,7C x 15K,60%,4,15,4C x 15K,50.0,0.0,0.0,0.0,67.61904761904762,0.0,0.0,0.0,50.0,0.0,0.0,0.0,Bad_L0_Bad_L1,0.0
Bad_L0_Bad_L1 (rho=0.0),Weight,0,30%,7,15,7C x 15K,60%,7,9,7C x 9K,53.333333333333336,0.0,0.0,0.0,67.61904761904762,0.0,0.0,0.0,53.333333333333336,0.0,0.0,0.0,Bad_L0_Bad_L1,0.0
Bad_L0_Bad_L1 (rho=0.0),Weight,0,30%,7,15,7C x 15K,70%,5,15,5C x 15K,46.666666666666664,0.0,0.0,0.0,67.61904761904762,0.0,0.0,0.0,46.666666666666664,0.0,0.0,0.0,Bad_L0_Bad_L1,0.0
Bad_L0_Bad_L1 (rho=0.0),Weight,0,30%,7,15,7C x 15K,70%,7,10,7C x 10K,60.0,0.0,0.0,0.0,67.61904761904762,0.0,0.0,0.0,60.0,0.0,0.0,0.0,Bad_L0_Bad_L1,0.0
Bad_L0_Bad_L1 (rho=0.0),Weight,0,30%,7,15,7C x 15K,80%,6,15,6C x 15K,56.666666666666664,0.0,0.0,0.0,67.61904761904762,0.0,0.0,0.0,56.666666666666664,0.0,0.0,0.0,Bad_L0_Bad_L1,0.0
Bad_L0_Bad_L1 (rho=0.0),Weight,0,30%,7,15,7C x 15K,80%,7,12,7C x 12K,60.0,0.0,0.0,0.0,67.61904761904762,0.0,0.0,0.0,60.0,0.0,0.0,0.0,Bad_L0_Bad_L1,0.0
Bad_L0_Bad_L1 (rho=0.0),Weight,0,30%,7,15,7C x 15K,90%,6,15,6C x 15K,56.666666666666664,0.0,0.0,0.0,67.61904761904762,0.0,0.0,0.0,56.666666666666664,0.0,0.0,0.0,Bad_L0_Bad_L1,0.0
Bad_L0_Bad_L1 (rho=0.0),Weight,0,30%,7,15,7C x 15K,90%,7,13,7C x 13K,53.333333333333336,0.0,0.0,0.0,67.61904761904762,0.0,0.0,0.0,53.333333333333336,0.0,0.0,0.0,Bad_L0_Bad_L1,0.0
Bad_L0_Bad_L1 (rho=0.0),Weight,0,30%,7,15,7C x 15K,100%,7,15,7C x 15K,23.333333333333332,0.0,0.0,0.0,29.523809523809526,0.0,0.0,0.0,23.333333333333332,0.0,0.0,0.0,Bad_L0_Bad_L1,0.0
Bad_L0_Bad_L1 (rho=0.0),Weight,0,40%,10,15,10C x 15K,10%,1,15,1C x 15K,50.0,0.0,0.0,0.0,69.33333333333334,0.0,0.0,0.0,50.0,0.0,0.0,0.0,Bad_L0_Bad_L1,0.0
Bad_L0_Bad_L1 (rho=0.0),Weight,0,40%,10,15,10C x 15K,10%,2,6,2C x 6K,36.666666666666664,0.0,0.0,0.0,69.33333333333334,0.0,0.0,0.0,36.666666666666664,0.0,0.0,0.0,Bad_L0_Bad_L1,0.0
Bad_L0_Bad_L1 (rho=0.0),Weight,0,40%,10,15,10C x 15K,20%,10,3,10C x 3K,36.666666666666664,0.0,0.0,0.0,69.33333333333334,0.0,0.0,0.0,36.666666666666664,0.0,0.0,0.0,Bad_L0_Bad_L1,0.0
Bad_L0_Bad_L1 (rho=0.0),Weight,0,40%,10,15,10C x 15K,20%,2,15,2C x 15K,46.666666666666664,0.0,0.0,0.0,69.33333333333334,0.0,0.0,0.0,46.666666666666664,0.0,0.0,0.0,Bad_L0_Bad_L1,0.0
Bad_L0_Bad_L1 (rho=0.0),Weight,0,40%,10,15,10C x 15K,30%,3,15,3C x 15K,56.666666666666664,0.0,0.0,0.0,69.33333333333334,0.0,0.0,0.0,56.666666666666664,0.0,0.0,0.0,Bad_L0_Bad_L1,0.0
Bad_L0_Bad_L1 (rho=0.0),Weight,0,40%,10,15,10C x 15K,30%,6,8,6C x 8K,40.0,0.0,0.0,0.0,69.33333333333334,0.0,0.0,0.0,40.0,0.0,0.0,0.0,Bad_L0_Bad_L1,0.0
Bad_L0_Bad_L1 (rho=0.0),Weight,0,40%,10,15,10C x 15K,40%,10,6,10C x 6K,36.666666666666664,0.0,0.0,0.0,69.33333333333334,0.0,0.0,0.0,36.666666666666664,0.0,0.0,0.0,Bad_L0_Bad_L1,0.0
Bad_L0_Bad_L1 (rho=0.0),Weight,0,40%,10,15,10C x 15K,40%,4,15,4C x 15K,56.666666666666664,0.0,0.0,0.0,69.33333333333334,0.0,0.0,0.0,56.666666666666664,0.0,0.0,0.0,Bad_L0_Bad_L1,0.0
Bad_L0_Bad_L1 (rho=0.0),Weight,0,40%,10,15,10C x 15K,50%,5,15,5C x 15K,56.666666666666664,0.0,0.0,0.0,69.33333333333334,0.0,0.0,0.0,56.666666666666664,0.0,0.0,0.0,Bad_L0_Bad_L1,0.0
Bad_L0_Bad_L1 (rho=0.0),Weight,0,40%,10,15,10C x 15K,50%,8,10,8C x 10K,50.0,0.0,0.0,0.0,69.33333333333334,0.0,0.0,0.0,50.0,0.0,0.0,0.0,Bad_L0_Bad_L1,0.0
Bad_L0_Bad_L1 (rho=0.0),Weight,0,40%,10,15,10C x 15K,60%,10,9,10C x 9K,50.0,0.0,0.0,0.0,69.33333333333334,0.0,0.0,0.0,50.0,0.0,0.0,0.0,Bad_L0_Bad_L1,0.0
Bad_L0_Bad_L1 (rho=0.0),Weight,0,40%,10,15,10C x 15K,60%,6,15,6C x 15K,63.33333333333333,0.0,0.0,0.0,69.33333333333334,0.0,0.0,0.0,63.33333333333333,0.0,0.0,0.0,Bad_L0_Bad_L1,0.0
Bad_L0_Bad_L1 (rho=0.0),Weight,0,40%,10,15,10C x 15K,70%,10,10,10C x 10K,50.0,0.0,0.0,0.0,69.33333333333334,0.0,0.0,0.0,50.0,0.0,0.0,0.0,Bad_L0_Bad_L1,0.0
Bad_L0_Bad_L1 (rho=0.0),Weight,0,40%,10,15,10C x 15K,70%,7,15,7C x 15K,56.666666666666664,0.0,0.0,0.0,69.33333333333334,0.0,0.0,0.0,56.666666666666664,0.0,0.0,0.0,Bad_L0_Bad_L1,0.0
Bad_L0_Bad_L1 (rho=0.0),Weight,0,40%,10,15,10C x 15K,80%,10,12,10C x 12K,53.333333333333336,0.0,0.0,0.0,69.33333333333334,0.0,0.0,0.0,53.333333333333336,0.0,0.0,0.0,Bad_L0_Bad_L1,0.0
Bad_L0_Bad_L1 (rho=0.0),Weight,0,40%,10,15,10C x 15K,80%,8,15,8C x 15K,60.0,0.0,0.0,0.0,69.33333333333334,0.0,0.0,0.0,60.0,0.0,0.0,0.0,Bad_L0_Bad_L1,0.0
Bad_L0_Bad_L1 (rho=0.0),Weight,0,40%,10,15,10C x 15K,90%,10,13,10C x 13K,60.0,0.0,0.0,0.0,69.33333333333334,0.0,0.0,0.0,60.0,0.0,0.0,0.0,Bad_L0_Bad_L1,0.0
Bad_L0_Bad_L1 (rho=0.0),Weight,0,40%,10,15,10C x 15K,90%,9,15,9C x 15K,63.33333333333333,0.0,0.0,0.0,69.33333333333334,0.0,0.0,0.0,63.33333333333333,0.0,0.0,0.0,Bad_L0_Bad_L1,0.0
Bad_L0_Bad_L1 (rho=0.0),Weight,0,40%,10,15,10C x 15K,100%,10,15,10C x 15K,20.0,0.0,0.0,0.0,30.0,0.0,0.0,0.0,20.0,0.0,0.0,0.0,Bad_L0_Bad_L1,0.0
Bad_L0_Bad_L1 (rho=0.0),Weight,0,40%,25,6,25C x 6K,10%,15,1,15C x 1K,33.33333333333333,0.0,0.0,0.0,51.866666666666674,0.0,0.0,0.0,33.33333333333333,0.0,0.0,0.0,Bad_L0_Bad_L1,0.0
Bad_L0_Bad_L1 (rho=0.0),Weight,0,40%,25,6,25C x 6K,10%,2,6,2C x 6K,40.0,0.0,0.0,0.0,51.866666666666674,0.0,0.0,0.0,40.0,0.0,0.0,0.0,Bad_L0_Bad_L1,0.0
Bad_L0_Bad_L1 (rho=0.0),Weight,0,40%,25,6,25C x 6K,20%,10,3,10C x 3K,36.666666666666664,0.0,0.0,0.0,51.866666666666674,0.0,0.0,0.0,36.666666666666664,0.0,0.0,0.0,Bad_L0_Bad_L1,0.0
Bad_L0_Bad_L1 (rho=0.0),Weight,0,40%,25,6,25C x 6K,20%,5,6,5C x 6K,36.666666666666664,0.0,0.0,0.0,51.866666666666674,0.0,0.0,0.0,36.666666666666664,0.0,0.0,0.0,Bad_L0_Bad_L1,0.0
Bad_L0_Bad_L1 (rho=0.0),Weight,0,40%,25,6,25C x 6K,30%,15,3,15C x 3K,43.333333333333336,0.0,0.0,0.0,51.866666666666674,0.0,0.0,0.0,43.333333333333336,0.0,0.0,0.0,Bad_L0_Bad_L1,0.0
Bad_L0_Bad_L1 (rho=0.0),Weight,0,40%,25,6,25C x 6K,30%,8,6,8C x 6K,53.333333333333336,0.0,0.0,0.0,51.866666666666674,0.0,0.0,0.0,53.333333333333336,0.0,0.0,0.0,Bad_L0_Bad_L1,0.0
Bad_L0_Bad_L1 (rho=0.0),Weight,0,40%,25,6,25C x 6K,40%,10,6,10C x 6K,56.666666666666664,0.0,0.0,0.0,51.866666666666674,0.0,0.0,0.0,56.666666666666664,0.0,0.0,0.0,Bad_L0_Bad_L1,0.0
Bad_L0_Bad_L1 (rho=0.0),Weight,0,40%,25,6,25C x 6K,40%,20,3,20C x 3K,53.333333333333336,0.0,0.0,0.0,51.866666666666674,0.0,0.0,0.0,53.333333333333336,0.0,0.0,0.0,Bad_L0_Bad_L1,0.0
Bad_L0_Bad_L1 (rho=0.0),Weight,0,40%,25,6,25C x 6K,50%,12,6,12C x 6K,53.333333333333336,0.0,0.0,0.0,51.866666666666674,0.0,0.0,0.0,53.333333333333336,0.0,0.0,0.0,Bad_L0_Bad_L1,0.0
Bad_L0_Bad_L1 (rho=0.0),Weight,0,40%,25,6,25C x 6K,50%,25,3,25C x 3K,43.333333333333336,0.0,0.0,0.0,51.866666666666674,0.0,0.0,0.0,43.333333333333336,0.0,0.0,0.0,Bad_L0_Bad_L1,0.0
Bad_L0_Bad_L1 (rho=0.0),Weight,0,40%,25,6,25C x 6K,60%,15,6,15C x 6K,53.333333333333336,0.0,0.0,0.0,51.866666666666674,0.0,0.0,0.0,53.333333333333336,0.0,0.0,0.0,Bad_L0_Bad_L1,0.0
Bad_L0_Bad_L1 (rho=0.0),Weight,0,40%,25,6,25C x 6K,60%,22,4,22C x 4K,46.666666666666664,0.0,0.0,0.0,51.866666666666674,0.0,0.0,0.0,46.666666666666664,0.0,0.0,0.0,Bad_L0_Bad_L1,0.0
Bad_L0_Bad_L1 (rho=0.0),Weight,0,40%,25,6,25C x 6K,70%,18,6,18C x 6K,56.666666666666664,0.0,0.0,0.0,51.866666666666674,0.0,0.0,0.0,56.666666666666664,0.0,0.0,0.0,Bad_L0_Bad_L1,0.0
Bad_L0_Bad_L1 (rho=0.0),Weight,0,40%,25,6,25C x 6K,70%,21,5,21C x 5K,60.0,0.0,0.0,0.0,51.866666666666674,0.0,0.0,0.0,60.0,0.0,0.0,0.0,Bad_L0_Bad_L1,0.0
Bad_L0_Bad_L1 (rho=0.0),Weight,0,40%,25,6,25C x 6K,80%,20,6,20C x 6K,56.666666666666664,0.0,0.0,0.0,51.866666666666674,0.0,0.0,0.0,56.666666666666664,0.0,0.0,0.0,Bad_L0_Bad_L1,0.0
Bad_L0_Bad_L1 (rho=0.0),Weight,0,40%,25,6,25C x 6K,80%,24,5,24C x 5K,56.666666666666664,0.0,0.0,0.0,51.866666666666674,0.0,0.0,0.0,56.666666666666664,0.0,0.0,0.0,Bad_L0_Bad_L1,0.0
Bad_L0_Bad_L1 (rho=0.0),Weight,0,40%,25,6,25C x 6K,90%,22,6,22C x 6K,26.666666666666668,0.0,0.0,0.0,19.333333333333332,0.0,0.0,0.0,26.666666666666668,0.0,0.0,0.0,Bad_L0_Bad_L1,0.0
Bad_L0_Bad_L1 (rho=0.0),Weight,0,40%,25,6,25C x 6K,100%,25,6,25C x 6K,33.33333333333333,0.0,0.0,0.0,19.333333333333332,0.0,0.0,0.0,33.33333333333333,0.0,0.0,0.0,Bad_L0_Bad_L1,0.0
Bad_L0_Bad_L1 (rho=0.0),Weight,0,50%,13,15,13C x 15K,10%,1,15,1C x 15K,43.333333333333336,0.0,0.0,0.0,69.48717948717949,0.0,0.0,0.0,43.333333333333336,0.0,0.0,0.0,Bad_L0_Bad_L1,0.0
Bad_L0_Bad_L1 (rho=0.0),Weight,0,50%,13,15,13C x 15K,10%,3,6,3C x 6K,46.666666666666664,0.0,0.0,0.0,69.48717948717949,0.0,0.0,0.0,46.666666666666664,0.0,0.0,0.0,Bad_L0_Bad_L1,0.0
Bad_L0_Bad_L1 (rho=0.0),Weight,0,50%,13,15,13C x 15K,20%,13,3,13C x 3K,40.0,0.0,0.0,0.0,69.48717948717949,0.0,0.0,0.0,40.0,0.0,0.0,0.0,Bad_L0_Bad_L1,0.0
Bad_L0_Bad_L1 (rho=0.0),Weight,0,50%,13,15,13C x 15K,20%,3,15,3C x 15K,50.0,0.0,0.0,0.0,69.48717948717949,0.0,0.0,0.0,50.0,0.0,0.0,0.0,Bad_L0_Bad_L1,0.0
Bad_L0_Bad_L1 (rho=0.0),Weight,0,50%,13,15,13C x 15K,30%,4,15,4C x 15K,50.0,0.0,0.0,0.0,69.48717948717949,0.0,0.0,0.0,50.0,0.0,0.0,0.0,Bad_L0_Bad_L1,0.0
Bad_L0_Bad_L1 (rho=0.0),Weight,0,50%,13,15,13C x 15K,30%,7,8,7C x 8K,56.666666666666664,0.0,0.0,0.0,69.48717948717949,0.0,0.0,0.0,56.666666666666664,0.0,0.0,0.0,Bad_L0_Bad_L1,0.0
Bad_L0_Bad_L1 (rho=0.0),Weight,0,50%,13,15,13C x 15K,40%,13,6,13C x 6K,40.0,0.0,0.0,0.0,69.48717948717949,0.0,0.0,0.0,40.0,0.0,0.0,0.0,Bad_L0_Bad_L1,0.0
Bad_L0_Bad_L1 (rho=0.0),Weight,0,50%,13,15,13C x 15K,40%,5,15,5C x 15K,56.666666666666664,0.0,0.0,0.0,69.48717948717949,0.0,0.0,0.0,56.666666666666664,0.0,0.0,0.0,Bad_L0_Bad_L1,0.0
Bad_L0_Bad_L1 (rho=0.0),Weight,0,50%,13,15,13C x 15K,50%,10,10,10C x 10K,56.666666666666664,0.0,0.0,0.0,69.48717948717949,0.0,0.0,0.0,56.666666666666664,0.0,0.0,0.0,Bad_L0_Bad_L1,0.0
Bad_L0_Bad_L1 (rho=0.0),Weight,0,50%,13,15,13C x 15K,50%,7,15,7C x 15K,56.666666666666664,0.0,0.0,0.0,69.48717948717949,0.0,0.0,0.0,56.666666666666664,0.0,0.0,0.0,Bad_L0_Bad_L1,0.0
Bad_L0_Bad_L1 (rho=0.0),Weight,0,50%,13,15,13C x 15K,60%,13,9,13C x 9K,50.0,0.0,0.0,0.0,69.48717948717949,0.0,0.0,0.0,50.0,0.0,0.0,0.0,Bad_L0_Bad_L1,0.0
Bad_L0_Bad_L1 (rho=0.0),Weight,0,50%,13,15,13C x 15K,60%,8,15,8C x 15K,66.66666666666666,0.0,0.0,0.0,69.48717948717949,0.0,0.0,0.0,66.66666666666666,0.0,0.0,0.0,Bad_L0_Bad_L1,0.0
Bad_L0_Bad_L1 (rho=0.0),Weight,0,50%,13,15,13C x 15K,70%,11,12,11C x 12K,60.0,0.0,0.0,0.0,69.48717948717949,0.0,0.0,0.0,60.0,0.0,0.0,0.0,Bad_L0_Bad_L1,0.0
Bad_L0_Bad_L1 (rho=0.0),Weight,0,50%,13,15,13C x 15K,70%,9,15,9C x 15K,63.33333333333333,0.0,0.0,0.0,69.48717948717949,0.0,0.0,0.0,63.33333333333333,0.0,0.0,0.0,Bad_L0_Bad_L1,0.0
Bad_L0_Bad_L1 (rho=0.0),Weight,0,50%,13,15,13C x 15K,80%,10,15,10C x 15K,63.33333333333333,0.0,0.0,0.0,69.48717948717949,0.0,0.0,0.0,63.33333333333333,0.0,0.0,0.0,Bad_L0_Bad_L1,0.0
Bad_L0_Bad_L1 (rho=0.0),Weight,0,50%,13,15,13C x 15K,80%,13,12,13C x 12K,60.0,0.0,0.0,0.0,69.48717948717949,0.0,0.0,0.0,60.0,0.0,0.0,0.0,Bad_L0_Bad_L1,0.0
Bad_L0_Bad_L1 (rho=0.0),Weight,0,50%,13,15,13C x 15K,90%,12,15,12C x 15K,70.0,0.0,0.0,0.0,69.48717948717949,0.0,0.0,0.0,70.0,0.0,0.0,0.0,Bad_L0_Bad_L1,0.0
Bad_L0_Bad_L1 (rho=0.0),Weight,0,50%,13,15,13C x 15K,90%,13,14,13C x 14K,63.33333333333333,0.0,0.0,0.0,69.48717948717949,0.0,0.0,0.0,63.33333333333333,0.0,0.0,0.0,Bad_L0_Bad_L1,0.0
Bad_L0_Bad_L1 (rho=0.0),Weight,0,50%,13,15,13C x 15K,100%,13,15,13C x 15K,23.333333333333332,0.0,0.0,0.0,30.512820512820515,0.0,0.0,0.0,23.333333333333332,0.0,0.0,0.0,Bad_L0_Bad_L1,0.0
Bad_L0_Bad_L1 (rho=0.0),Weight,0,50%,19,10,19C x 10K,10%,19,1,19C x 1K,33.33333333333333,0.0,0.0,0.0,58.94736842105262,0.0,0.0,0.0,33.33333333333333,0.0,0.0,0.0,Bad_L0_Bad_L1,0.0
Bad_L0_Bad_L1 (rho=0.0),Weight,0,50%,19,10,19C x 10K,10%,2,10,2C x 10K,36.666666666666664,0.0,0.0,0.0,58.94736842105262,0.0,0.0,0.0,36.666666666666664,0.0,0.0,0.0,Bad_L0_Bad_L1,0.0
Bad_L0_Bad_L1 (rho=0.0),Weight,0,50%,19,10,19C x 10K,20%,19,2,19C x 2K,50.0,0.0,0.0,0.0,58.94736842105262,0.0,0.0,0.0,50.0,0.0,0.0,0.0,Bad_L0_Bad_L1,0.0
Bad_L0_Bad_L1 (rho=0.0),Weight,0,50%,19,10,19C x 10K,20%,4,10,4C x 10K,33.33333333333333,0.0,0.0,0.0,58.94736842105262,0.0,0.0,0.0,33.33333333333333,0.0,0.0,0.0,Bad_L0_Bad_L1,0.0
Bad_L0_Bad_L1 (rho=0.0),Weight,0,50%,19,10,19C x 10K,30%,19,3,19C x 3K,60.0,0.0,0.0,0.0,58.94736842105262,0.0,0.0,0.0,60.0,0.0,0.0,0.0,Bad_L0_Bad_L1,0.0
Bad_L0_Bad_L1 (rho=0.0),Weight,0,50%,19,10,19C x 10K,30%,6,10,6C x 10K,46.666666666666664,0.0,0.0,0.0,58.94736842105262,0.0,0.0,0.0,46.666666666666664,0.0,0.0,0.0,Bad_L0_Bad_L1,0.0
Bad_L0_Bad_L1 (rho=0.0),Weight,0,50%,19,10,19C x 10K,40%,19,4,19C x 4K,53.333333333333336,0.0,0.0,0.0,58.94736842105262,0.0,0.0,0.0,53.333333333333336,0.0,0.0,0.0,Bad_L0_Bad_L1,0.0
Bad_L0_Bad_L1 (rho=0.0),Weight,0,50%,19,10,19C x 10K,40%,8,10,8C x 10K,50.0,0.0,0.0,0.0,58.94736842105262,0.0,0.0,0.0,50.0,0.0,0.0,0.0,Bad_L0_Bad_L1,0.0
Bad_L0_Bad_L1 (rho=0.0),Weight,0,50%,19,10,19C x 10K,50%,10,10,10C x 10K,46.666666666666664,0.0,0.0,0.0,58.94736842105262,0.0,0.0,0.0,46.666666666666664,0.0,0.0,0.0,Bad_L0_Bad_L1,0.0
Bad_L0_Bad_L1 (rho=0.0),Weight,0,50%,19,10,19C x 10K,50%,19,5,19C x 5K,56.666666666666664,0.0,0.0,0.0,58.94736842105262,0.0,0.0,0.0,56.666666666666664,0.0,0.0,0.0,Bad_L0_Bad_L1,0.0
Bad_L0_Bad_L1 (rho=0.0),Weight,0,50%,19,10,19C x 10K,60%,11,10,11C x 10K,53.333333333333336,0.0,0.0,0.0,58.94736842105262,0.0,0.0,0.0,53.333333333333336,0.0,0.0,0.0,Bad_L0_Bad_L1,0.0
Bad_L0_Bad_L1 (rho=0.0),Weight,0,50%,19,10,19C x 10K,60%,19,6,19C x 6K,46.666666666666664,0.0,0.0,0.0,58.94736842105262,0.0,0.0,0.0,46.666666666666664,0.0,0.0,0.0,Bad_L0_Bad_L1,0.0
Bad_L0_Bad_L1 (rho=0.0),Weight,0,50%,19,10,19C x 10K,70%,13,10,13C x 10K,60.0,0.0,0.0,0.0,58.94736842105262,0.0,0.0,0.0,60.0,0.0,0.0,0.0,Bad_L0_Bad_L1,0.0
Bad_L0_Bad_L1 (rho=0.0),Weight,0,50%,19,10,19C x 10K,70%,19,7,19C x 7K,63.33333333333333,0.0,0.0,0.0,58.94736842105262,0.0,0.0,0.0,63.33333333333333,0.0,0.0,0.0,Bad_L0_Bad_L1,0.0
Bad_L0_Bad_L1 (rho=0.0),Weight,0,50%,19,10,19C x 10K,80%,15,10,15C x 10K,60.0,0.0,0.0,0.0,58.94736842105262,0.0,0.0,0.0,60.0,0.0,0.0,0.0,Bad_L0_Bad_L1,0.0
Bad_L0_Bad_L1 (rho=0.0),Weight,0,50%,19,10,19C x 10K,80%,19,8,19C x 8K,70.0,0.0,0.0,0.0,58.94736842105262,0.0,0.0,0.0,70.0,0.0,0.0,0.0,Bad_L0_Bad_L1,0.0
Bad_L0_Bad_L1 (rho=0.0),Weight,0,50%,19,10,19C x 10K,90%,17,10,17C x 10K,63.33333333333333,0.0,0.0,0.0,58.94736842105262,0.0,0.0,0.0,63.33333333333333,0.0,0.0,0.0,Bad_L0_Bad_L1,0.0
Bad_L0_Bad_L1 (rho=0.0),Weight,0,50%,19,10,19C x 10K,90%,19,9,19C x 9K,73.33333333333333,0.0,0.0,0.0,58.94736842105262,0.0,0.0,0.0,73.33333333333333,0.0,0.0,0.0,Bad_L0_Bad_L1,0.0
Bad_L0_Bad_L1 (rho=0.0),Weight,0,50%,19,10,19C x 10K,100%,19,10,19C x 10K,20.0,0.0,0.0,0.0,25.789473684210527,0.0,0.0,0.0,20.0,0.0,0.0,0.0,Bad_L0_Bad_L1,0.0
Bad_L0_Bad_L1 (rho=0.0),Weight,0,60%,15,15,15C x 15K,10%,1,15,1C x 15K,53.333333333333336,0.0,0.0,0.0,69.11111111111111,0.0,0.0,0.0,53.333333333333336,0.0,0.0,0.0,Bad_L0_Bad_L1,0.0
Bad_L0_Bad_L1 (rho=0.0),Weight,0,60%,15,15,15C x 15K,10%,4,6,4C x 6K,33.33333333333333,0.0,0.0,0.0,69.11111111111111,0.0,0.0,0.0,33.33333333333333,0.0,0.0,0.0,Bad_L0_Bad_L1,0.0
Bad_L0_Bad_L1 (rho=0.0),Weight,0,60%,15,15,15C x 15K,20%,15,3,15C x 3K,46.666666666666664,0.0,0.0,0.0,69.11111111111111,0.0,0.0,0.0,46.666666666666664,0.0,0.0,0.0,Bad_L0_Bad_L1,0.0
Bad_L0_Bad_L1 (rho=0.0),Weight,0,60%,15,15,15C x 15K,20%,3,15,3C x 15K,43.333333333333336,0.0,0.0,0.0,69.11111111111111,0.0,0.0,0.0,43.333333333333336,0.0,0.0,0.0,Bad_L0_Bad_L1,0.0
Bad_L0_Bad_L1 (rho=0.0),Weight,0,60%,15,15,15C x 15K,30%,5,15,5C x 15K,50.0,0.0,0.0,0.0,69.11111111111111,0.0,0.0,0.0,50.0,0.0,0.0,0.0,Bad_L0_Bad_L1,0.0
Bad_L0_Bad_L1 (rho=0.0),Weight,0,60%,15,15,15C x 15K,30%,8,8,8C x 8K,43.333333333333336,0.0,0.0,0.0,69.11111111111111,0.0,0.0,0.0,43.333333333333336,0.0,0.0,0.0,Bad_L0_Bad_L1,0.0
Bad_L0_Bad_L1 (rho=0.0),Weight,0,60%,15,15,15C x 15K,40%,15,6,15C x 6K,56.666666666666664,0.0,0.0,0.0,69.11111111111111,0.0,0.0,0.0,56.666666666666664,0.0,0.0,0.0,Bad_L0_Bad_L1,0.0
Bad_L0_Bad_L1 (rho=0.0),Weight,0,60%,15,15,15C x 15K,40%,6,15,6C x 15K,56.666666666666664,0.0,0.0,0.0,69.11111111111111,0.0,0.0,0.0,56.666666666666664,0.0,0.0,0.0,Bad_L0_Bad_L1,0.0
Bad_L0_Bad_L1 (rho=0.0),Weight,0,60%,15,15,15C x 15K,50%,11,10,11C x 10K,56.666666666666664,0.0,0.0,0.0,69.11111111111111,0.0,0.0,0.0,56.666666666666664,0.0,0.0,0.0,Bad_L0_Bad_L1,0.0
Bad_L0_Bad_L1 (rho=0.0),Weight,0,60%,15,15,15C x 15K,50%,7,15,7C x 15K,60.0,0.0,0.0,0.0,69.11111111111111,0.0,0.0,0.0,60.0,0.0,0.0,0.0,Bad_L0_Bad_L1,0.0
Bad_L0_Bad_L1 (rho=0.0),Weight,0,60%,15,15,15C x 15K,60%,15,9,15C x 9K,63.33333333333333,0.0,0.0,0.0,69.11111111111111,0.0,0.0,0.0,63.33333333333333,0.0,0.0,0.0,Bad_L0_Bad_L1,0.0
Bad_L0_Bad_L1 (rho=0.0),Weight,0,60%,15,15,15C x 15K,60%,9,15,9C x 15K,60.0,0.0,0.0,0.0,69.11111111111111,0.0,0.0,0.0,60.0,0.0,0.0,0.0,Bad_L0_Bad_L1,0.0
Bad_L0_Bad_L1 (rho=0.0),Weight,0,60%,15,15,15C x 15K,70%,11,15,11C x 15K,70.0,0.0,0.0,0.0,69.11111111111111,0.0,0.0,0.0,70.0,0.0,0.0,0.0,Bad_L0_Bad_L1,0.0
Bad_L0_Bad_L1 (rho=0.0),Weight,0,60%,15,15,15C x 15K,70%,13,12,13C x 12K,73.33333333333333,0.0,0.0,0.0,69.11111111111111,0.0,0.0,0.0,73.33333333333333,0.0,0.0,0.0,Bad_L0_Bad_L1,0.0
Bad_L0_Bad_L1 (rho=0.0),Weight,0,60%,15,15,15C x 15K,80%,12,15,12C x 15K,70.0,0.0,0.0,0.0,69.11111111111111,0.0,0.0,0.0,70.0,0.0,0.0,0.0,Bad_L0_Bad_L1,0.0
Bad_L0_Bad_L1 (rho=0.0),Weight,0,60%,15,15,15C x 15K,80%,15,12,15C x 12K,66.66666666666666,0.0,0.0,0.0,69.11111111111111,0.0,0.0,0.0,66.66666666666666,0.0,0.0,0.0,Bad_L0_Bad_L1,0.0
Bad_L0_Bad_L1 (rho=0.0),Weight,0,60%,15,15,15C x 15K,90%,13,15,13C x 15K,70.0,0.0,0.0,0.0,69.11111111111111,0.0,0.0,0.0,70.0,0.0,0.0,0.0,Bad_L0_Bad_L1,0.0
Bad_L0_Bad_L1 (rho=0.0),Weight,0,60%,15,15,15C x 15K,90%,14,14,14C x 14K,66.66666666666666,0.0,0.0,0.0,69.11111111111111,0.0,0.0,0.0,66.66666666666666,0.0,0.0,0.0,Bad_L0_Bad_L1,0.0
Bad_L0_Bad_L1 (rho=0.0),Weight,0,60%,15,15,15C x 15K,100%,15,15,15C x 15K,23.333333333333332,0.0,0.0,0.0,29.555555555555557,0.0,0.0,0.0,23.333333333333332,0.0,0.0,0.0,Bad_L0_Bad_L1,0.0
Bad_L0_Bad_L1 (rho=0.0),Weight,0,60%,25,9,25C x 9K,10%,22,1,22C x 1K,36.666666666666664,0.0,0.0,0.0,58.13333333333334,0.0,0.0,0.0,36.666666666666664,0.0,0.0,0.0,Bad_L0_Bad_L1,0.0
Bad_L0_Bad_L1 (rho=0.0),Weight,0,60%,25,9,25C x 9K,10%,2,9,2C x 9K,30.0,0.0,0.0,0.0,58.13333333333334,0.0,0.0,0.0,30.0,0.0,0.0,0.0,Bad_L0_Bad_L1,0.0
Bad_L0_Bad_L1 (rho=0.0),Weight,0,60%,25,9,25C x 9K,20%,11,4,11C x 4K,40.0,0.0,0.0,0.0,58.13333333333334,0.0,0.0,0.0,40.0,0.0,0.0,0.0,Bad_L0_Bad_L1,0.0
Bad_L0_Bad_L1 (rho=0.0),Weight,0,60%,25,9,25C x 9K,20%,5,9,5C x 9K,46.666666666666664,0.0,0.0,0.0,58.13333333333334,0.0,0.0,0.0,46.666666666666664,0.0,0.0,0.0,Bad_L0_Bad_L1,0.0
Bad_L0_Bad_L1 (rho=0.0),Weight,0,60%,25,9,25C x 9K,30%,17,4,17C x 4K,50.0,0.0,0.0,0.0,58.13333333333334,0.0,0.0,0.0,50.0,0.0,0.0,0.0,Bad_L0_Bad_L1,0.0
Bad_L0_Bad_L1 (rho=0.0),Weight,0,60%,25,9,25C x 9K,30%,8,9,8C x 9K,53.333333333333336,0.0,0.0,0.0,58.13333333333334,0.0,0.0,0.0,53.333333333333336,0.0,0.0,0.0,Bad_L0_Bad_L1,0.0
Bad_L0_Bad_L1 (rho=0.0),Weight,0,60%,25,9,25C x 9K,40%,10,9,10C x 9K,63.33333333333333,0.0,0.0,0.0,58.13333333333334,0.0,0.0,0.0,63.33333333333333,0.0,0.0,0.0,Bad_L0_Bad_L1,0.0
Bad_L0_Bad_L1 (rho=0.0),Weight,0,60%,25,9,25C x 9K,40%,18,5,18C x 5K,40.0,0.0,0.0,0.0,58.13333333333334,0.0,0.0,0.0,40.0,0.0,0.0,0.0,Bad_L0_Bad_L1,0.0
Bad_L0_Bad_L1 (rho=0.0),Weight,0,60%,25,9,25C x 9K,50%,12,9,12C x 9K,56.666666666666664,0.0,0.0,0.0,58.13333333333334,0.0,0.0,0.0,56.666666666666664,0.0,0.0,0.0,Bad_L0_Bad_L1,0.0
Bad_L0_Bad_L1 (rho=0.0),Weight,0,60%,25,9,25C x 9K,50%,19,6,19C x 6K,50.0,0.0,0.0,0.0,58.13333333333334,0.0,0.0,0.0,50.0,0.0,0.0,0.0,Bad_L0_Bad_L1,0.0
Bad_L0_Bad_L1 (rho=0.0),Weight,0,60%,25,9,25C x 9K,60%,15,9,15C x 9K,43.333333333333336,0.0,0.0,0.0,58.13333333333334,0.0,0.0,0.0,43.333333333333336,0.0,0.0,0.0,Bad_L0_Bad_L1,0.0
Bad_L0_Bad_L1 (rho=0.0),Weight,0,60%,25,9,25C x 9K,60%,22,6,22C x 6K,56.666666666666664,0.0,0.0,0.0,58.13333333333334,0.0,0.0,0.0,56.666666666666664,0.0,0.0,0.0,Bad_L0_Bad_L1,0.0
Bad_L0_Bad_L1 (rho=0.0),Weight,0,60%,25,9,25C x 9K,70%,18,9,18C x 9K,53.333333333333336,0.0,0.0,0.0,58.13333333333334,0.0,0.0,0.0,53.333333333333336,0.0,0.0,0.0,Bad_L0_Bad_L1,0.0
Bad_L0_Bad_L1 (rho=0.0),Weight,0,60%,25,9,25C x 9K,70%,23,7,23C x 7K,60.0,0.0,0.0,0.0,58.13333333333334,0.0,0.0,0.0,60.0,0.0,0.0,0.0,Bad_L0_Bad_L1,0.0
Bad_L0_Bad_L1 (rho=0.0),Weight,0,60%,25,9,25C x 9K,80%,20,9,20C x 9K,60.0,0.0,0.0,0.0,58.13333333333334,0.0,0.0,0.0,60.0,0.0,0.0,0.0,Bad_L0_Bad_L1,0.0
Bad_L0_Bad_L1 (rho=0.0),Weight,0,60%,25,9,25C x 9K,80%,22,8,22C x 8K,66.66666666666666,0.0,0.0,0.0,58.13333333333334,0.0,0.0,0.0,66.66666666666666,0.0,0.0,0.0,Bad_L0_Bad_L1,0.0
Bad_L0_Bad_L1 (rho=0.0),Weight,0,60%,25,9,25C x 9K,90%,22,9,22C x 9K,63.33333333333333,0.0,0.0,0.0,58.13333333333334,0.0,0.0,0.0,63.33333333333333,0.0,0.0,0.0,Bad_L0_Bad_L1,0.0
Bad_L0_Bad_L1 (rho=0.0),Weight,0,60%,25,9,25C x 9K,90%,25,8,25C x 8K,60.0,0.0,0.0,0.0,58.13333333333334,0.0,0.0,0.0,60.0,0.0,0.0,0.0,Bad_L0_Bad_L1,0.0
Bad_L0_Bad_L1 (rho=0.0),Weight,0,60%,25,9,25C x 9K,100%,25,9,25C x 9K,33.33333333333333,0.0,0.0,0.0,21.866666666666667,0.0,0.0,0.0,33.33333333333333,0.0,0.0,0.0,Bad_L0_Bad_L1,0.0
Bad_L0_Bad_L1 (rho=0.0),Weight,0,70%,17,15,17C x 15K,10%,2,15,2C x 15K,46.666666666666664,0.0,0.0,0.0,69.80392156862744,0.0,0.0,0.0,46.666666666666664,0.0,0.0,0.0,Bad_L0_Bad_L1,0.0
Bad_L0_Bad_L1 (rho=0.0),Weight,0,70%,17,15,17C x 15K,10%,4,6,4C x 6K,43.333333333333336,0.0,0.0,0.0,69.80392156862744,0.0,0.0,0.0,43.333333333333336,0.0,0.0,0.0,Bad_L0_Bad_L1,0.0
Bad_L0_Bad_L1 (rho=0.0),Weight,0,70%,17,15,17C x 15K,20%,17,3,17C x 3K,50.0,0.0,0.0,0.0,69.80392156862744,0.0,0.0,0.0,50.0,0.0,0.0,0.0,Bad_L0_Bad_L1,0.0
Bad_L0_Bad_L1 (rho=0.0),Weight,0,70%,17,15,17C x 15K,20%,3,15,3C x 15K,56.666666666666664,0.0,0.0,0.0,69.80392156862744,0.0,0.0,0.0,56.666666666666664,0.0,0.0,0.0,Bad_L0_Bad_L1,0.0
Bad_L0_Bad_L1 (rho=0.0),Weight,0,70%,17,15,17C x 15K,30%,10,8,10C x 8K,63.33333333333333,0.0,0.0,0.0,69.80392156862744,0.0,0.0,0.0,63.33333333333333,0.0,0.0,0.0,Bad_L0_Bad_L1,0.0
Bad_L0_Bad_L1 (rho=0.0),Weight,0,70%,17,15,17C x 15K,30%,5,15,5C x 15K,60.0,0.0,0.0,0.0,69.80392156862744,0.0,0.0,0.0,60.0,0.0,0.0,0.0,Bad_L0_Bad_L1,0.0
Bad_L0_Bad_L1 (rho=0.0),Weight,0,70%,17,15,17C x 15K,40%,17,6,17C x 6K,63.33333333333333,0.0,0.0,0.0,69.80392156862744,0.0,0.0,0.0,63.33333333333333,0.0,0.0,0.0,Bad_L0_Bad_L1,0.0
Bad_L0_Bad_L1 (rho=0.0),Weight,0,70%,17,15,17C x 15K,40%,7,15,7C x 15K,60.0,0.0,0.0,0.0,69.80392156862744,0.0,0.0,0.0,60.0,0.0,0.0,0.0,Bad_L0_Bad_L1,0.0
Bad_L0_Bad_L1 (rho=0.0),Weight,0,70%,17,15,17C x 15K,50%,13,10,13C x 10K,73.33333333333333,0.0,0.0,0.0,69.80392156862744,0.0,0.0,0.0,73.33333333333333,0.0,0.0,0.0,Bad_L0_Bad_L1,0.0
Bad_L0_Bad_L1 (rho=0.0),Weight,0,70%,17,15,17C x 15K,50%,9,15,9C x 15K,66.66666666666666,0.0,0.0,0.0,69.80392156862744,0.0,0.0,0.0,66.66666666666666,0.0,0.0,0.0,Bad_L0_Bad_L1,0.0
Bad_L0_Bad_L1 (rho=0.0),Weight,0,70%,17,15,17C x 15K,60%,10,15,10C x 15K,66.66666666666666,0.0,0.0,0.0,69.80392156862744,0.0,0.0,0.0,66.66666666666666,0.0,0.0,0.0,Bad_L0_Bad_L1,0.0
Bad_L0_Bad_L1 (rho=0.0),Weight,0,70%,17,15,17C x 15K,60%,17,9,17C x 9K,66.66666666666666,0.0,0.0,0.0,69.80392156862744,0.0,0.0,0.0,66.66666666666666,0.0,0.0,0.0,Bad_L0_Bad_L1,0.0
Bad_L0_Bad_L1 (rho=0.0),Weight,0,70%,17,15,17C x 15K,70%,12,15,12C x 15K,73.33333333333333,0.0,0.0,0.0,69.80392156862744,0.0,0.0,0.0,73.33333333333333,0.0,0.0,0.0,Bad_L0_Bad_L1,0.0
Bad_L0_Bad_L1 (rho=0.0),Weight,0,70%,17,15,17C x 15K,70%,15,12,15C x 12K,63.33333333333333,0.0,0.0,0.0,69.80392156862744,0.0,0.0,0.0,63.33333333333333,0.0,0.0,0.0,Bad_L0_Bad_L1,0.0
Bad_L0_Bad_L1 (rho=0.0),Weight,0,70%,17,15,17C x 15K,80%,14,15,14C x 15K,70.0,0.0,0.0,0.0,69.80392156862744,0.0,0.0,0.0,70.0,0.0,0.0,0.0,Bad_L0_Bad_L1,0.0
Bad_L0_Bad_L1 (rho=0.0),Weight,0,70%,17,15,17C x 15K,80%,17,12,17C x 12K,60.0,0.0,0.0,0.0,69.80392156862744,0.0,0.0,0.0,60.0,0.0,0.0,0.0,Bad_L0_Bad_L1,0.0
Bad_L0_Bad_L1 (rho=0.0),Weight,0,70%,17,15,17C x 15K,90%,15,15,15C x 15K,70.0,0.0,0.0,0.0,69.80392156862744,0.0,0.0,0.0,70.0,0.0,0.0,0.0,Bad_L0_Bad_L1,0.0
Bad_L0_Bad_L1 (rho=0.0),Weight,0,70%,17,15,17C x 15K,90%,16,14,16C x 14K,63.33333333333333,0.0,0.0,0.0,69.80392156862744,0.0,0.0,0.0,63.33333333333333,0.0,0.0,0.0,Bad_L0_Bad_L1,0.0
Bad_L0_Bad_L1 (rho=0.0),Weight,0,70%,17,15,17C x 15K,100%,17,15,17C x 15K,26.666666666666668,0.0,0.0,0.0,29.215686274509807,0.0,0.0,0.0,26.666666666666668,0.0,0.0,0.0,Bad_L0_Bad_L1,0.0
Bad_L0_Bad_L1 (rho=0.0),Weight,0,70%,22,12,22C x 12K,10%,2,12,2C x 12K,33.33333333333333,0.0,0.0,0.0,64.84848484848484,0.0,0.0,0.0,33.33333333333333,0.0,0.0,0.0,Bad_L0_Bad_L1,0.0
Bad_L0_Bad_L1 (rho=0.0),Weight,0,70%,22,12,22C x 12K,10%,5,5,5C x 5K,30.0,0.0,0.0,0.0,64.84848484848484,0.0,0.0,0.0,30.0,0.0,0.0,0.0,Bad_L0_Bad_L1,0.0
Bad_L0_Bad_L1 (rho=0.0),Weight,0,70%,22,12,22C x 12K,20%,11,5,11C x 5K,46.666666666666664,0.0,0.0,0.0,64.84848484848484,0.0,0.0,0.0,46.666666666666664,0.0,0.0,0.0,Bad_L0_Bad_L1,0.0
Bad_L0_Bad_L1 (rho=0.0),Weight,0,70%,22,12,22C x 12K,20%,4,12,4C x 12K,43.333333333333336,0.0,0.0,0.0,64.84848484848484,0.0,0.0,0.0,43.333333333333336,0.0,0.0,0.0,Bad_L0_Bad_L1,0.0
Bad_L0_Bad_L1 (rho=0.0),Weight,0,70%,22,12,22C x 12K,30%,13,6,13C x 6K,40.0,0.0,0.0,0.0,64.84848484848484,0.0,0.0,0.0,40.0,0.0,0.0,0.0,Bad_L0_Bad_L1,0.0
Bad_L0_Bad_L1 (rho=0.0),Weight,0,70%,22,12,22C x 12K,30%,7,12,7C x 12K,46.666666666666664,0.0,0.0,0.0,64.84848484848484,0.0,0.0,0.0,46.666666666666664,0.0,0.0,0.0,Bad_L0_Bad_L1,0.0
Bad_L0_Bad_L1 (rho=0.0),Weight,0,70%,22,12,22C x 12K,40%,15,7,15C x 7K,50.0,0.0,0.0,0.0,64.84848484848484,0.0,0.0,0.0,50.0,0.0,0.0,0.0,Bad_L0_Bad_L1,0.0
Bad_L0_Bad_L1 (rho=0.0),Weight,0,70%,22,12,22C x 12K,40%,9,12,9C x 12K,50.0,0.0,0.0,0.0,64.84848484848484,0.0,0.0,0.0,50.0,0.0,0.0,0.0,Bad_L0_Bad_L1,0.0
Bad_L0_Bad_L1 (rho=0.0),Weight,0,70%,22,12,22C x 12K,50%,11,12,11C x 12K,50.0,0.0,0.0,0.0,64.84848484848484,0.0,0.0,0.0,50.0,0.0,0.0,0.0,Bad_L0_Bad_L1,0.0
Bad_L0_Bad_L1 (rho=0.0),Weight,0,70%,22,12,22C x 12K,50%,22,6,22C x 6K,56.666666666666664,0.0,0.0,0.0,64.84848484848484,0.0,0.0,0.0,56.666666666666664,0.0,0.0,0.0,Bad_L0_Bad_L1,0.0
Bad_L0_Bad_L1 (rho=0.0),Weight,0,70%,22,12,22C x 12K,60%,13,12,13C x 12K,56.666666666666664,0.0,0.0,0.0,64.84848484848484,0.0,0.0,0.0,56.666666666666664,0.0,0.0,0.0,Bad_L0_Bad_L1,0.0
Bad_L0_Bad_L1 (rho=0.0),Weight,0,70%,22,12,22C x 12K,60%,18,9,18C x 9K,60.0,0.0,0.0,0.0,64.84848484848484,0.0,0.0,0.0,60.0,0.0,0.0,0.0,Bad_L0_Bad_L1,0.0
Bad_L0_Bad_L1 (rho=0.0),Weight,0,70%,22,12,22C x 12K,70%,15,12,15C x 12K,63.33333333333333,0.0,0.0,0.0,64.84848484848484,0.0,0.0,0.0,63.33333333333333,0.0,0.0,0.0,Bad_L0_Bad_L1,0.0
Bad_L0_Bad_L1 (rho=0.0),Weight,0,70%,22,12,22C x 12K,70%,21,9,21C x 9K,63.33333333333333,0.0,0.0,0.0,64.84848484848484,0.0,0.0,0.0,63.33333333333333,0.0,0.0,0.0,Bad_L0_Bad_L1,0.0
Bad_L0_Bad_L1 (rho=0.0),Weight,0,70%,22,12,22C x 12K,80%,18,12,18C x 12K,63.33333333333333,0.0,0.0,0.0,64.84848484848484,0.0,0.0,0.0,63.33333333333333,0.0,0.0,0.0,Bad_L0_Bad_L1,0.0
Bad_L0_Bad_L1 (rho=0.0),Weight,0,70%,22,12,22C x 12K,80%,21,10,21C x 10K,66.66666666666666,0.0,0.0,0.0,64.84848484848484,0.0,0.0,0.0,66.66666666666666,0.0,0.0,0.0,Bad_L0_Bad_L1,0.0
Bad_L0_Bad_L1 (rho=0.0),Weight,0,70%,22,12,22C x 12K,90%,20,12,20C x 12K,63.33333333333333,0.0,0.0,0.0,64.84848484848484,0.0,0.0,0.0,63.33333333333333,0.0,0.0,0.0,Bad_L0_Bad_L1,0.0
Bad_L0_Bad_L1 (rho=0.0),Weight,0,70%,22,12,22C x 12K,90%,22,11,22C x 11K,66.66666666666666,0.0,0.0,0.0,64.84848484848484,0.0,0.0,0.0,66.66666666666666,0.0,0.0,0.0,Bad_L0_Bad_L1,0.0
Bad_L0_Bad_L1 (rho=0.0),Weight,0,70%,22,12,22C x 12K,100%,22,12,22C x 12K,30.0,0.0,0.0,0.0,26.36363636363636,0.0,0.0,0.0,30.0,0.0,0.0,0.0,Bad_L0_Bad_L1,0.0
Bad_L0_Bad_L1 (rho=0.0),Weight,0,80%,20,15,20C x 15K,10%,2,15,2C x 15K,36.666666666666664,0.0,0.0,0.0,67.83333333333333,0.0,0.0,0.0,36.666666666666664,0.0,0.0,0.0,Bad_L0_Bad_L1,0.0
Bad_L0_Bad_L1 (rho=0.0),Weight,0,80%,20,15,20C x 15K,10%,5,6,5C x 6K,40.0,0.0,0.0,0.0,67.83333333333333,0.0,0.0,0.0,40.0,0.0,0.0,0.0,Bad_L0_Bad_L1,0.0
Bad_L0_Bad_L1 (rho=0.0),Weight,0,80%,20,15,20C x 15K,20%,20,3,20C x 3K,46.666666666666664,0.0,0.0,0.0,67.83333333333333,0.0,0.0,0.0,46.666666666666664,0.0,0.0,0.0,Bad_L0_Bad_L1,0.0
Bad_L0_Bad_L1 (rho=0.0),Weight,0,80%,20,15,20C x 15K,20%,4,15,4C x 15K,50.0,0.0,0.0,0.0,67.83333333333333,0.0,0.0,0.0,50.0,0.0,0.0,0.0,Bad_L0_Bad_L1,0.0
Bad_L0_Bad_L1 (rho=0.0),Weight,0,80%,20,15,20C x 15K,30%,11,8,11C x 8K,46.666666666666664,0.0,0.0,0.0,67.83333333333333,0.0,0.0,0.0,46.666666666666664,0.0,0.0,0.0,Bad_L0_Bad_L1,0.0
Bad_L0_Bad_L1 (rho=0.0),Weight,0,80%,20,15,20C x 15K,30%,6,15,6C x 15K,50.0,0.0,0.0,0.0,67.83333333333333,0.0,0.0,0.0,50.0,0.0,0.0,0.0,Bad_L0_Bad_L1,0.0
Bad_L0_Bad_L1 (rho=0.0),Weight,0,80%,20,15,20C x 15K,40%,20,6,20C x 6K,56.666666666666664,0.0,0.0,0.0,67.83333333333333,0.0,0.0,0.0,56.666666666666664,0.0,0.0,0.0,Bad_L0_Bad_L1,0.0
Bad_L0_Bad_L1 (rho=0.0),Weight,0,80%,20,15,20C x 15K,40%,8,15,8C x 15K,46.666666666666664,0.0,0.0,0.0,67.83333333333333,0.0,0.0,0.0,46.666666666666664,0.0,0.0,0.0,Bad_L0_Bad_L1,0.0
Bad_L0_Bad_L1 (rho=0.0),Weight,0,80%,20,15,20C x 15K,50%,10,15,10C x 15K,50.0,0.0,0.0,0.0,67.83333333333333,0.0,0.0,0.0,50.0,0.0,0.0,0.0,Bad_L0_Bad_L1,0.0
Bad_L0_Bad_L1 (rho=0.0),Weight,0,80%,20,15,20C x 15K,50%,15,10,15C x 10K,50.0,0.0,0.0,0.0,67.83333333333333,0.0,0.0,0.0,50.0,0.0,0.0,0.0,Bad_L0_Bad_L1,0.0
Bad_L0_Bad_L1 (rho=0.0),Weight,0,80%,20,15,20C x 15K,60%,12,15,12C x 15K,63.33333333333333,0.0,0.0,0.0,67.83333333333333,0.0,0.0,0.0,63.33333333333333,0.0,0.0,0.0,Bad_L0_Bad_L1,0.0
Bad_L0_Bad_L1 (rho=0.0),Weight,0,80%,20,15,20C x 15K,60%,20,9,20C x 9K,66.66666666666666,0.0,0.0,0.0,67.83333333333333,0.0,0.0,0.0,66.66666666666666,0.0,0.0,0.0,Bad_L0_Bad_L1,0.0
Bad_L0_Bad_L1 (rho=0.0),Weight,0,80%,20,15,20C x 15K,70%,14,15,14C x 15K,73.33333333333333,0.0,0.0,0.0,67.83333333333333,0.0,0.0,0.0,73.33333333333333,0.0,0.0,0.0,Bad_L0_Bad_L1,0.0
Bad_L0_Bad_L1 (rho=0.0),Weight,0,80%,20,15,20C x 15K,70%,18,12,18C x 12K,60.0,0.0,0.0,0.0,67.83333333333333,0.0,0.0,0.0,60.0,0.0,0.0,0.0,Bad_L0_Bad_L1,0.0
Bad_L0_Bad_L1 (rho=0.0),Weight,0,80%,20,15,20C x 15K,80%,16,15,16C x 15K,73.33333333333333,0.0,0.0,0.0,67.83333333333333,0.0,0.0,0.0,73.33333333333333,0.0,0.0,0.0,Bad_L0_Bad_L1,0.0
Bad_L0_Bad_L1 (rho=0.0),Weight,0,80%,20,15,20C x 15K,80%,20,12,20C x 12K,70.0,0.0,0.0,0.0,67.83333333333333,0.0,0.0,0.0,70.0,0.0,0.0,0.0,Bad_L0_Bad_L1,0.0
Bad_L0_Bad_L1 (rho=0.0),Weight,0,80%,20,15,20C x 15K,90%,18,15,18C x 15K,70.0,0.0,0.0,0.0,67.83333333333333,0.0,0.0,0.0,70.0,0.0,0.0,0.0,Bad_L0_Bad_L1,0.0
Bad_L0_Bad_L1 (rho=0.0),Weight,0,80%,20,15,20C x 15K,90%,19,14,19C x 14K,70.0,0.0,0.0,0.0,67.83333333333333,0.0,0.0,0.0,70.0,0.0,0.0,0.0,Bad_L0_Bad_L1,0.0
Bad_L0_Bad_L1 (rho=0.0),Weight,0,80%,20,15,20C x 15K,100%,20,15,20C x 15K,36.666666666666664,0.0,0.0,0.0,28.833333333333332,0.0,0.0,0.0,36.666666666666664,0.0,0.0,0.0,Bad_L0_Bad_L1,0.0
Bad_L0_Bad_L1 (rho=0.0),Weight,0,80%,25,12,25C x 12K,10%,2,12,2C x 12K,33.33333333333333,0.0,0.0,0.0,62.26666666666667,0.0,0.0,0.0,33.33333333333333,0.0,0.0,0.0,Bad_L0_Bad_L1,0.0
Bad_L0_Bad_L1 (rho=0.0),Weight,0,80%,25,12,25C x 12K,10%,6,5,6C x 5K,40.0,0.0,0.0,0.0,62.26666666666667,0.0,0.0,0.0,40.0,0.0,0.0,0.0,Bad_L0_Bad_L1,0.0
Bad_L0_Bad_L1 (rho=0.0),Weight,0,80%,25,12,25C x 12K,20%,12,5,12C x 5K,50.0,0.0,0.0,0.0,62.26666666666667,0.0,0.0,0.0,50.0,0.0,0.0,0.0,Bad_L0_Bad_L1,0.0
Bad_L0_Bad_L1 (rho=0.0),Weight,0,80%,25,12,25C x 12K,20%,5,12,5C x 12K,43.333333333333336,0.0,0.0,0.0,62.26666666666667,0.0,0.0,0.0,43.333333333333336,0.0,0.0,0.0,Bad_L0_Bad_L1,0.0
Bad_L0_Bad_L1 (rho=0.0),Weight,0,80%,25,12,25C x 12K,30%,15,6,15C x 6K,36.666666666666664,0.0,0.0,0.0,62.26666666666667,0.0,0.0,0.0,36.666666666666664,0.0,0.0,0.0,Bad_L0_Bad_L1,0.0
Bad_L0_Bad_L1 (rho=0.0),Weight,0,80%,25,12,25C x 12K,30%,8,12,8C x 12K,56.666666666666664,0.0,0.0,0.0,62.26666666666667,0.0,0.0,0.0,56.666666666666664,0.0,0.0,0.0,Bad_L0_Bad_L1,0.0
Bad_L0_Bad_L1 (rho=0.0),Weight,0,80%,25,12,25C x 12K,40%,10,12,10C x 12K,66.66666666666666,0.0,0.0,0.0,62.26666666666667,0.0,0.0,0.0,66.66666666666666,0.0,0.0,0.0,Bad_L0_Bad_L1,0.0
Bad_L0_Bad_L1 (rho=0.0),Weight,0,80%,25,12,25C x 12K,40%,17,7,17C x 7K,56.666666666666664,0.0,0.0,0.0,62.26666666666667,0.0,0.0,0.0,56.666666666666664,0.0,0.0,0.0,Bad_L0_Bad_L1,0.0
Bad_L0_Bad_L1 (rho=0.0),Weight,0,80%,25,12,25C x 12K,50%,12,12,12C x 12K,56.666666666666664,0.0,0.0,0.0,62.26666666666667,0.0,0.0,0.0,56.666666666666664,0.0,0.0,0.0,Bad_L0_Bad_L1,0.0
Bad_L0_Bad_L1 (rho=0.0),Weight,0,80%,25,12,25C x 12K,50%,25,6,25C x 6K,40.0,0.0,0.0,0.0,62.26666666666667,0.0,0.0,0.0,40.0,0.0,0.0,0.0,Bad_L0_Bad_L1,0.0
Bad_L0_Bad_L1 (rho=0.0),Weight,0,80%,25,12,25C x 12K,60%,15,12,15C x 12K,50.0,0.0,0.0,0.0,62.26666666666667,0.0,0.0,0.0,50.0,0.0,0.0,0.0,Bad_L0_Bad_L1,0.0
Bad_L0_Bad_L1 (rho=0.0),Weight,0,80%,25,12,25C x 12K,60%,20,9,20C x 9K,56.666666666666664,0.0,0.0,0.0,62.26666666666667,0.0,0.0,0.0,56.666666666666664,0.0,0.0,0.0,Bad_L0_Bad_L1,0.0
Bad_L0_Bad_L1 (rho=0.0),Weight,0,80%,25,12,25C x 12K,70%,18,12,18C x 12K,60.0,0.0,0.0,0.0,62.26666666666667,0.0,0.0,0.0,60.0,0.0,0.0,0.0,Bad_L0_Bad_L1,0.0
Bad_L0_Bad_L1 (rho=0.0),Weight,0,80%,25,12,25C x 12K,70%,23,9,23C x 9K,56.666666666666664,0.0,0.0,0.0,62.26666666666667,0.0,0.0,0.0,56.666666666666664,0.0,0.0,0.0,Bad_L0_Bad_L1,0.0
Bad_L0_Bad_L1 (rho=0.0),Weight,0,80%,25,12,25C x 12K,80%,20,12,20C x 12K,66.66666666666666,0.0,0.0,0.0,62.26666666666667,0.0,0.0,0.0,66.66666666666666,0.0,0.0,0.0,Bad_L0_Bad_L1,0.0
Bad_L0_Bad_L1 (rho=0.0),Weight,0,80%,25,12,25C x 12K,80%,24,10,24C x 10K,66.66666666666666,0.0,0.0,0.0,62.26666666666667,0.0,0.0,0.0,66.66666666666666,0.0,0.0,0.0,Bad_L0_Bad_L1,0.0
Bad_L0_Bad_L1 (rho=0.0),Weight,0,80%,25,12,25C x 12K,90%,22,12,22C x 12K,70.0,0.0,0.0,0.0,62.26666666666667,0.0,0.0,0.0,70.0,0.0,0.0,0.0,Bad_L0_Bad_L1,0.0
Bad_L0_Bad_L1 (rho=0.0),Weight,0,80%,25,12,25C x 12K,90%,25,11,25C x 11K,60.0,0.0,0.0,0.0,62.26666666666667,0.0,0.0,0.0,60.0,0.0,0.0,0.0,Bad_L0_Bad_L1,0.0
Bad_L0_Bad_L1 (rho=0.0),Weight,0,80%,25,12,25C x 12K,100%,25,12,25C x 12K,33.33333333333333,0.0,0.0,0.0,25.6,0.0,0.0,0.0,33.33333333333333,0.0,0.0,0.0,Bad_L0_Bad_L1,0.0
Bad_L0_Bad_L1 (rho=0.0),Weight,0,90%,23,15,23C x 15K,10%,2,15,2C x 15K,40.0,0.0,0.0,0.0,67.3913043478261,0.0,0.0,0.0,40.0,0.0,0.0,0.0,Bad_L0_Bad_L1,0.0
Bad_L0_Bad_L1 (rho=0.0),Weight,0,90%,23,15,23C x 15K,10%,6,6,6C x 6K,36.666666666666664,0.0,0.0,0.0,67.3913043478261,0.0,0.0,0.0,36.666666666666664,0.0,0.0,0.0,Bad_L0_Bad_L1,0.0
Bad_L0_Bad_L1 (rho=0.0),Weight,0,90%,23,15,23C x 15K,20%,23,3,23C x 3K,46.666666666666664,0.0,0.0,0.0,67.3913043478261,0.0,0.0,0.0,46.666666666666664,0.0,0.0,0.0,Bad_L0_Bad_L1,0.0
Bad_L0_Bad_L1 (rho=0.0),Weight,0,90%,23,15,23C x 15K,20%,5,15,5C x 15K,40.0,0.0,0.0,0.0,67.3913043478261,0.0,0.0,0.0,40.0,0.0,0.0,0.0,Bad_L0_Bad_L1,0.0
Bad_L0_Bad_L1 (rho=0.0),Weight,0,90%,23,15,23C x 15K,30%,13,8,13C x 8K,60.0,0.0,0.0,0.0,67.3913043478261,0.0,0.0,0.0,60.0,0.0,0.0,0.0,Bad_L0_Bad_L1,0.0
Bad_L0_Bad_L1 (rho=0.0),Weight,0,90%,23,15,23C x 15K,30%,7,15,7C x 15K,53.333333333333336,0.0,0.0,0.0,67.3913043478261,0.0,0.0,0.0,53.333333333333336,0.0,0.0,0.0,Bad_L0_Bad_L1,0.0
Bad_L0_Bad_L1 (rho=0.0),Weight,0,90%,23,15,23C x 15K,40%,23,6,23C x 6K,56.666666666666664,0.0,0.0,0.0,67.3913043478261,0.0,0.0,0.0,56.666666666666664,0.0,0.0,0.0,Bad_L0_Bad_L1,0.0
Bad_L0_Bad_L1 (rho=0.0),Weight,0,90%,23,15,23C x 15K,40%,9,15,9C x 15K,50.0,0.0,0.0,0.0,67.3913043478261,0.0,0.0,0.0,50.0,0.0,0.0,0.0,Bad_L0_Bad_L1,0.0
Bad_L0_Bad_L1 (rho=0.0),Weight,0,90%,23,15,23C x 15K,50%,11,15,11C x 15K,53.333333333333336,0.0,0.0,0.0,67.3913043478261,0.0,0.0,0.0,53.333333333333336,0.0,0.0,0.0,Bad_L0_Bad_L1,0.0
Bad_L0_Bad_L1 (rho=0.0),Weight,0,90%,23,15,23C x 15K,50%,17,10,17C x 10K,53.333333333333336,0.0,0.0,0.0,67.3913043478261,0.0,0.0,0.0,53.333333333333336,0.0,0.0,0.0,Bad_L0_Bad_L1,0.0
Bad_L0_Bad_L1 (rho=0.0),Weight,0,90%,23,15,23C x 15K,60%,14,15,14C x 15K,63.33333333333333,0.0,0.0,0.0,67.3913043478261,0.0,0.0,0.0,63.33333333333333,0.0,0.0,0.0,Bad_L0_Bad_L1,0.0
Bad_L0_Bad_L1 (rho=0.0),Weight,0,90%,23,15,23C x 15K,60%,23,9,23C x 9K,60.0,0.0,0.0,0.0,67.3913043478261,0.0,0.0,0.0,60.0,0.0,0.0,0.0,Bad_L0_Bad_L1,0.0
Bad_L0_Bad_L1 (rho=0.0),Weight,0,90%,23,15,23C x 15K,70%,16,15,16C x 15K,73.33333333333333,0.0,0.0,0.0,67.3913043478261,0.0,0.0,0.0,73.33333333333333,0.0,0.0,0.0,Bad_L0_Bad_L1,0.0
Bad_L0_Bad_L1 (rho=0.0),Weight,0,90%,23,15,23C x 15K,70%,20,12,20C x 12K,63.33333333333333,0.0,0.0,0.0,67.3913043478261,0.0,0.0,0.0,63.33333333333333,0.0,0.0,0.0,Bad_L0_Bad_L1,0.0
Bad_L0_Bad_L1 (rho=0.0),Weight,0,90%,23,15,23C x 15K,80%,18,15,18C x 15K,70.0,0.0,0.0,0.0,67.3913043478261,0.0,0.0,0.0,70.0,0.0,0.0,0.0,Bad_L0_Bad_L1,0.0
Bad_L0_Bad_L1 (rho=0.0),Weight,0,90%,23,15,23C x 15K,80%,23,12,23C x 12K,63.33333333333333,0.0,0.0,0.0,67.3913043478261,0.0,0.0,0.0,63.33333333333333,0.0,0.0,0.0,Bad_L0_Bad_L1,0.0
Bad_L0_Bad_L1 (rho=0.0),Weight,0,90%,23,15,23C x 15K,90%,21,15,21C x 15K,73.33333333333333,0.0,0.0,0.0,67.3913043478261,0.0,0.0,0.0,73.33333333333333,0.0,0.0,0.0,Bad_L0_Bad_L1,0.0
Bad_L0_Bad_L1 (rho=0.0),Weight,0,90%,23,15,23C x 15K,90%,22,14,22C x 14K,83.33333333333334,0.0,0.0,0.0,67.3913043478261,0.0,0.0,0.0,83.33333333333334,0.0,0.0,0.0,Bad_L0_Bad_L1,0.0
Bad_L0_Bad_L1 (rho=0.0),Weight,0,90%,23,15,23C x 15K,100%,23,15,23C x 15K,40.0,0.0,0.0,0.0,28.26086956521739,0.0,0.0,0.0,40.0,0.0,0.0,0.0,Bad_L0_Bad_L1,0.0
Bad_L0_Bad_L1 (rho=0.0),Weight,0,90%,24,14,24C x 14K,10%,2,14,2C x 14K,40.0,0.0,0.0,0.0,65.55555555555556,0.0,0.0,0.0,40.0,0.0,0.0,0.0,Bad_L0_Bad_L1,0.0
Bad_L0_Bad_L1 (rho=0.0),Weight,0,90%,24,14,24C x 14K,10%,7,5,7C x 5K,56.666666666666664,0.0,0.0,0.0,65.55555555555556,0.0,0.0,0.0,56.666666666666664,0.0,0.0,0.0,Bad_L0_Bad_L1,0.0
Bad_L0_Bad_L1 (rho=0.0),Weight,0,90%,24,14,24C x 14K,20%,11,6,11C x 6K,60.0,0.0,0.0,0.0,65.55555555555556,0.0,0.0,0.0,60.0,0.0,0.0,0.0,Bad_L0_Bad_L1,0.0
Bad_L0_Bad_L1 (rho=0.0),Weight,0,90%,24,14,24C x 14K,20%,5,14,5C x 14K,56.666666666666664,0.0,0.0,0.0,65.55555555555556,0.0,0.0,0.0,56.666666666666664,0.0,0.0,0.0,Bad_L0_Bad_L1,0.0
Bad_L0_Bad_L1 (rho=0.0),Weight,0,90%,24,14,24C x 14K,30%,14,7,14C x 7K,73.33333333333333,0.0,0.0,0.0,65.55555555555556,0.0,0.0,0.0,73.33333333333333,0.0,0.0,0.0,Bad_L0_Bad_L1,0.0
Bad_L0_Bad_L1 (rho=0.0),Weight,0,90%,24,14,24C x 14K,30%,7,14,7C x 14K,60.0,0.0,0.0,0.0,65.55555555555556,0.0,0.0,0.0,60.0,0.0,0.0,0.0,Bad_L0_Bad_L1,0.0
Bad_L0_Bad_L1 (rho=0.0),Weight,0,90%,24,14,24C x 14K,40%,10,14,10C x 14K,66.66666666666666,0.0,0.0,0.0,65.55555555555556,0.0,0.0,0.0,66.66666666666666,0.0,0.0,0.0,Bad_L0_Bad_L1,0.0
Bad_L0_Bad_L1 (rho=0.0),Weight,0,90%,24,14,24C x 14K,40%,17,8,17C x 8K,53.333333333333336,0.0,0.0,0.0,65.55555555555556,0.0,0.0,0.0,53.333333333333336,0.0,0.0,0.0,Bad_L0_Bad_L1,0.0
Bad_L0_Bad_L1 (rho=0.0),Weight,0,90%,24,14,24C x 14K,50%,12,14,12C x 14K,70.0,0.0,0.0,0.0,65.55555555555556,0.0,0.0,0.0,70.0,0.0,0.0,0.0,Bad_L0_Bad_L1,0.0
Bad_L0_Bad_L1 (rho=0.0),Weight,0,90%,24,14,24C x 14K,50%,24,7,24C x 7K,66.66666666666666,0.0,0.0,0.0,65.55555555555556,0.0,0.0,0.0,66.66666666666666,0.0,0.0,0.0,Bad_L0_Bad_L1,0.0
Bad_L0_Bad_L1 (rho=0.0),Weight,0,90%,24,14,24C x 14K,60%,14,14,14C x 14K,70.0,0.0,0.0,0.0,65.55555555555556,0.0,0.0,0.0,70.0,0.0,0.0,0.0,Bad_L0_Bad_L1,0.0
Bad_L0_Bad_L1 (rho=0.0),Weight,0,90%,24,14,24C x 14K,60%,20,10,20C x 10K,66.66666666666666,0.0,0.0,0.0,65.55555555555556,0.0,0.0,0.0,66.66666666666666,0.0,0.0,0.0,Bad_L0_Bad_L1,0.0
Bad_L0_Bad_L1 (rho=0.0),Weight,0,90%,24,14,24C x 14K,70%,17,14,17C x 14K,70.0,0.0,0.0,0.0,65.55555555555556,0.0,0.0,0.0,70.0,0.0,0.0,0.0,Bad_L0_Bad_L1,0.0
Bad_L0_Bad_L1 (rho=0.0),Weight,0,90%,24,14,24C x 14K,70%,21,11,21C x 11K,66.66666666666666,0.0,0.0,0.0,65.55555555555556,0.0,0.0,0.0,66.66666666666666,0.0,0.0,0.0,Bad_L0_Bad_L1,0.0
Bad_L0_Bad_L1 (rho=0.0),Weight,0,90%,24,14,24C x 14K,80%,19,14,19C x 14K,76.66666666666667,0.0,0.0,0.0,65.55555555555556,0.0,0.0,0.0,76.66666666666667,0.0,0.0,0.0,Bad_L0_Bad_L1,0.0
Bad_L0_Bad_L1 (rho=0.0),Weight,0,90%,24,14,24C x 14K,80%,24,11,24C x 11K,70.0,0.0,0.0,0.0,65.55555555555556,0.0,0.0,0.0,70.0,0.0,0.0,0.0,Bad_L0_Bad_L1,0.0
Bad_L0_Bad_L1 (rho=0.0),Weight,0,90%,24,14,24C x 14K,90%,22,14,22C x 14K,83.33333333333334,0.0,0.0,0.0,65.55555555555556,0.0,0.0,0.0,83.33333333333334,0.0,0.0,0.0,Bad_L0_Bad_L1,0.0
Bad_L0_Bad_L1 (rho=0.0),Weight,0,90%,24,14,24C x 14K,90%,23,13,23C x 13K,83.33333333333334,0.0,0.0,0.0,65.55555555555556,0.0,0.0,0.0,83.33333333333334,0.0,0.0,0.0,Bad_L0_Bad_L1,0.0
Bad_L0_Bad_L1 (rho=0.0),Weight,0,90%,24,14,24C x 14K,100%,24,14,24C x 14K,40.0,0.0,0.0,0.0,27.77777777777778,0.0,0.0,0.0,40.0,0.0,0.0,0.0,Bad_L0_Bad_L1,0.0
Bad_L0_Bad_L1 (rho=0.0),Weight,0,100%,25,15,25C x 15K,10%,3,15,3C x 15K,20.0,0.0,0.0,0.0,28.26666666666667,0.0,0.0,0.0,20.0,0.0,0.0,0.0,Bad_L0_Bad_L1,0.0
Bad_L0_Bad_L1 (rho=0.0),Weight,0,100%,25,15,25C x 15K,10%,6,6,6C x 6K,16.666666666666664,0.0,0.0,0.0,28.26666666666667,0.0,0.0,0.0,16.666666666666664,0.0,0.0,0.0,Bad_L0_Bad_L1,0.0
Bad_L0_Bad_L1 (rho=0.0),Weight,0,100%,25,15,25C x 15K,20%,25,3,25C x 3K,13.333333333333334,0.0,0.0,0.0,28.26666666666667,0.0,0.0,0.0,13.333333333333334,0.0,0.0,0.0,Bad_L0_Bad_L1,0.0
Bad_L0_Bad_L1 (rho=0.0),Weight,0,100%,25,15,25C x 15K,20%,5,15,5C x 15K,23.333333333333332,0.0,0.0,0.0,28.26666666666667,0.0,0.0,0.0,23.333333333333332,0.0,0.0,0.0,Bad_L0_Bad_L1,0.0
Bad_L0_Bad_L1 (rho=0.0),Weight,0,100%,25,15,25C x 15K,30%,14,8,14C x 8K,20.0,0.0,0.0,0.0,28.26666666666667,0.0,0.0,0.0,20.0,0.0,0.0,0.0,Bad_L0_Bad_L1,0.0
Bad_L0_Bad_L1 (rho=0.0),Weight,0,100%,25,15,25C x 15K,30%,7,15,7C x 15K,20.0,0.0,0.0,0.0,28.26666666666667,0.0,0.0,0.0,20.0,0.0,0.0,0.0,Bad_L0_Bad_L1,0.0
Bad_L0_Bad_L1 (rho=0.0),Weight,0,100%,25,15,25C x 15K,40%,10,15,10C x 15K,23.333333333333332,0.0,0.0,0.0,28.26666666666667,0.0,0.0,0.0,23.333333333333332,0.0,0.0,0.0,Bad_L0_Bad_L1,0.0
Bad_L0_Bad_L1 (rho=0.0),Weight,0,100%,25,15,25C x 15K,40%,25,6,25C x 6K,30.0,0.0,0.0,0.0,28.26666666666667,0.0,0.0,0.0,30.0,0.0,0.0,0.0,Bad_L0_Bad_L1,0.0
Bad_L0_Bad_L1 (rho=0.0),Weight,0,100%,25,15,25C x 15K,50%,13,15,13C x 15K,23.333333333333332,0.0,0.0,0.0,28.26666666666667,0.0,0.0,0.0,23.333333333333332,0.0,0.0,0.0,Bad_L0_Bad_L1,0.0
Bad_L0_Bad_L1 (rho=0.0),Weight,0,100%,25,15,25C x 15K,50%,19,10,19C x 10K,30.0,0.0,0.0,0.0,28.26666666666667,0.0,0.0,0.0,30.0,0.0,0.0,0.0,Bad_L0_Bad_L1,0.0
Bad_L0_Bad_L1 (rho=0.0),Weight,0,100%,25,15,25C x 15K,60%,15,15,15C x 15K,30.0,0.0,0.0,0.0,28.26666666666667,0.0,0.0,0.0,30.0,0.0,0.0,0.0,Bad_L0_Bad_L1,0.0
Bad_L0_Bad_L1 (rho=0.0),Weight,0,100%,25,15,25C x 15K,60%,25,9,25C x 9K,26.666666666666668,0.0,0.0,0.0,28.26666666666667,0.0,0.0,0.0,26.666666666666668,0.0,0.0,0.0,Bad_L0_Bad_L1,0.0
Bad_L0_Bad_L1 (rho=0.0),Weight,0,100%,25,15,25C x 15K,70%,17,15,17C x 15K,33.33333333333333,0.0,0.0,0.0,28.26666666666667,0.0,0.0,0.0,33.33333333333333,0.0,0.0,0.0,Bad_L0_Bad_L1,0.0
Bad_L0_Bad_L1 (rho=0.0),Weight,0,100%,25,15,25C x 15K,70%,22,12,22C x 12K,30.0,0.0,0.0,0.0,28.26666666666667,0.0,0.0,0.0,30.0,0.0,0.0,0.0,Bad_L0_Bad_L1,0.0
Bad_L0_Bad_L1 (rho=0.0),Weight,0,100%,25,15,25C x 15K,80%,20,15,20C x 15K,33.33333333333333,0.0,0.0,0.0,28.26666666666667,0.0,0.0,0.0,33.33333333333333,0.0,0.0,0.0,Bad_L0_Bad_L1,0.0
Bad_L0_Bad_L1 (rho=0.0),Weight,0,100%,25,15,25C x 15K,80%,25,12,25C x 12K,33.33333333333333,0.0,0.0,0.0,28.26666666666667,0.0,0.0,0.0,33.33333333333333,0.0,0.0,0.0,Bad_L0_Bad_L1,0.0
Bad_L0_Bad_L1 (rho=0.0),Weight,0,100%,25,15,25C x 15K,90%,23,15,23C x 15K,43.333333333333336,0.0,0.0,0.0,28.26666666666667,0.0,0.0,0.0,43.333333333333336,0.0,0.0,0.0,Bad_L0_Bad_L1,0.0
Bad_L0_Bad_L1 (rho=0.0),Weight,0,100%,25,15,25C x 15K,90%,24,14,24C x 14K,36.666666666666664,0.0,0.0,0.0,28.26666666666667,0.0,0.0,0.0,36.666666666666664,0.0,0.0,0.0,Bad_L0_Bad_L1,0.0
Bad_L0_Bad_L1 (rho=0.0),Weight,0,100%,25,15,25C x 15K,100%,25,15,25C x 15K,26.666666666666668,0.0,0.0,0.0,13.466666666666665,0.0,0.0,0.0,26.666666666666668,0.0,0.0,0.0,Bad_L0_Bad_L1,0.0
Bad_L0_Good_L1 (rho=0.0),Height,0,10%,3,15,3C x 15K,10%,1,4,1C x 4K,36.666666666666664,0.0,0.0,0.0,97.77777777777777,0.0,0.0,0.0,36.666666666666664,0.0,0.0,0.0,Bad_L0_Good_L1,0.0
Bad_L0_Good_L1 (rho=0.0),Height,0,10%,3,15,3C x 15K,10%,2,2,2C x 2K,26.666666666666668,0.0,0.0,0.0,97.77777777777777,0.0,0.0,0.0,26.666666666666668,0.0,0.0,0.0,Bad_L0_Good_L1,0.0
Bad_L0_Good_L1 (rho=0.0),Height,0,10%,3,15,3C x 15K,20%,1,9,1C x 9K,46.666666666666664,0.0,0.0,0.0,97.77777777777777,0.0,0.0,0.0,46.666666666666664,0.0,0.0,0.0,Bad_L0_Good_L1,0.0
Bad_L0_Good_L1 (rho=0.0),Height,0,10%,3,15,3C x 15K,20%,3,3,3C x 3K,43.333333333333336,0.0,0.0,0.0,97.77777777777777,0.0,0.0,0.0,43.333333333333336,0.0,0.0,0.0,Bad_L0_Good_L1,0.0
Bad_L0_Good_L1 (rho=0.0),Height,0,10%,3,15,3C x 15K,30%,1,14,1C x 14K,53.333333333333336,0.0,0.0,0.0,97.77777777777777,0.0,0.0,0.0,53.333333333333336,0.0,0.0,0.0,Bad_L0_Good_L1,0.0
Bad_L0_Good_L1 (rho=0.0),Height,0,10%,3,15,3C x 15K,30%,2,7,2C x 7K,43.333333333333336,0.0,0.0,0.0,97.77777777777777,0.0,0.0,0.0,43.333333333333336,0.0,0.0,0.0,Bad_L0_Good_L1,0.0
Bad_L0_Good_L1 (rho=0.0),Height,0,10%,3,15,3C x 15K,40%,1,15,1C x 15K,56.666666666666664,0.0,0.0,0.0,97.77777777777777,0.0,0.0,0.0,56.666666666666664,0.0,0.0,0.0,Bad_L0_Good_L1,0.0
Bad_L0_Good_L1 (rho=0.0),Height,0,10%,3,15,3C x 15K,40%,3,6,3C x 6K,46.666666666666664,0.0,0.0,0.0,97.77777777777777,0.0,0.0,0.0,46.666666666666664,0.0,0.0,0.0,Bad_L0_Good_L1,0.0
Bad_L0_Good_L1 (rho=0.0),Height,0,10%,3,15,3C x 15K,50%,1,15,1C x 15K,56.666666666666664,0.0,0.0,0.0,97.77777777777777,0.0,0.0,0.0,56.666666666666664,0.0,0.0,0.0,Bad_L0_Good_L1,0.0
Bad_L0_Good_L1 (rho=0.0),Height,0,10%,3,15,3C x 15K,50%,3,7,3C x 7K,50.0,0.0,0.0,0.0,97.77777777777777,0.0,0.0,0.0,50.0,0.0,0.0,0.0,Bad_L0_Good_L1,0.0
Bad_L0_Good_L1 (rho=0.0),Height,0,10%,3,15,3C x 15K,60%,2,15,2C x 15K,56.666666666666664,0.0,0.0,0.0,97.77777777777777,0.0,0.0,0.0,56.666666666666664,0.0,0.0,0.0,Bad_L0_Good_L1,0.0
Bad_L0_Good_L1 (rho=0.0),Height,0,10%,3,15,3C x 15K,60%,3,9,3C x 9K,50.0,0.0,0.0,0.0,97.77777777777777,0.0,0.0,0.0,50.0,0.0,0.0,0.0,Bad_L0_Good_L1,0.0
Bad_L0_Good_L1 (rho=0.0),Height,0,10%,3,15,3C x 15K,70%,2,15,2C x 15K,56.666666666666664,0.0,0.0,0.0,97.77777777777777,0.0,0.0,0.0,56.666666666666664,0.0,0.0,0.0,Bad_L0_Good_L1,0.0
Bad_L0_Good_L1 (rho=0.0),Height,0,10%,3,15,3C x 15K,70%,3,10,3C x 10K,50.0,0.0,0.0,0.0,97.77777777777777,0.0,0.0,0.0,50.0,0.0,0.0,0.0,Bad_L0_Good_L1,0.0
Bad_L0_Good_L1 (rho=0.0),Height,0,10%,3,15,3C x 15K,80%,2,15,2C x 15K,56.666666666666664,0.0,0.0,0.0,97.77777777777777,0.0,0.0,0.0,56.666666666666664,0.0,0.0,0.0,Bad_L0_Good_L1,0.0
Bad_L0_Good_L1 (rho=0.0),Height,0,10%,3,15,3C x 15K,80%,3,12,3C x 12K,50.0,0.0,0.0,0.0,97.77777777777777,0.0,0.0,0.0,50.0,0.0,0.0,0.0,Bad_L0_Good_L1,0.0
Bad_L0_Good_L1 (rho=0.0),Height,0,10%,3,15,3C x 15K,90%,3,13,3C x 13K,53.333333333333336,0.0,0.0,0.0,97.77777777777777,0.0,0.0,0.0,53.333333333333336,0.0,0.0,0.0,Bad_L0_Good_L1,0.0
Bad_L0_Good_L1 (rho=0.0),Height,0,10%,3,15,3C x 15K,90%,3,15,3C x 15K,53.333333333333336,0.0,0.0,0.0,97.77777777777777,0.0,0.0,0.0,53.333333333333336,0.0,0.0,0.0,Bad_L0_Good_L1,0.0
Bad_L0_Good_L1 (rho=0.0),Height,0,10%,3,15,3C x 15K,100%,3,15,3C x 15K,50.0,0.0,0.0,0.0,48.888888888888886,0.0,0.0,0.0,50.0,0.0,0.0,0.0,Bad_L0_Good_L1,0.0
Bad_L0_Good_L1 (rho=0.0),Height,0,10%,6,6,6C x 6K,10%,1,4,1C x 4K,16.666666666666664,0.0,0.0,0.0,56.666666666666664,0.0,0.0,0.0,16.666666666666664,0.0,0.0,0.0,Bad_L0_Good_L1,0.0
Bad_L0_Good_L1 (rho=0.0),Height,0,10%,6,6,6C x 6K,10%,4,1,4C x 1K,36.666666666666664,0.0,0.0,0.0,56.666666666666664,0.0,0.0,0.0,36.666666666666664,0.0,0.0,0.0,Bad_L0_Good_L1,0.0
Bad_L0_Good_L1 (rho=0.0),Height,0,10%,6,6,6C x 6K,20%,1,6,1C x 6K,13.333333333333334,0.0,0.0,0.0,56.666666666666664,0.0,0.0,0.0,13.333333333333334,0.0,0.0,0.0,Bad_L0_Good_L1,0.0
Bad_L0_Good_L1 (rho=0.0),Height,0,10%,6,6,6C x 6K,20%,2,3,2C x 3K,23.333333333333332,0.0,0.0,0.0,56.666666666666664,0.0,0.0,0.0,23.333333333333332,0.0,0.0,0.0,Bad_L0_Good_L1,0.0
Bad_L0_Good_L1 (rho=0.0),Height,0,10%,6,6,6C x 6K,30%,2,6,2C x 6K,26.666666666666668,0.0,0.0,0.0,56.666666666666664,0.0,0.0,0.0,26.666666666666668,0.0,0.0,0.0,Bad_L0_Good_L1,0.0
Bad_L0_Good_L1 (rho=0.0),Height,0,10%,6,6,6C x 6K,30%,4,3,4C x 3K,46.666666666666664,0.0,0.0,0.0,56.666666666666664,0.0,0.0,0.0,46.666666666666664,0.0,0.0,0.0,Bad_L0_Good_L1,0.0
Bad_L0_Good_L1 (rho=0.0),Height,0,10%,6,6,6C x 6K,40%,2,6,2C x 6K,26.666666666666668,0.0,0.0,0.0,56.666666666666664,0.0,0.0,0.0,26.666666666666668,0.0,0.0,0.0,Bad_L0_Good_L1,0.0
Bad_L0_Good_L1 (rho=0.0),Height,0,10%,6,6,6C x 6K,40%,5,3,5C x 3K,40.0,0.0,0.0,0.0,56.666666666666664,0.0,0.0,0.0,40.0,0.0,0.0,0.0,Bad_L0_Good_L1,0.0
Bad_L0_Good_L1 (rho=0.0),Height,0,10%,6,6,6C x 6K,50%,3,6,3C x 6K,36.666666666666664,0.0,0.0,0.0,56.666666666666664,0.0,0.0,0.0,36.666666666666664,0.0,0.0,0.0,Bad_L0_Good_L1,0.0
Bad_L0_Good_L1 (rho=0.0),Height,0,10%,6,6,6C x 6K,50%,6,3,6C x 3K,56.666666666666664,0.0,0.0,0.0,56.666666666666664,0.0,0.0,0.0,56.666666666666664,0.0,0.0,0.0,Bad_L0_Good_L1,0.0
Bad_L0_Good_L1 (rho=0.0),Height,0,10%,6,6,6C x 6K,60%,4,6,4C x 6K,46.666666666666664,0.0,0.0,0.0,56.666666666666664,0.0,0.0,0.0,46.666666666666664,0.0,0.0,0.0,Bad_L0_Good_L1,0.0
Bad_L0_Good_L1 (rho=0.0),Height,0,10%,6,6,6C x 6K,60%,6,4,6C x 4K,56.666666666666664,0.0,0.0,0.0,56.666666666666664,0.0,0.0,0.0,56.666666666666664,0.0,0.0,0.0,Bad_L0_Good_L1,0.0
Bad_L0_Good_L1 (rho=0.0),Height,0,10%,6,6,6C x 6K,70%,4,6,4C x 6K,46.666666666666664,0.0,0.0,0.0,56.666666666666664,0.0,0.0,0.0,46.666666666666664,0.0,0.0,0.0,Bad_L0_Good_L1,0.0
Bad_L0_Good_L1 (rho=0.0),Height,0,10%,6,6,6C x 6K,70%,6,4,6C x 4K,56.666666666666664,0.0,0.0,0.0,56.666666666666664,0.0,0.0,0.0,56.666666666666664,0.0,0.0,0.0,Bad_L0_Good_L1,0.0
Bad_L0_Good_L1 (rho=0.0),Height,0,10%,6,6,6C x 6K,80%,5,6,5C x 6K,50.0,0.0,0.0,0.0,56.666666666666664,0.0,0.0,0.0,50.0,0.0,0.0,0.0,Bad_L0_Good_L1,0.0
Bad_L0_Good_L1 (rho=0.0),Height,0,10%,6,6,6C x 6K,80%,6,5,6C x 5K,56.666666666666664,0.0,0.0,0.0,56.666666666666664,0.0,0.0,0.0,56.666666666666664,0.0,0.0,0.0,Bad_L0_Good_L1,0.0
Bad_L0_Good_L1 (rho=0.0),Height,0,10%,6,6,6C x 6K,90%,5,6,5C x 6K,50.0,0.0,0.0,0.0,56.666666666666664,0.0,0.0,0.0,50.0,0.0,0.0,0.0,Bad_L0_Good_L1,0.0
Bad_L0_Good_L1 (rho=0.0),Height,0,10%,6,6,6C x 6K,90%,6,5,6C x 5K,56.666666666666664,0.0,0.0,0.0,56.666666666666664,0.0,0.0,0.0,56.666666666666664,0.0,0.0,0.0,Bad_L0_Good_L1,0.0
Bad_L0_Good_L1 (rho=0.0),Height,0,10%,6,6,6C x 6K,100%,6,6,6C x 6K,50.0,0.0,0.0,0.0,26.666666666666668,0.0,0.0,0.0,50.0,0.0,0.0,0.0,Bad_L0_Good_L1,0.0
Bad_L0_Good_L1 (rho=0.0),Height,0,20%,25,3,25C x 3K,10%,3,3,3C x 3K,40.0,0.0,0.0,0.0,53.333333333333336,0.0,0.0,0.0,40.0,0.0,0.0,0.0,Bad_L0_Good_L1,0.0
Bad_L0_Good_L1 (rho=0.0),Height,0,20%,25,3,25C x 3K,10%,8,1,8C x 1K,53.333333333333336,0.0,0.0,0.0,53.333333333333336,0.0,0.0,0.0,53.333333333333336,0.0,0.0,0.0,Bad_L0_Good_L1,0.0
Bad_L0_Good_L1 (rho=0.0),Height,0,20%,25,3,25C x 3K,20%,15,1,15C x 1K,43.333333333333336,0.0,0.0,0.0,53.333333333333336,0.0,0.0,0.0,43.333333333333336,0.0,0.0,0.0,Bad_L0_Good_L1,0.0
Bad_L0_Good_L1 (rho=0.0),Height,0,20%,25,3,25C x 3K,20%,5,3,5C x 3K,46.666666666666664,0.0,0.0,0.0,53.333333333333336,0.0,0.0,0.0,46.666666666666664,0.0,0.0,0.0,Bad_L0_Good_L1,0.0
Bad_L0_Good_L1 (rho=0.0),Height,0,20%,25,3,25C x 3K,30%,22,1,22C x 1K,46.666666666666664,0.0,0.0,0.0,53.333333333333336,0.0,0.0,0.0,46.666666666666664,0.0,0.0,0.0,Bad_L0_Good_L1,0.0
Bad_L0_Good_L1 (rho=0.0),Height,0,20%,25,3,25C x 3K,30%,7,3,7C x 3K,56.666666666666664,0.0,0.0,0.0,53.333333333333336,0.0,0.0,0.0,56.666666666666664,0.0,0.0,0.0,Bad_L0_Good_L1,0.0
Bad_L0_Good_L1 (rho=0.0),Height,0,20%,25,3,25C x 3K,40%,10,3,10C x 3K,63.33333333333333,0.0,0.0,0.0,53.333333333333336,0.0,0.0,0.0,63.33333333333333,0.0,0.0,0.0,Bad_L0_Good_L1,0.0
Bad_L0_Good_L1 (rho=0.0),Height,0,20%,25,3,25C x 3K,40%,15,2,15C x 2K,63.33333333333333,0.0,0.0,0.0,53.333333333333336,0.0,0.0,0.0,63.33333333333333,0.0,0.0,0.0,Bad_L0_Good_L1,0.0
Bad_L0_Good_L1 (rho=0.0),Height,0,20%,25,3,25C x 3K,50%,13,3,13C x 3K,66.66666666666666,0.0,0.0,0.0,53.333333333333336,0.0,0.0,0.0,66.66666666666666,0.0,0.0,0.0,Bad_L0_Good_L1,0.0
Bad_L0_Good_L1 (rho=0.0),Height,0,20%,25,3,25C x 3K,50%,19,2,19C x 2K,66.66666666666666,0.0,0.0,0.0,53.333333333333336,0.0,0.0,0.0,66.66666666666666,0.0,0.0,0.0,Bad_L0_Good_L1,0.0
Bad_L0_Good_L1 (rho=0.0),Height,0,20%,25,3,25C x 3K,60%,15,3,15C x 3K,60.0,0.0,0.0,0.0,53.333333333333336,0.0,0.0,0.0,60.0,0.0,0.0,0.0,Bad_L0_Good_L1,0.0
Bad_L0_Good_L1 (rho=0.0),Height,0,20%,25,3,25C x 3K,60%,22,2,22C x 2K,53.333333333333336,0.0,0.0,0.0,53.333333333333336,0.0,0.0,0.0,53.333333333333336,0.0,0.0,0.0,Bad_L0_Good_L1,0.0
Bad_L0_Good_L1 (rho=0.0),Height,0,20%,25,3,25C x 3K,70%,17,3,17C x 3K,50.0,0.0,0.0,0.0,20.533333333333335,0.0,0.0,0.0,50.0,0.0,0.0,0.0,Bad_L0_Good_L1,0.0
Bad_L0_Good_L1 (rho=0.0),Height,0,20%,25,3,25C x 3K,80%,20,3,20C x 3K,50.0,0.0,0.0,0.0,20.533333333333335,0.0,0.0,0.0,50.0,0.0,0.0,0.0,Bad_L0_Good_L1,0.0
Bad_L0_Good_L1 (rho=0.0),Height,0,20%,25,3,25C x 3K,90%,23,3,23C x 3K,50.0,0.0,0.0,0.0,20.533333333333335,0.0,0.0,0.0,50.0,0.0,0.0,0.0,Bad_L0_Good_L1,0.0
Bad_L0_Good_L1 (rho=0.0),Height,0,20%,25,3,25C x 3K,100%,25,3,25C x 3K,50.0,0.0,0.0,0.0,20.533333333333335,0.0,0.0,0.0,50.0,0.0,0.0,0.0,Bad_L0_Good_L1,0.0
Bad_L0_Good_L1 (rho=0.0),Height,0,20%,5,15,5C x 15K,10%,1,8,1C x 8K,43.333333333333336,0.0,0.0,0.0,96.66666666666667,0.0,0.0,0.0,43.333333333333336,0.0,0.0,0.0,Bad_L0_Good_L1,0.0
Bad_L0_Good_L1 (rho=0.0),Height,0,20%,5,15,5C x 15K,10%,3,3,3C x 3K,36.666666666666664,0.0,0.0,0.0,96.66666666666667,0.0,0.0,0.0,36.666666666666664,0.0,0.0,0.0,Bad_L0_Good_L1,0.0
Bad_L0_Good_L1 (rho=0.0),Height,0,20%,5,15,5C x 15K,20%,1,15,1C x 15K,60.0,0.0,0.0,0.0,96.66666666666667,0.0,0.0,0.0,60.0,0.0,0.0,0.0,Bad_L0_Good_L1,0.0
Bad_L0_Good_L1 (rho=0.0),Height,0,20%,5,15,5C x 15K,20%,5,3,5C x 3K,40.0,0.0,0.0,0.0,96.66666666666667,0.0,0.0,0.0,40.0,0.0,0.0,0.0,Bad_L0_Good_L1,0.0
Bad_L0_Good_L1 (rho=0.0),Height,0,20%,5,15,5C x 15K,30%,1,15,1C x 15K,60.0,0.0,0.0,0.0,96.66666666666667,0.0,0.0,0.0,60.0,0.0,0.0,0.0,Bad_L0_Good_L1,0.0
Bad_L0_Good_L1 (rho=0.0),Height,0,20%,5,15,5C x 15K,30%,3,8,3C x 8K,46.666666666666664,0.0,0.0,0.0,96.66666666666667,0.0,0.0,0.0,46.666666666666664,0.0,0.0,0.0,Bad_L0_Good_L1,0.0
Bad_L0_Good_L1 (rho=0.0),Height,0,20%,5,15,5C x 15K,40%,2,15,2C x 15K,56.666666666666664,0.0,0.0,0.0,96.66666666666667,0.0,0.0,0.0,56.666666666666664,0.0,0.0,0.0,Bad_L0_Good_L1,0.0
Bad_L0_Good_L1 (rho=0.0),Height,0,20%,5,15,5C x 15K,40%,5,6,5C x 6K,50.0,0.0,0.0,0.0,96.66666666666667,0.0,0.0,0.0,50.0,0.0,0.0,0.0,Bad_L0_Good_L1,0.0
Bad_L0_Good_L1 (rho=0.0),Height,0,20%,5,15,5C x 15K,50%,3,15,3C x 15K,53.333333333333336,0.0,0.0,0.0,96.66666666666667,0.0,0.0,0.0,53.333333333333336,0.0,0.0,0.0,Bad_L0_Good_L1,0.0
Bad_L0_Good_L1 (rho=0.0),Height,0,20%,5,15,5C x 15K,50%,5,7,5C x 7K,53.333333333333336,0.0,0.0,0.0,96.66666666666667,0.0,0.0,0.0,53.333333333333336,0.0,0.0,0.0,Bad_L0_Good_L1,0.0
Bad_L0_Good_L1 (rho=0.0),Height,0,20%,5,15,5C x 15K,60%,3,15,3C x 15K,53.333333333333336,0.0,0.0,0.0,96.66666666666667,0.0,0.0,0.0,53.333333333333336,0.0,0.0,0.0,Bad_L0_Good_L1,0.0
Bad_L0_Good_L1 (rho=0.0),Height,0,20%,5,15,5C x 15K,60%,5,9,5C x 9K,56.666666666666664,0.0,0.0,0.0,96.66666666666667,0.0,0.0,0.0,56.666666666666664,0.0,0.0,0.0,Bad_L0_Good_L1,0.0
Bad_L0_Good_L1 (rho=0.0),Height,0,20%,5,15,5C x 15K,70%,3,15,3C x 15K,53.333333333333336,0.0,0.0,0.0,96.66666666666667,0.0,0.0,0.0,53.333333333333336,0.0,0.0,0.0,Bad_L0_Good_L1,0.0
Bad_L0_Good_L1 (rho=0.0),Height,0,20%,5,15,5C x 15K,70%,5,10,5C x 10K,53.333333333333336,0.0,0.0,0.0,96.66666666666667,0.0,0.0,0.0,53.333333333333336,0.0,0.0,0.0,Bad_L0_Good_L1,0.0
Bad_L0_Good_L1 (rho=0.0),Height,0,20%,5,15,5C x 15K,80%,4,15,4C x 15K,50.0,0.0,0.0,0.0,96.66666666666667,0.0,0.0,0.0,50.0,0.0,0.0,0.0,Bad_L0_Good_L1,0.0
Bad_L0_Good_L1 (rho=0.0),Height,0,20%,5,15,5C x 15K,80%,5,12,5C x 12K,53.333333333333336,0.0,0.0,0.0,96.66666666666667,0.0,0.0,0.0,53.333333333333336,0.0,0.0,0.0,Bad_L0_Good_L1,0.0
Bad_L0_Good_L1 (rho=0.0),Height,0,20%,5,15,5C x 15K,90%,5,13,5C x 13K,50.0,0.0,0.0,0.0,96.66666666666667,0.0,0.0,0.0,50.0,0.0,0.0,0.0,Bad_L0_Good_L1,0.0
Bad_L0_Good_L1 (rho=0.0),Height,0,20%,5,15,5C x 15K,90%,5,15,5C x 15K,50.0,0.0,0.0,0.0,96.66666666666667,0.0,0.0,0.0,50.0,0.0,0.0,0.0,Bad_L0_Good_L1,0.0
Bad_L0_Good_L1 (rho=0.0),Height,0,20%,5,15,5C x 15K,100%,5,15,5C x 15K,50.0,0.0,0.0,0.0,50.0,0.0,0.0,0.0,50.0,0.0,0.0,0.0,Bad_L0_Good_L1,0.0
Bad_L0_Good_L1 (rho=0.0),Height,0,30%,14,8,14C x 8K,10%,11,1,11C x 1K,50.0,0.0,0.0,0.0,71.19047619047619,0.0,0.0,0.0,50.0,0.0,0.0,0.0,Bad_L0_Good_L1,0.0
Bad_L0_Good_L1 (rho=0.0),Height,0,30%,14,8,14C x 8K,10%,1,8,1C x 8K,43.333333333333336,0.0,0.0,0.0,71.19047619047619,0.0,0.0,0.0,43.333333333333336,0.0,0.0,0.0,Bad_L0_Good_L1,0.0
Bad_L0_Good_L1 (rho=0.0),Height,0,30%,14,8,14C x 8K,20%,3,8,3C x 8K,63.33333333333333,0.0,0.0,0.0,71.19047619047619,0.0,0.0,0.0,63.33333333333333,0.0,0.0,0.0,Bad_L0_Good_L1,0.0
Bad_L0_Good_L1 (rho=0.0),Height,0,30%,14,8,14C x 8K,20%,7,3,7C x 3K,50.0,0.0,0.0,0.0,71.19047619047619,0.0,0.0,0.0,50.0,0.0,0.0,0.0,Bad_L0_Good_L1,0.0
Bad_L0_Good_L1 (rho=0.0),Height,0,30%,14,8,14C x 8K,30%,4,8,4C x 8K,66.66666666666666,0.0,0.0,0.0,71.19047619047619,0.0,0.0,0.0,66.66666666666666,0.0,0.0,0.0,Bad_L0_Good_L1,0.0
Bad_L0_Good_L1 (rho=0.0),Height,0,30%,14,8,14C x 8K,30%,8,4,8C x 4K,60.0,0.0,0.0,0.0,71.19047619047619,0.0,0.0,0.0,60.0,0.0,0.0,0.0,Bad_L0_Good_L1,0.0
Bad_L0_Good_L1 (rho=0.0),Height,0,30%,14,8,14C x 8K,40%,6,8,6C x 8K,66.66666666666666,0.0,0.0,0.0,71.19047619047619,0.0,0.0,0.0,66.66666666666666,0.0,0.0,0.0,Bad_L0_Good_L1,0.0
Bad_L0_Good_L1 (rho=0.0),Height,0,30%,14,8,14C x 8K,40%,9,5,9C x 5K,60.0,0.0,0.0,0.0,71.19047619047619,0.0,0.0,0.0,60.0,0.0,0.0,0.0,Bad_L0_Good_L1,0.0
Bad_L0_Good_L1 (rho=0.0),Height,0,30%,14,8,14C x 8K,50%,14,4,14C x 4K,70.0,0.0,0.0,0.0,71.19047619047619,0.0,0.0,0.0,70.0,0.0,0.0,0.0,Bad_L0_Good_L1,0.0
Bad_L0_Good_L1 (rho=0.0),Height,0,30%,14,8,14C x 8K,50%,7,8,7C x 8K,66.66666666666666,0.0,0.0,0.0,71.19047619047619,0.0,0.0,0.0,66.66666666666666,0.0,0.0,0.0,Bad_L0_Good_L1,0.0
Bad_L0_Good_L1 (rho=0.0),Height,0,30%,14,8,14C x 8K,60%,13,5,13C x 5K,66.66666666666666,0.0,0.0,0.0,71.19047619047619,0.0,0.0,0.0,66.66666666666666,0.0,0.0,0.0,Bad_L0_Good_L1,0.0
Bad_L0_Good_L1 (rho=0.0),Height,0,30%,14,8,14C x 8K,60%,8,8,8C x 8K,60.0,0.0,0.0,0.0,71.19047619047619,0.0,0.0,0.0,60.0,0.0,0.0,0.0,Bad_L0_Good_L1,0.0
Bad_L0_Good_L1 (rho=0.0),Height,0,30%,14,8,14C x 8K,70%,10,8,10C x 8K,66.66666666666666,0.0,0.0,0.0,71.19047619047619,0.0,0.0,0.0,66.66666666666666,0.0,0.0,0.0,Bad_L0_Good_L1,0.0
Bad_L0_Good_L1 (rho=0.0),Height,0,30%,14,8,14C x 8K,70%,13,6,13C x 6K,63.33333333333333,0.0,0.0,0.0,71.19047619047619,0.0,0.0,0.0,63.33333333333333,0.0,0.0,0.0,Bad_L0_Good_L1,0.0
Bad_L0_Good_L1 (rho=0.0),Height,0,30%,14,8,14C x 8K,80%,11,8,11C x 8K,63.33333333333333,0.0,0.0,0.0,71.19047619047619,0.0,0.0,0.0,63.33333333333333,0.0,0.0,0.0,Bad_L0_Good_L1,0.0
Bad_L0_Good_L1 (rho=0.0),Height,0,30%,14,8,14C x 8K,80%,13,7,13C x 7K,63.33333333333333,0.0,0.0,0.0,71.19047619047619,0.0,0.0,0.0,63.33333333333333,0.0,0.0,0.0,Bad_L0_Good_L1,0.0
Bad_L0_Good_L1 (rho=0.0),Height,0,30%,14,8,14C x 8K,90%,13,8,13C x 8K,70.0,0.0,0.0,0.0,71.19047619047619,0.0,0.0,0.0,70.0,0.0,0.0,0.0,Bad_L0_Good_L1,0.0
Bad_L0_Good_L1 (rho=0.0),Height,0,30%,14,8,14C x 8K,90%,14,7,14C x 7K,70.0,0.0,0.0,0.0,71.19047619047619,0.0,0.0,0.0,70.0,0.0,0.0,0.0,Bad_L0_Good_L1,0.0
Bad_L0_Good_L1 (rho=0.0),Height,0,30%,14,8,14C x 8K,100%,14,8,14C x 8K,50.0,0.0,0.0,0.0,30.476190476190478,0.0,0.0,0.0,50.0,0.0,0.0,0.0,Bad_L0_Good_L1,0.0
Bad_L0_Good_L1 (rho=0.0),Height,0,30%,7,15,7C x 15K,10%,1,10,1C x 10K,56.666666666666664,0.0,0.0,0.0,97.61904761904762,0.0,0.0,0.0,56.666666666666664,0.0,0.0,0.0,Bad_L0_Good_L1,0.0
Bad_L0_Good_L1 (rho=0.0),Height,0,30%,7,15,7C x 15K,10%,2,4,2C x 4K,36.666666666666664,0.0,0.0,0.0,97.61904761904762,0.0,0.0,0.0,36.666666666666664,0.0,0.0,0.0,Bad_L0_Good_L1,0.0
Bad_L0_Good_L1 (rho=0.0),Height,0,30%,7,15,7C x 15K,20%,1,15,1C x 15K,63.33333333333333,0.0,0.0,0.0,97.61904761904762,0.0,0.0,0.0,63.33333333333333,0.0,0.0,0.0,Bad_L0_Good_L1,0.0
Bad_L0_Good_L1 (rho=0.0),Height,0,30%,7,15,7C x 15K,20%,7,3,7C x 3K,56.666666666666664,0.0,0.0,0.0,97.61904761904762,0.0,0.0,0.0,56.666666666666664,0.0,0.0,0.0,Bad_L0_Good_L1,0.0
Bad_L0_Good_L1 (rho=0.0),Height,0,30%,7,15,7C x 15K,30%,2,15,2C x 15K,63.33333333333333,0.0,0.0,0.0,97.61904761904762,0.0,0.0,0.0,63.33333333333333,0.0,0.0,0.0,Bad_L0_Good_L1,0.0
Bad_L0_Good_L1 (rho=0.0),Height,0,30%,7,15,7C x 15K,30%,4,8,4C x 8K,50.0,0.0,0.0,0.0,97.61904761904762,0.0,0.0,0.0,50.0,0.0,0.0,0.0,Bad_L0_Good_L1,0.0
Bad_L0_Good_L1 (rho=0.0),Height,0,30%,7,15,7C x 15K,40%,3,15,3C x 15K,56.666666666666664,0.0,0.0,0.0,97.61904761904762,0.0,0.0,0.0,56.666666666666664,0.0,0.0,0.0,Bad_L0_Good_L1,0.0
Bad_L0_Good_L1 (rho=0.0),Height,0,30%,7,15,7C x 15K,40%,7,6,7C x 6K,63.33333333333333,0.0,0.0,0.0,97.61904761904762,0.0,0.0,0.0,63.33333333333333,0.0,0.0,0.0,Bad_L0_Good_L1,0.0
Bad_L0_Good_L1 (rho=0.0),Height,0,30%,7,15,7C x 15K,50%,3,15,3C x 15K,56.666666666666664,0.0,0.0,0.0,97.61904761904762,0.0,0.0,0.0,56.666666666666664,0.0,0.0,0.0,Bad_L0_Good_L1,0.0
Bad_L0_Good_L1 (rho=0.0),Height,0,30%,7,15,7C x 15K,50%,7,7,7C x 7K,56.666666666666664,0.0,0.0,0.0,97.61904761904762,0.0,0.0,0.0,56.666666666666664,0.0,0.0,0.0,Bad_L0_Good_L1,0.0
Bad_L0_Good_L1 (rho=0.0),Height,0,30%,7,15,7C x 15K,60%,4,15,4C x 15K,60.0,0.0,0.0,0.0,97.61904761904762,0.0,0.0,0.0,60.0,0.0,0.0,0.0,Bad_L0_Good_L1,0.0
Bad_L0_Good_L1 (rho=0.0),Height,0,30%,7,15,7C x 15K,60%,7,9,7C x 9K,60.0,0.0,0.0,0.0,97.61904761904762,0.0,0.0,0.0,60.0,0.0,0.0,0.0,Bad_L0_Good_L1,0.0
Bad_L0_Good_L1 (rho=0.0),Height,0,30%,7,15,7C x 15K,70%,5,15,5C x 15K,63.33333333333333,0.0,0.0,0.0,97.61904761904762,0.0,0.0,0.0,63.33333333333333,0.0,0.0,0.0,Bad_L0_Good_L1,0.0
Bad_L0_Good_L1 (rho=0.0),Height,0,30%,7,15,7C x 15K,70%,7,10,7C x 10K,63.33333333333333,0.0,0.0,0.0,97.61904761904762,0.0,0.0,0.0,63.33333333333333,0.0,0.0,0.0,Bad_L0_Good_L1,0.0
Bad_L0_Good_L1 (rho=0.0),Height,0,30%,7,15,7C x 15K,80%,6,15,6C x 15K,56.666666666666664,0.0,0.0,0.0,97.61904761904762,0.0,0.0,0.0,56.666666666666664,0.0,0.0,0.0,Bad_L0_Good_L1,0.0
Bad_L0_Good_L1 (rho=0.0),Height,0,30%,7,15,7C x 15K,80%,7,12,7C x 12K,60.0,0.0,0.0,0.0,97.61904761904762,0.0,0.0,0.0,60.0,0.0,0.0,0.0,Bad_L0_Good_L1,0.0
Bad_L0_Good_L1 (rho=0.0),Height,0,30%,7,15,7C x 15K,90%,6,15,6C x 15K,56.666666666666664,0.0,0.0,0.0,97.61904761904762,0.0,0.0,0.0,56.666666666666664,0.0,0.0,0.0,Bad_L0_Good_L1,0.0
Bad_L0_Good_L1 (rho=0.0),Height,0,30%,7,15,7C x 15K,90%,7,13,7C x 13K,56.666666666666664,0.0,0.0,0.0,97.61904761904762,0.0,0.0,0.0,56.666666666666664,0.0,0.0,0.0,Bad_L0_Good_L1,0.0
Bad_L0_Good_L1 (rho=0.0),Height,0,30%,7,15,7C x 15K,100%,7,15,7C x 15K,50.0,0.0,0.0,0.0,48.57142857142857,0.0,0.0,0.0,50.0,0.0,0.0,0.0,Bad_L0_Good_L1,0.0
Bad_L0_Good_L1 (rho=0.0),Height,0,40%,10,15,10C x 15K,10%,1,15,1C x 15K,63.33333333333333,0.0,0.0,0.0,98.0,0.0,0.0,0.0,63.33333333333333,0.0,0.0,0.0,Bad_L0_Good_L1,0.0
Bad_L0_Good_L1 (rho=0.0),Height,0,40%,10,15,10C x 15K,10%,2,6,2C x 6K,43.333333333333336,0.0,0.0,0.0,98.0,0.0,0.0,0.0,43.333333333333336,0.0,0.0,0.0,Bad_L0_Good_L1,0.0
Bad_L0_Good_L1 (rho=0.0),Height,0,40%,10,15,10C x 15K,20%,10,3,10C x 3K,63.33333333333333,0.0,0.0,0.0,98.0,0.0,0.0,0.0,63.33333333333333,0.0,0.0,0.0,Bad_L0_Good_L1,0.0
Bad_L0_Good_L1 (rho=0.0),Height,0,40%,10,15,10C x 15K,20%,2,15,2C x 15K,60.0,0.0,0.0,0.0,98.0,0.0,0.0,0.0,60.0,0.0,0.0,0.0,Bad_L0_Good_L1,0.0
Bad_L0_Good_L1 (rho=0.0),Height,0,40%,10,15,10C x 15K,30%,3,15,3C x 15K,63.33333333333333,0.0,0.0,0.0,98.0,0.0,0.0,0.0,63.33333333333333,0.0,0.0,0.0,Bad_L0_Good_L1,0.0
Bad_L0_Good_L1 (rho=0.0),Height,0,40%,10,15,10C x 15K,30%,6,8,6C x 8K,73.33333333333333,0.0,0.0,0.0,98.0,0.0,0.0,0.0,73.33333333333333,0.0,0.0,0.0,Bad_L0_Good_L1,0.0
Bad_L0_Good_L1 (rho=0.0),Height,0,40%,10,15,10C x 15K,40%,10,6,10C x 6K,63.33333333333333,0.0,0.0,0.0,98.0,0.0,0.0,0.0,63.33333333333333,0.0,0.0,0.0,Bad_L0_Good_L1,0.0
Bad_L0_Good_L1 (rho=0.0),Height,0,40%,10,15,10C x 15K,40%,4,15,4C x 15K,63.33333333333333,0.0,0.0,0.0,98.0,0.0,0.0,0.0,63.33333333333333,0.0,0.0,0.0,Bad_L0_Good_L1,0.0
Bad_L0_Good_L1 (rho=0.0),Height,0,40%,10,15,10C x 15K,50%,5,15,5C x 15K,60.0,0.0,0.0,0.0,98.0,0.0,0.0,0.0,60.0,0.0,0.0,0.0,Bad_L0_Good_L1,0.0
Bad_L0_Good_L1 (rho=0.0),Height,0,40%,10,15,10C x 15K,50%,8,10,8C x 10K,63.33333333333333,0.0,0.0,0.0,98.0,0.0,0.0,0.0,63.33333333333333,0.0,0.0,0.0,Bad_L0_Good_L1,0.0
Bad_L0_Good_L1 (rho=0.0),Height,0,40%,10,15,10C x 15K,60%,10,9,10C x 9K,66.66666666666666,0.0,0.0,0.0,98.0,0.0,0.0,0.0,66.66666666666666,0.0,0.0,0.0,Bad_L0_Good_L1,0.0
Bad_L0_Good_L1 (rho=0.0),Height,0,40%,10,15,10C x 15K,60%,6,15,6C x 15K,60.0,0.0,0.0,0.0,98.0,0.0,0.0,0.0,60.0,0.0,0.0,0.0,Bad_L0_Good_L1,0.0
Bad_L0_Good_L1 (rho=0.0),Height,0,40%,10,15,10C x 15K,70%,10,10,10C x 10K,60.0,0.0,0.0,0.0,98.0,0.0,0.0,0.0,60.0,0.0,0.0,0.0,Bad_L0_Good_L1,0.0
Bad_L0_Good_L1 (rho=0.0),Height,0,40%,10,15,10C x 15K,70%,7,15,7C x 15K,56.666666666666664,0.0,0.0,0.0,98.0,0.0,0.0,0.0,56.666666666666664,0.0,0.0,0.0,Bad_L0_Good_L1,0.0
Bad_L0_Good_L1 (rho=0.0),Height,0,40%,10,15,10C x 15K,80%,10,12,10C x 12K,60.0,0.0,0.0,0.0,98.0,0.0,0.0,0.0,60.0,0.0,0.0,0.0,Bad_L0_Good_L1,0.0
Bad_L0_Good_L1 (rho=0.0),Height,0,40%,10,15,10C x 15K,80%,8,15,8C x 15K,53.333333333333336,0.0,0.0,0.0,98.0,0.0,0.0,0.0,53.333333333333336,0.0,0.0,0.0,Bad_L0_Good_L1,0.0
Bad_L0_Good_L1 (rho=0.0),Height,0,40%,10,15,10C x 15K,90%,10,13,10C x 13K,60.0,0.0,0.0,0.0,98.0,0.0,0.0,0.0,60.0,0.0,0.0,0.0,Bad_L0_Good_L1,0.0
Bad_L0_Good_L1 (rho=0.0),Height,0,40%,10,15,10C x 15K,90%,9,15,9C x 15K,53.333333333333336,0.0,0.0,0.0,98.0,0.0,0.0,0.0,53.333333333333336,0.0,0.0,0.0,Bad_L0_Good_L1,0.0
Bad_L0_Good_L1 (rho=0.0),Height,0,40%,10,15,10C x 15K,100%,10,15,10C x 15K,50.0,0.0,0.0,0.0,49.0,0.0,0.0,0.0,50.0,0.0,0.0,0.0,Bad_L0_Good_L1,0.0
Bad_L0_Good_L1 (rho=0.0),Height,0,40%,25,6,25C x 6K,10%,15,1,15C x 1K,50.0,0.0,0.0,0.0,66.4,0.0,0.0,0.0,50.0,0.0,0.0,0.0,Bad_L0_Good_L1,0.0
Bad_L0_Good_L1 (rho=0.0),Height,0,40%,25,6,25C x 6K,10%,2,6,2C x 6K,43.333333333333336,0.0,0.0,0.0,66.4,0.0,0.0,0.0,43.333333333333336,0.0,0.0,0.0,Bad_L0_Good_L1,0.0
Bad_L0_Good_L1 (rho=0.0),Height,0,40%,25,6,25C x 6K,20%,10,3,10C x 3K,56.666666666666664,0.0,0.0,0.0,66.4,0.0,0.0,0.0,56.666666666666664,0.0,0.0,0.0,Bad_L0_Good_L1,0.0
Bad_L0_Good_L1 (rho=0.0),Height,0,40%,25,6,25C x 6K,20%,5,6,5C x 6K,60.0,0.0,0.0,0.0,66.4,0.0,0.0,0.0,60.0,0.0,0.0,0.0,Bad_L0_Good_L1,0.0
Bad_L0_Good_L1 (rho=0.0),Height,0,40%,25,6,25C x 6K,30%,15,3,15C x 3K,63.33333333333333,0.0,0.0,0.0,66.4,0.0,0.0,0.0,63.33333333333333,0.0,0.0,0.0,Bad_L0_Good_L1,0.0
Bad_L0_Good_L1 (rho=0.0),Height,0,40%,25,6,25C x 6K,30%,8,6,8C x 6K,63.33333333333333,0.0,0.0,0.0,66.4,0.0,0.0,0.0,63.33333333333333,0.0,0.0,0.0,Bad_L0_Good_L1,0.0
Bad_L0_Good_L1 (rho=0.0),Height,0,40%,25,6,25C x 6K,40%,10,6,10C x 6K,73.33333333333333,0.0,0.0,0.0,66.4,0.0,0.0,0.0,73.33333333333333,0.0,0.0,0.0,Bad_L0_Good_L1,0.0
Bad_L0_Good_L1 (rho=0.0),Height,0,40%,25,6,25C x 6K,40%,20,3,20C x 3K,56.666666666666664,0.0,0.0,0.0,66.4,0.0,0.0,0.0,56.666666666666664,0.0,0.0,0.0,Bad_L0_Good_L1,0.0
Bad_L0_Good_L1 (rho=0.0),Height,0,40%,25,6,25C x 6K,50%,12,6,12C x 6K,70.0,0.0,0.0,0.0,66.4,0.0,0.0,0.0,70.0,0.0,0.0,0.0,Bad_L0_Good_L1,0.0
Bad_L0_Good_L1 (rho=0.0),Height,0,40%,25,6,25C x 6K,50%,25,3,25C x 3K,66.66666666666666,0.0,0.0,0.0,66.4,0.0,0.0,0.0,66.66666666666666,0.0,0.0,0.0,Bad_L0_Good_L1,0.0
Bad_L0_Good_L1 (rho=0.0),Height,0,40%,25,6,25C x 6K,60%,15,6,15C x 6K,63.33333333333333,0.0,0.0,0.0,66.4,0.0,0.0,0.0,63.33333333333333,0.0,0.0,0.0,Bad_L0_Good_L1,0.0
Bad_L0_Good_L1 (rho=0.0),Height,0,40%,25,6,25C x 6K,60%,22,4,22C x 4K,63.33333333333333,0.0,0.0,0.0,66.4,0.0,0.0,0.0,63.33333333333333,0.0,0.0,0.0,Bad_L0_Good_L1,0.0
Bad_L0_Good_L1 (rho=0.0),Height,0,40%,25,6,25C x 6K,70%,18,6,18C x 6K,63.33333333333333,0.0,0.0,0.0,66.4,0.0,0.0,0.0,63.33333333333333,0.0,0.0,0.0,Bad_L0_Good_L1,0.0
Bad_L0_Good_L1 (rho=0.0),Height,0,40%,25,6,25C x 6K,70%,21,5,21C x 5K,60.0,0.0,0.0,0.0,66.4,0.0,0.0,0.0,60.0,0.0,0.0,0.0,Bad_L0_Good_L1,0.0
Bad_L0_Good_L1 (rho=0.0),Height,0,40%,25,6,25C x 6K,80%,20,6,20C x 6K,63.33333333333333,0.0,0.0,0.0,66.4,0.0,0.0,0.0,63.33333333333333,0.0,0.0,0.0,Bad_L0_Good_L1,0.0
Bad_L0_Good_L1 (rho=0.0),Height,0,40%,25,6,25C x 6K,80%,24,5,24C x 5K,63.33333333333333,0.0,0.0,0.0,66.4,0.0,0.0,0.0,63.33333333333333,0.0,0.0,0.0,Bad_L0_Good_L1,0.0
Bad_L0_Good_L1 (rho=0.0),Height,0,40%,25,6,25C x 6K,90%,22,6,22C x 6K,50.0,0.0,0.0,0.0,26.0,0.0,0.0,0.0,50.0,0.0,0.0,0.0,Bad_L0_Good_L1,0.0
Bad_L0_Good_L1 (rho=0.0),Height,0,40%,25,6,25C x 6K,100%,25,6,25C x 6K,50.0,0.0,0.0,0.0,26.0,0.0,0.0,0.0,50.0,0.0,0.0,0.0,Bad_L0_Good_L1,0.0
Bad_L0_Good_L1 (rho=0.0),Height,0,50%,13,15,13C x 15K,10%,1,15,1C x 15K,63.33333333333333,0.0,0.0,0.0,98.2051282051282,0.0,0.0,0.0,63.33333333333333,0.0,0.0,0.0,Bad_L0_Good_L1,0.0
Bad_L0_Good_L1 (rho=0.0),Height,0,50%,13,15,13C x 15K,10%,3,6,3C x 6K,56.666666666666664,0.0,0.0,0.0,98.2051282051282,0.0,0.0,0.0,56.666666666666664,0.0,0.0,0.0,Bad_L0_Good_L1,0.0
Bad_L0_Good_L1 (rho=0.0),Height,0,50%,13,15,13C x 15K,20%,13,3,13C x 3K,73.33333333333333,0.0,0.0,0.0,98.2051282051282,0.0,0.0,0.0,73.33333333333333,0.0,0.0,0.0,Bad_L0_Good_L1,0.0
Bad_L0_Good_L1 (rho=0.0),Height,0,50%,13,15,13C x 15K,20%,3,15,3C x 15K,70.0,0.0,0.0,0.0,98.2051282051282,0.0,0.0,0.0,70.0,0.0,0.0,0.0,Bad_L0_Good_L1,0.0
Bad_L0_Good_L1 (rho=0.0),Height,0,50%,13,15,13C x 15K,30%,4,15,4C x 15K,60.0,0.0,0.0,0.0,98.2051282051282,0.0,0.0,0.0,60.0,0.0,0.0,0.0,Bad_L0_Good_L1,0.0
Bad_L0_Good_L1 (rho=0.0),Height,0,50%,13,15,13C x 15K,30%,7,8,7C x 8K,60.0,0.0,0.0,0.0,98.2051282051282,0.0,0.0,0.0,60.0,0.0,0.0,0.0,Bad_L0_Good_L1,0.0
Bad_L0_Good_L1 (rho=0.0),Height,0,50%,13,15,13C x 15K,40%,13,6,13C x 6K,66.66666666666666,0.0,0.0,0.0,98.2051282051282,0.0,0.0,0.0,66.66666666666666,0.0,0.0,0.0,Bad_L0_Good_L1,0.0
Bad_L0_Good_L1 (rho=0.0),Height,0,50%,13,15,13C x 15K,40%,5,15,5C x 15K,63.33333333333333,0.0,0.0,0.0,98.2051282051282,0.0,0.0,0.0,63.33333333333333,0.0,0.0,0.0,Bad_L0_Good_L1,0.0
Bad_L0_Good_L1 (rho=0.0),Height,0,50%,13,15,13C x 15K,50%,10,10,10C x 10K,56.666666666666664,0.0,0.0,0.0,98.2051282051282,0.0,0.0,0.0,56.666666666666664,0.0,0.0,0.0,Bad_L0_Good_L1,0.0
Bad_L0_Good_L1 (rho=0.0),Height,0,50%,13,15,13C x 15K,50%,7,15,7C x 15K,63.33333333333333,0.0,0.0,0.0,98.2051282051282,0.0,0.0,0.0,63.33333333333333,0.0,0.0,0.0,Bad_L0_Good_L1,0.0
Bad_L0_Good_L1 (rho=0.0),Height,0,50%,13,15,13C x 15K,60%,13,9,13C x 9K,60.0,0.0,0.0,0.0,98.2051282051282,0.0,0.0,0.0,60.0,0.0,0.0,0.0,Bad_L0_Good_L1,0.0
Bad_L0_Good_L1 (rho=0.0),Height,0,50%,13,15,13C x 15K,60%,8,15,8C x 15K,53.333333333333336,0.0,0.0,0.0,98.2051282051282,0.0,0.0,0.0,53.333333333333336,0.0,0.0,0.0,Bad_L0_Good_L1,0.0
Bad_L0_Good_L1 (rho=0.0),Height,0,50%,13,15,13C x 15K,70%,11,12,11C x 12K,56.666666666666664,0.0,0.0,0.0,98.2051282051282,0.0,0.0,0.0,56.666666666666664,0.0,0.0,0.0,Bad_L0_Good_L1,0.0
Bad_L0_Good_L1 (rho=0.0),Height,0,50%,13,15,13C x 15K,70%,9,15,9C x 15K,53.333333333333336,0.0,0.0,0.0,98.2051282051282,0.0,0.0,0.0,53.333333333333336,0.0,0.0,0.0,Bad_L0_Good_L1,0.0
Bad_L0_Good_L1 (rho=0.0),Height,0,50%,13,15,13C x 15K,80%,10,15,10C x 15K,53.333333333333336,0.0,0.0,0.0,98.2051282051282,0.0,0.0,0.0,53.333333333333336,0.0,0.0,0.0,Bad_L0_Good_L1,0.0
Bad_L0_Good_L1 (rho=0.0),Height,0,50%,13,15,13C x 15K,80%,13,12,13C x 12K,66.66666666666666,0.0,0.0,0.0,98.2051282051282,0.0,0.0,0.0,66.66666666666666,0.0,0.0,0.0,Bad_L0_Good_L1,0.0
Bad_L0_Good_L1 (rho=0.0),Height,0,50%,13,15,13C x 15K,90%,12,15,12C x 15K,56.666666666666664,0.0,0.0,0.0,98.2051282051282,0.0,0.0,0.0,56.666666666666664,0.0,0.0,0.0,Bad_L0_Good_L1,0.0
Bad_L0_Good_L1 (rho=0.0),Height,0,50%,13,15,13C x 15K,90%,13,14,13C x 14K,63.33333333333333,0.0,0.0,0.0,98.2051282051282,0.0,0.0,0.0,63.33333333333333,0.0,0.0,0.0,Bad_L0_Good_L1,0.0
Bad_L0_Good_L1 (rho=0.0),Height,0,50%,13,15,13C x 15K,100%,13,15,13C x 15K,50.0,0.0,0.0,0.0,49.23076923076923,0.0,0.0,0.0,50.0,0.0,0.0,0.0,Bad_L0_Good_L1,0.0
Bad_L0_Good_L1 (rho=0.0),Height,0,50%,19,10,19C x 10K,10%,19,1,19C x 1K,50.0,0.0,0.0,0.0,76.14035087719299,0.0,0.0,0.0,50.0,0.0,0.0,0.0,Bad_L0_Good_L1,0.0
Bad_L0_Good_L1 (rho=0.0),Height,0,50%,19,10,19C x 10K,10%,2,10,2C x 10K,60.0,0.0,0.0,0.0,76.14035087719299,0.0,0.0,0.0,60.0,0.0,0.0,0.0,Bad_L0_Good_L1,0.0
Bad_L0_Good_L1 (rho=0.0),Height,0,50%,19,10,19C x 10K,20%,19,2,19C x 2K,63.33333333333333,0.0,0.0,0.0,76.14035087719299,0.0,0.0,0.0,63.33333333333333,0.0,0.0,0.0,Bad_L0_Good_L1,0.0
Bad_L0_Good_L1 (rho=0.0),Height,0,50%,19,10,19C x 10K,20%,4,10,4C x 10K,66.66666666666666,0.0,0.0,0.0,76.14035087719299,0.0,0.0,0.0,66.66666666666666,0.0,0.0,0.0,Bad_L0_Good_L1,0.0
Bad_L0_Good_L1 (rho=0.0),Height,0,50%,19,10,19C x 10K,30%,19,3,19C x 3K,63.33333333333333,0.0,0.0,0.0,76.14035087719299,0.0,0.0,0.0,63.33333333333333,0.0,0.0,0.0,Bad_L0_Good_L1,0.0
Bad_L0_Good_L1 (rho=0.0),Height,0,50%,19,10,19C x 10K,30%,6,10,6C x 10K,63.33333333333333,0.0,0.0,0.0,76.14035087719299,0.0,0.0,0.0,63.33333333333333,0.0,0.0,0.0,Bad_L0_Good_L1,0.0
Bad_L0_Good_L1 (rho=0.0),Height,0,50%,19,10,19C x 10K,40%,19,4,19C x 4K,66.66666666666666,0.0,0.0,0.0,76.14035087719299,0.0,0.0,0.0,66.66666666666666,0.0,0.0,0.0,Bad_L0_Good_L1,0.0
Bad_L0_Good_L1 (rho=0.0),Height,0,50%,19,10,19C x 10K,40%,8,10,8C x 10K,56.666666666666664,0.0,0.0,0.0,76.14035087719299,0.0,0.0,0.0,56.666666666666664,0.0,0.0,0.0,Bad_L0_Good_L1,0.0
Bad_L0_Good_L1 (rho=0.0),Height,0,50%,19,10,19C x 10K,50%,10,10,10C x 10K,60.0,0.0,0.0,0.0,76.14035087719299,0.0,0.0,0.0,60.0,0.0,0.0,0.0,Bad_L0_Good_L1,0.0
Bad_L0_Good_L1 (rho=0.0),Height,0,50%,19,10,19C x 10K,50%,19,5,19C x 5K,70.0,0.0,0.0,0.0,76.14035087719299,0.0,0.0,0.0,70.0,0.0,0.0,0.0,Bad_L0_Good_L1,0.0
Bad_L0_Good_L1 (rho=0.0),Height,0,50%,19,10,19C x 10K,60%,11,10,11C x 10K,63.33333333333333,0.0,0.0,0.0,76.14035087719299,0.0,0.0,0.0,63.33333333333333,0.0,0.0,0.0,Bad_L0_Good_L1,0.0
Bad_L0_Good_L1 (rho=0.0),Height,0,50%,19,10,19C x 10K,60%,19,6,19C x 6K,66.66666666666666,0.0,0.0,0.0,76.14035087719299,0.0,0.0,0.0,66.66666666666666,0.0,0.0,0.0,Bad_L0_Good_L1,0.0
Bad_L0_Good_L1 (rho=0.0),Height,0,50%,19,10,19C x 10K,70%,13,10,13C x 10K,63.33333333333333,0.0,0.0,0.0,76.14035087719299,0.0,0.0,0.0,63.33333333333333,0.0,0.0,0.0,Bad_L0_Good_L1,0.0
Bad_L0_Good_L1 (rho=0.0),Height,0,50%,19,10,19C x 10K,70%,19,7,19C x 7K,60.0,0.0,0.0,0.0,76.14035087719299,0.0,0.0,0.0,60.0,0.0,0.0,0.0,Bad_L0_Good_L1,0.0
Bad_L0_Good_L1 (rho=0.0),Height,0,50%,19,10,19C x 10K,80%,15,10,15C x 10K,66.66666666666666,0.0,0.0,0.0,76.14035087719299,0.0,0.0,0.0,66.66666666666666,0.0,0.0,0.0,Bad_L0_Good_L1,0.0
Bad_L0_Good_L1 (rho=0.0),Height,0,50%,19,10,19C x 10K,80%,19,8,19C x 8K,66.66666666666666,0.0,0.0,0.0,76.14035087719299,0.0,0.0,0.0,66.66666666666666,0.0,0.0,0.0,Bad_L0_Good_L1,0.0
Bad_L0_Good_L1 (rho=0.0),Height,0,50%,19,10,19C x 10K,90%,17,10,17C x 10K,70.0,0.0,0.0,0.0,76.14035087719299,0.0,0.0,0.0,70.0,0.0,0.0,0.0,Bad_L0_Good_L1,0.0
Bad_L0_Good_L1 (rho=0.0),Height,0,50%,19,10,19C x 10K,90%,19,9,19C x 9K,66.66666666666666,0.0,0.0,0.0,76.14035087719299,0.0,0.0,0.0,66.66666666666666,0.0,0.0,0.0,Bad_L0_Good_L1,0.0
Bad_L0_Good_L1 (rho=0.0),Height,0,50%,19,10,19C x 10K,100%,19,10,19C x 10K,50.0,0.0,0.0,0.0,34.91228070175438,0.0,0.0,0.0,50.0,0.0,0.0,0.0,Bad_L0_Good_L1,0.0
Bad_L0_Good_L1 (rho=0.0),Height,0,60%,15,15,15C x 15K,10%,1,15,1C x 15K,53.333333333333336,0.0,0.0,0.0,98.22222222222223,0.0,0.0,0.0,53.333333333333336,0.0,0.0,0.0,Bad_L0_Good_L1,0.0
Bad_L0_Good_L1 (rho=0.0),Height,0,60%,15,15,15C x 15K,10%,4,6,4C x 6K,53.333333333333336,0.0,0.0,0.0,98.22222222222223,0.0,0.0,0.0,53.333333333333336,0.0,0.0,0.0,Bad_L0_Good_L1,0.0
Bad_L0_Good_L1 (rho=0.0),Height,0,60%,15,15,15C x 15K,20%,15,3,15C x 3K,63.33333333333333,0.0,0.0,0.0,98.22222222222223,0.0,0.0,0.0,63.33333333333333,0.0,0.0,0.0,Bad_L0_Good_L1,0.0
Bad_L0_Good_L1 (rho=0.0),Height,0,60%,15,15,15C x 15K,20%,3,15,3C x 15K,60.0,0.0,0.0,0.0,98.22222222222223,0.0,0.0,0.0,60.0,0.0,0.0,0.0,Bad_L0_Good_L1,0.0
Bad_L0_Good_L1 (rho=0.0),Height,0,60%,15,15,15C x 15K,30%,5,15,5C x 15K,63.33333333333333,0.0,0.0,0.0,98.22222222222223,0.0,0.0,0.0,63.33333333333333,0.0,0.0,0.0,Bad_L0_Good_L1,0.0
Bad_L0_Good_L1 (rho=0.0),Height,0,60%,15,15,15C x 15K,30%,8,8,8C x 8K,53.333333333333336,0.0,0.0,0.0,98.22222222222223,0.0,0.0,0.0,53.333333333333336,0.0,0.0,0.0,Bad_L0_Good_L1,0.0
Bad_L0_Good_L1 (rho=0.0),Height,0,60%,15,15,15C x 15K,40%,15,6,15C x 6K,73.33333333333333,0.0,0.0,0.0,98.22222222222223,0.0,0.0,0.0,73.33333333333333,0.0,0.0,0.0,Bad_L0_Good_L1,0.0
Bad_L0_Good_L1 (rho=0.0),Height,0,60%,15,15,15C x 15K,40%,6,15,6C x 15K,66.66666666666666,0.0,0.0,0.0,98.22222222222223,0.0,0.0,0.0,66.66666666666666,0.0,0.0,0.0,Bad_L0_Good_L1,0.0
Bad_L0_Good_L1 (rho=0.0),Height,0,60%,15,15,15C x 15K,50%,11,10,11C x 10K,66.66666666666666,0.0,0.0,0.0,98.22222222222223,0.0,0.0,0.0,66.66666666666666,0.0,0.0,0.0,Bad_L0_Good_L1,0.0
Bad_L0_Good_L1 (rho=0.0),Height,0,60%,15,15,15C x 15K,50%,7,15,7C x 15K,66.66666666666666,0.0,0.0,0.0,98.22222222222223,0.0,0.0,0.0,66.66666666666666,0.0,0.0,0.0,Bad_L0_Good_L1,0.0
Bad_L0_Good_L1 (rho=0.0),Height,0,60%,15,15,15C x 15K,60%,15,9,15C x 9K,66.66666666666666,0.0,0.0,0.0,98.22222222222223,0.0,0.0,0.0,66.66666666666666,0.0,0.0,0.0,Bad_L0_Good_L1,0.0
Bad_L0_Good_L1 (rho=0.0),Height,0,60%,15,15,15C x 15K,60%,9,15,9C x 15K,56.666666666666664,0.0,0.0,0.0,98.22222222222223,0.0,0.0,0.0,56.666666666666664,0.0,0.0,0.0,Bad_L0_Good_L1,0.0
Bad_L0_Good_L1 (rho=0.0),Height,0,60%,15,15,15C x 15K,70%,11,15,11C x 15K,63.33333333333333,0.0,0.0,0.0,98.22222222222223,0.0,0.0,0.0,63.33333333333333,0.0,0.0,0.0,Bad_L0_Good_L1,0.0
Bad_L0_Good_L1 (rho=0.0),Height,0,60%,15,15,15C x 15K,70%,13,12,13C x 12K,56.666666666666664,0.0,0.0,0.0,98.22222222222223,0.0,0.0,0.0,56.666666666666664,0.0,0.0,0.0,Bad_L0_Good_L1,0.0
Bad_L0_Good_L1 (rho=0.0),Height,0,60%,15,15,15C x 15K,80%,12,15,12C x 15K,70.0,0.0,0.0,0.0,98.22222222222223,0.0,0.0,0.0,70.0,0.0,0.0,0.0,Bad_L0_Good_L1,0.0
Bad_L0_Good_L1 (rho=0.0),Height,0,60%,15,15,15C x 15K,80%,15,12,15C x 12K,76.66666666666667,0.0,0.0,0.0,98.22222222222223,0.0,0.0,0.0,76.66666666666667,0.0,0.0,0.0,Bad_L0_Good_L1,0.0
Bad_L0_Good_L1 (rho=0.0),Height,0,60%,15,15,15C x 15K,90%,13,15,13C x 15K,70.0,0.0,0.0,0.0,98.22222222222223,0.0,0.0,0.0,70.0,0.0,0.0,0.0,Bad_L0_Good_L1,0.0
Bad_L0_Good_L1 (rho=0.0),Height,0,60%,15,15,15C x 15K,90%,14,14,14C x 14K,63.33333333333333,0.0,0.0,0.0,98.22222222222223,0.0,0.0,0.0,63.33333333333333,0.0,0.0,0.0,Bad_L0_Good_L1,0.0
Bad_L0_Good_L1 (rho=0.0),Height,0,60%,15,15,15C x 15K,100%,15,15,15C x 15K,50.0,0.0,0.0,0.0,49.333333333333336,0.0,0.0,0.0,50.0,0.0,0.0,0.0,Bad_L0_Good_L1,0.0
Bad_L0_Good_L1 (rho=0.0),Height,0,60%,25,9,25C x 9K,10%,22,1,22C x 1K,53.333333333333336,0.0,0.0,0.0,73.6,0.0,0.0,0.0,53.333333333333336,0.0,0.0,0.0,Bad_L0_Good_L1,0.0
Bad_L0_Good_L1 (rho=0.0),Height,0,60%,25,9,25C x 9K,10%,2,9,2C x 9K,53.333333333333336,0.0,0.0,0.0,73.6,0.0,0.0,0.0,53.333333333333336,0.0,0.0,0.0,Bad_L0_Good_L1,0.0
Bad_L0_Good_L1 (rho=0.0),Height,0,60%,25,9,25C x 9K,20%,11,4,11C x 4K,56.666666666666664,0.0,0.0,0.0,73.6,0.0,0.0,0.0,56.666666666666664,0.0,0.0,0.0,Bad_L0_Good_L1,0.0
Bad_L0_Good_L1 (rho=0.0),Height,0,60%,25,9,25C x 9K,20%,5,9,5C x 9K,70.0,0.0,0.0,0.0,73.6,0.0,0.0,0.0,70.0,0.0,0.0,0.0,Bad_L0_Good_L1,0.0
Bad_L0_Good_L1 (rho=0.0),Height,0,60%,25,9,25C x 9K,30%,17,4,17C x 4K,63.33333333333333,0.0,0.0,0.0,73.6,0.0,0.0,0.0,63.33333333333333,0.0,0.0,0.0,Bad_L0_Good_L1,0.0
Bad_L0_Good_L1 (rho=0.0),Height,0,60%,25,9,25C x 9K,30%,8,9,8C x 9K,70.0,0.0,0.0,0.0,73.6,0.0,0.0,0.0,70.0,0.0,0.0,0.0,Bad_L0_Good_L1,0.0
Bad_L0_Good_L1 (rho=0.0),Height,0,60%,25,9,25C x 9K,40%,10,9,10C x 9K,73.33333333333333,0.0,0.0,0.0,73.6,0.0,0.0,0.0,73.33333333333333,0.0,0.0,0.0,Bad_L0_Good_L1,0.0
Bad_L0_Good_L1 (rho=0.0),Height,0,60%,25,9,25C x 9K,40%,18,5,18C x 5K,66.66666666666666,0.0,0.0,0.0,73.6,0.0,0.0,0.0,66.66666666666666,0.0,0.0,0.0,Bad_L0_Good_L1,0.0
Bad_L0_Good_L1 (rho=0.0),Height,0,60%,25,9,25C x 9K,50%,12,9,12C x 9K,73.33333333333333,0.0,0.0,0.0,73.6,0.0,0.0,0.0,73.33333333333333,0.0,0.0,0.0,Bad_L0_Good_L1,0.0
Bad_L0_Good_L1 (rho=0.0),Height,0,60%,25,9,25C x 9K,50%,19,6,19C x 6K,63.33333333333333,0.0,0.0,0.0,73.6,0.0,0.0,0.0,63.33333333333333,0.0,0.0,0.0,Bad_L0_Good_L1,0.0
Bad_L0_Good_L1 (rho=0.0),Height,0,60%,25,9,25C x 9K,60%,15,9,15C x 9K,66.66666666666666,0.0,0.0,0.0,73.6,0.0,0.0,0.0,66.66666666666666,0.0,0.0,0.0,Bad_L0_Good_L1,0.0
Bad_L0_Good_L1 (rho=0.0),Height,0,60%,25,9,25C x 9K,60%,22,6,22C x 6K,60.0,0.0,0.0,0.0,73.6,0.0,0.0,0.0,60.0,0.0,0.0,0.0,Bad_L0_Good_L1,0.0
Bad_L0_Good_L1 (rho=0.0),Height,0,60%,25,9,25C x 9K,70%,18,9,18C x 9K,70.0,0.0,0.0,0.0,73.6,0.0,0.0,0.0,70.0,0.0,0.0,0.0,Bad_L0_Good_L1,0.0
Bad_L0_Good_L1 (rho=0.0),Height,0,60%,25,9,25C x 9K,70%,23,7,23C x 7K,60.0,0.0,0.0,0.0,73.6,0.0,0.0,0.0,60.0,0.0,0.0,0.0,Bad_L0_Good_L1,0.0
Bad_L0_Good_L1 (rho=0.0),Height,0,60%,25,9,25C x 9K,80%,20,9,20C x 9K,66.66666666666666,0.0,0.0,0.0,73.6,0.0,0.0,0.0,66.66666666666666,0.0,0.0,0.0,Bad_L0_Good_L1,0.0
Bad_L0_Good_L1 (rho=0.0),Height,0,60%,25,9,25C x 9K,80%,22,8,22C x 8K,63.33333333333333,0.0,0.0,0.0,73.6,0.0,0.0,0.0,63.33333333333333,0.0,0.0,0.0,Bad_L0_Good_L1,0.0
Bad_L0_Good_L1 (rho=0.0),Height,0,60%,25,9,25C x 9K,90%,22,9,22C x 9K,66.66666666666666,0.0,0.0,0.0,73.6,0.0,0.0,0.0,66.66666666666666,0.0,0.0,0.0,Bad_L0_Good_L1,0.0
Bad_L0_Good_L1 (rho=0.0),Height,0,60%,25,9,25C x 9K,90%,25,8,25C x 8K,63.33333333333333,0.0,0.0,0.0,73.6,0.0,0.0,0.0,63.33333333333333,0.0,0.0,0.0,Bad_L0_Good_L1,0.0
Bad_L0_Good_L1 (rho=0.0),Height,0,60%,25,9,25C x 9K,100%,25,9,25C x 9K,50.0,0.0,0.0,0.0,32.13333333333333,0.0,0.0,0.0,50.0,0.0,0.0,0.0,Bad_L0_Good_L1,0.0
Bad_L0_Good_L1 (rho=0.0),Height,0,70%,17,15,17C x 15K,10%,2,15,2C x 15K,63.33333333333333,0.0,0.0,0.0,97.84313725490196,0.0,0.0,0.0,63.33333333333333,0.0,0.0,0.0,Bad_L0_Good_L1,0.0
Bad_L0_Good_L1 (rho=0.0),Height,0,70%,17,15,17C x 15K,10%,4,6,4C x 6K,56.666666666666664,0.0,0.0,0.0,97.84313725490196,0.0,0.0,0.0,56.666666666666664,0.0,0.0,0.0,Bad_L0_Good_L1,0.0
Bad_L0_Good_L1 (rho=0.0),Height,0,70%,17,15,17C x 15K,20%,17,3,17C x 3K,73.33333333333333,0.0,0.0,0.0,97.84313725490196,0.0,0.0,0.0,73.33333333333333,0.0,0.0,0.0,Bad_L0_Good_L1,0.0
Bad_L0_Good_L1 (rho=0.0),Height,0,70%,17,15,17C x 15K,20%,3,15,3C x 15K,63.33333333333333,0.0,0.0,0.0,97.84313725490196,0.0,0.0,0.0,63.33333333333333,0.0,0.0,0.0,Bad_L0_Good_L1,0.0
Bad_L0_Good_L1 (rho=0.0),Height,0,70%,17,15,17C x 15K,30%,10,8,10C x 8K,63.33333333333333,0.0,0.0,0.0,97.84313725490196,0.0,0.0,0.0,63.33333333333333,0.0,0.0,0.0,Bad_L0_Good_L1,0.0
Bad_L0_Good_L1 (rho=0.0),Height,0,70%,17,15,17C x 15K,30%,5,15,5C x 15K,63.33333333333333,0.0,0.0,0.0,97.84313725490196,0.0,0.0,0.0,63.33333333333333,0.0,0.0,0.0,Bad_L0_Good_L1,0.0
Bad_L0_Good_L1 (rho=0.0),Height,0,70%,17,15,17C x 15K,40%,17,6,17C x 6K,73.33333333333333,0.0,0.0,0.0,97.84313725490196,0.0,0.0,0.0,73.33333333333333,0.0,0.0,0.0,Bad_L0_Good_L1,0.0
Bad_L0_Good_L1 (rho=0.0),Height,0,70%,17,15,17C x 15K,40%,7,15,7C x 15K,73.33333333333333,0.0,0.0,0.0,97.84313725490196,0.0,0.0,0.0,73.33333333333333,0.0,0.0,0.0,Bad_L0_Good_L1,0.0
Bad_L0_Good_L1 (rho=0.0),Height,0,70%,17,15,17C x 15K,50%,13,10,13C x 10K,66.66666666666666,0.0,0.0,0.0,97.84313725490196,0.0,0.0,0.0,66.66666666666666,0.0,0.0,0.0,Bad_L0_Good_L1,0.0
Bad_L0_Good_L1 (rho=0.0),Height,0,70%,17,15,17C x 15K,50%,9,15,9C x 15K,66.66666666666666,0.0,0.0,0.0,97.84313725490196,0.0,0.0,0.0,66.66666666666666,0.0,0.0,0.0,Bad_L0_Good_L1,0.0
Bad_L0_Good_L1 (rho=0.0),Height,0,70%,17,15,17C x 15K,60%,10,15,10C x 15K,66.66666666666666,0.0,0.0,0.0,97.84313725490196,0.0,0.0,0.0,66.66666666666666,0.0,0.0,0.0,Bad_L0_Good_L1,0.0
Bad_L0_Good_L1 (rho=0.0),Height,0,70%,17,15,17C x 15K,60%,17,9,17C x 9K,70.0,0.0,0.0,0.0,97.84313725490196,0.0,0.0,0.0,70.0,0.0,0.0,0.0,Bad_L0_Good_L1,0.0
Bad_L0_Good_L1 (rho=0.0),Height,0,70%,17,15,17C x 15K,70%,12,15,12C x 15K,66.66666666666666,0.0,0.0,0.0,97.84313725490196,0.0,0.0,0.0,66.66666666666666,0.0,0.0,0.0,Bad_L0_Good_L1,0.0
Bad_L0_Good_L1 (rho=0.0),Height,0,70%,17,15,17C x 15K,70%,15,12,15C x 12K,63.33333333333333,0.0,0.0,0.0,97.84313725490196,0.0,0.0,0.0,63.33333333333333,0.0,0.0,0.0,Bad_L0_Good_L1,0.0
Bad_L0_Good_L1 (rho=0.0),Height,0,70%,17,15,17C x 15K,80%,14,15,14C x 15K,70.0,0.0,0.0,0.0,97.84313725490196,0.0,0.0,0.0,70.0,0.0,0.0,0.0,Bad_L0_Good_L1,0.0
Bad_L0_Good_L1 (rho=0.0),Height,0,70%,17,15,17C x 15K,80%,17,12,17C x 12K,66.66666666666666,0.0,0.0,0.0,97.84313725490196,0.0,0.0,0.0,66.66666666666666,0.0,0.0,0.0,Bad_L0_Good_L1,0.0
Bad_L0_Good_L1 (rho=0.0),Height,0,70%,17,15,17C x 15K,90%,15,15,15C x 15K,73.33333333333333,0.0,0.0,0.0,97.84313725490196,0.0,0.0,0.0,73.33333333333333,0.0,0.0,0.0,Bad_L0_Good_L1,0.0
Bad_L0_Good_L1 (rho=0.0),Height,0,70%,17,15,17C x 15K,90%,16,14,16C x 14K,73.33333333333333,0.0,0.0,0.0,97.84313725490196,0.0,0.0,0.0,73.33333333333333,0.0,0.0,0.0,Bad_L0_Good_L1,0.0
Bad_L0_Good_L1 (rho=0.0),Height,0,70%,17,15,17C x 15K,100%,17,15,17C x 15K,50.0,0.0,0.0,0.0,49.2156862745098,0.0,0.0,0.0,50.0,0.0,0.0,0.0,Bad_L0_Good_L1,0.0
Bad_L0_Good_L1 (rho=0.0),Height,0,70%,22,12,22C x 12K,10%,2,12,2C x 12K,56.666666666666664,0.0,0.0,0.0,83.63636363636363,0.0,0.0,0.0,56.666666666666664,0.0,0.0,0.0,Bad_L0_Good_L1,0.0
Bad_L0_Good_L1 (rho=0.0),Height,0,70%,22,12,22C x 12K,10%,5,5,5C x 5K,60.0,0.0,0.0,0.0,83.63636363636363,0.0,0.0,0.0,60.0,0.0,0.0,0.0,Bad_L0_Good_L1,0.0
Bad_L0_Good_L1 (rho=0.0),Height,0,70%,22,12,22C x 12K,20%,11,5,11C x 5K,66.66666666666666,0.0,0.0,0.0,83.63636363636363,0.0,0.0,0.0,66.66666666666666,0.0,0.0,0.0,Bad_L0_Good_L1,0.0
Bad_L0_Good_L1 (rho=0.0),Height,0,70%,22,12,22C x 12K,20%,4,12,4C x 12K,63.33333333333333,0.0,0.0,0.0,83.63636363636363,0.0,0.0,0.0,63.33333333333333,0.0,0.0,0.0,Bad_L0_Good_L1,0.0
Bad_L0_Good_L1 (rho=0.0),Height,0,70%,22,12,22C x 12K,30%,13,6,13C x 6K,63.33333333333333,0.0,0.0,0.0,83.63636363636363,0.0,0.0,0.0,63.33333333333333,0.0,0.0,0.0,Bad_L0_Good_L1,0.0
Bad_L0_Good_L1 (rho=0.0),Height,0,70%,22,12,22C x 12K,30%,7,12,7C x 12K,60.0,0.0,0.0,0.0,83.63636363636363,0.0,0.0,0.0,60.0,0.0,0.0,0.0,Bad_L0_Good_L1,0.0
Bad_L0_Good_L1 (rho=0.0),Height,0,70%,22,12,22C x 12K,40%,15,7,15C x 7K,63.33333333333333,0.0,0.0,0.0,83.63636363636363,0.0,0.0,0.0,63.33333333333333,0.0,0.0,0.0,Bad_L0_Good_L1,0.0
Bad_L0_Good_L1 (rho=0.0),Height,0,70%,22,12,22C x 12K,40%,9,12,9C x 12K,66.66666666666666,0.0,0.0,0.0,83.63636363636363,0.0,0.0,0.0,66.66666666666666,0.0,0.0,0.0,Bad_L0_Good_L1,0.0
Bad_L0_Good_L1 (rho=0.0),Height,0,70%,22,12,22C x 12K,50%,11,12,11C x 12K,70.0,0.0,0.0,0.0,83.63636363636363,0.0,0.0,0.0,70.0,0.0,0.0,0.0,Bad_L0_Good_L1,0.0
Bad_L0_Good_L1 (rho=0.0),Height,0,70%,22,12,22C x 12K,50%,22,6,22C x 6K,66.66666666666666,0.0,0.0,0.0,83.63636363636363,0.0,0.0,0.0,66.66666666666666,0.0,0.0,0.0,Bad_L0_Good_L1,0.0
Bad_L0_Good_L1 (rho=0.0),Height,0,70%,22,12,22C x 12K,60%,13,12,13C x 12K,73.33333333333333,0.0,0.0,0.0,83.63636363636363,0.0,0.0,0.0,73.33333333333333,0.0,0.0,0.0,Bad_L0_Good_L1,0.0
Bad_L0_Good_L1 (rho=0.0),Height,0,70%,22,12,22C x 12K,60%,18,9,18C x 9K,76.66666666666667,0.0,0.0,0.0,83.63636363636363,0.0,0.0,0.0,76.66666666666667,0.0,0.0,0.0,Bad_L0_Good_L1,0.0
Bad_L0_Good_L1 (rho=0.0),Height,0,70%,22,12,22C x 12K,70%,15,12,15C x 12K,66.66666666666666,0.0,0.0,0.0,83.63636363636363,0.0,0.0,0.0,66.66666666666666,0.0,0.0,0.0,Bad_L0_Good_L1,0.0
Bad_L0_Good_L1 (rho=0.0),Height,0,70%,22,12,22C x 12K,70%,21,9,21C x 9K,66.66666666666666,0.0,0.0,0.0,83.63636363636363,0.0,0.0,0.0,66.66666666666666,0.0,0.0,0.0,Bad_L0_Good_L1,0.0
Bad_L0_Good_L1 (rho=0.0),Height,0,70%,22,12,22C x 12K,80%,18,12,18C x 12K,70.0,0.0,0.0,0.0,83.63636363636363,0.0,0.0,0.0,70.0,0.0,0.0,0.0,Bad_L0_Good_L1,0.0
Bad_L0_Good_L1 (rho=0.0),Height,0,70%,22,12,22C x 12K,80%,21,10,21C x 10K,70.0,0.0,0.0,0.0,83.63636363636363,0.0,0.0,0.0,70.0,0.0,0.0,0.0,Bad_L0_Good_L1,0.0
Bad_L0_Good_L1 (rho=0.0),Height,0,70%,22,12,22C x 12K,90%,20,12,20C x 12K,70.0,0.0,0.0,0.0,83.63636363636363,0.0,0.0,0.0,70.0,0.0,0.0,0.0,Bad_L0_Good_L1,0.0
Bad_L0_Good_L1 (rho=0.0),Height,0,70%,22,12,22C x 12K,90%,22,11,22C x 11K,70.0,0.0,0.0,0.0,83.63636363636363,0.0,0.0,0.0,70.0,0.0,0.0,0.0,Bad_L0_Good_L1,0.0
Bad_L0_Good_L1 (rho=0.0),Height,0,70%,22,12,22C x 12K,100%,22,12,22C x 12K,50.0,0.0,0.0,0.0,39.09090909090909,0.0,0.0,0.0,50.0,0.0,0.0,0.0,Bad_L0_Good_L1,0.0
Bad_L0_Good_L1 (rho=0.0),Height,0,80%,20,15,20C x 15K,10%,2,15,2C x 15K,60.0,0.0,0.0,0.0,98.33333333333333,0.0,0.0,0.0,60.0,0.0,0.0,0.0,Bad_L0_Good_L1,0.0
Bad_L0_Good_L1 (rho=0.0),Height,0,80%,20,15,20C x 15K,10%,5,6,5C x 6K,60.0,0.0,0.0,0.0,98.33333333333333,0.0,0.0,0.0,60.0,0.0,0.0,0.0,Bad_L0_Good_L1,0.0
Bad_L0_Good_L1 (rho=0.0),Height,0,80%,20,15,20C x 15K,20%,20,3,20C x 3K,53.333333333333336,0.0,0.0,0.0,98.33333333333333,0.0,0.0,0.0,53.333333333333336,0.0,0.0,0.0,Bad_L0_Good_L1,0.0
Bad_L0_Good_L1 (rho=0.0),Height,0,80%,20,15,20C x 15K,20%,4,15,4C x 15K,66.66666666666666,0.0,0.0,0.0,98.33333333333333,0.0,0.0,0.0,66.66666666666666,0.0,0.0,0.0,Bad_L0_Good_L1,0.0
Bad_L0_Good_L1 (rho=0.0),Height,0,80%,20,15,20C x 15K,30%,11,8,11C x 8K,66.66666666666666,0.0,0.0,0.0,98.33333333333333,0.0,0.0,0.0,66.66666666666666,0.0,0.0,0.0,Bad_L0_Good_L1,0.0
Bad_L0_Good_L1 (rho=0.0),Height,0,80%,20,15,20C x 15K,30%,6,15,6C x 15K,70.0,0.0,0.0,0.0,98.33333333333333,0.0,0.0,0.0,70.0,0.0,0.0,0.0,Bad_L0_Good_L1,0.0
Bad_L0_Good_L1 (rho=0.0),Height,0,80%,20,15,20C x 15K,40%,20,6,20C x 6K,66.66666666666666,0.0,0.0,0.0,98.33333333333333,0.0,0.0,0.0,66.66666666666666,0.0,0.0,0.0,Bad_L0_Good_L1,0.0
Bad_L0_Good_L1 (rho=0.0),Height,0,80%,20,15,20C x 15K,40%,8,15,8C x 15K,73.33333333333333,0.0,0.0,0.0,98.33333333333333,0.0,0.0,0.0,73.33333333333333,0.0,0.0,0.0,Bad_L0_Good_L1,0.0
Bad_L0_Good_L1 (rho=0.0),Height,0,80%,20,15,20C x 15K,50%,10,15,10C x 15K,70.0,0.0,0.0,0.0,98.33333333333333,0.0,0.0,0.0,70.0,0.0,0.0,0.0,Bad_L0_Good_L1,0.0
Bad_L0_Good_L1 (rho=0.0),Height,0,80%,20,15,20C x 15K,50%,15,10,15C x 10K,66.66666666666666,0.0,0.0,0.0,98.33333333333333,0.0,0.0,0.0,66.66666666666666,0.0,0.0,0.0,Bad_L0_Good_L1,0.0
Bad_L0_Good_L1 (rho=0.0),Height,0,80%,20,15,20C x 15K,60%,12,15,12C x 15K,66.66666666666666,0.0,0.0,0.0,98.33333333333333,0.0,0.0,0.0,66.66666666666666,0.0,0.0,0.0,Bad_L0_Good_L1,0.0
Bad_L0_Good_L1 (rho=0.0),Height,0,80%,20,15,20C x 15K,60%,20,9,20C x 9K,70.0,0.0,0.0,0.0,98.33333333333333,0.0,0.0,0.0,70.0,0.0,0.0,0.0,Bad_L0_Good_L1,0.0
Bad_L0_Good_L1 (rho=0.0),Height,0,80%,20,15,20C x 15K,70%,14,15,14C x 15K,66.66666666666666,0.0,0.0,0.0,98.33333333333333,0.0,0.0,0.0,66.66666666666666,0.0,0.0,0.0,Bad_L0_Good_L1,0.0
Bad_L0_Good_L1 (rho=0.0),Height,0,80%,20,15,20C x 15K,70%,18,12,18C x 12K,70.0,0.0,0.0,0.0,98.33333333333333,0.0,0.0,0.0,70.0,0.0,0.0,0.0,Bad_L0_Good_L1,0.0
Bad_L0_Good_L1 (rho=0.0),Height,0,80%,20,15,20C x 15K,80%,16,15,16C x 15K,73.33333333333333,0.0,0.0,0.0,98.33333333333333,0.0,0.0,0.0,73.33333333333333,0.0,0.0,0.0,Bad_L0_Good_L1,0.0
Bad_L0_Good_L1 (rho=0.0),Height,0,80%,20,15,20C x 15K,80%,20,12,20C x 12K,76.66666666666667,0.0,0.0,0.0,98.33333333333333,0.0,0.0,0.0,76.66666666666667,0.0,0.0,0.0,Bad_L0_Good_L1,0.0
Bad_L0_Good_L1 (rho=0.0),Height,0,80%,20,15,20C x 15K,90%,18,15,18C x 15K,76.66666666666667,0.0,0.0,0.0,98.33333333333333,0.0,0.0,0.0,76.66666666666667,0.0,0.0,0.0,Bad_L0_Good_L1,0.0
Bad_L0_Good_L1 (rho=0.0),Height,0,80%,20,15,20C x 15K,90%,19,14,19C x 14K,76.66666666666667,0.0,0.0,0.0,98.33333333333333,0.0,0.0,0.0,76.66666666666667,0.0,0.0,0.0,Bad_L0_Good_L1,0.0
Bad_L0_Good_L1 (rho=0.0),Height,0,80%,20,15,20C x 15K,100%,20,15,20C x 15K,50.0,0.0,0.0,0.0,49.0,0.0,0.0,0.0,50.0,0.0,0.0,0.0,Bad_L0_Good_L1,0.0
Bad_L0_Good_L1 (rho=0.0),Height,0,80%,25,12,25C x 12K,10%,2,12,2C x 12K,60.0,0.0,0.0,0.0,83.86666666666667,0.0,0.0,0.0,60.0,0.0,0.0,0.0,Bad_L0_Good_L1,0.0
Bad_L0_Good_L1 (rho=0.0),Height,0,80%,25,12,25C x 12K,10%,6,5,6C x 5K,60.0,0.0,0.0,0.0,83.86666666666667,0.0,0.0,0.0,60.0,0.0,0.0,0.0,Bad_L0_Good_L1,0.0
Bad_L0_Good_L1 (rho=0.0),Height,0,80%,25,12,25C x 12K,20%,12,5,12C x 5K,70.0,0.0,0.0,0.0,83.86666666666667,0.0,0.0,0.0,70.0,0.0,0.0,0.0,Bad_L0_Good_L1,0.0
Bad_L0_Good_L1 (rho=0.0),Height,0,80%,25,12,25C x 12K,20%,5,12,5C x 12K,66.66666666666666,0.0,0.0,0.0,83.86666666666667,0.0,0.0,0.0,66.66666666666666,0.0,0.0,0.0,Bad_L0_Good_L1,0.0
Bad_L0_Good_L1 (rho=0.0),Height,0,80%,25,12,25C x 12K,30%,15,6,15C x 6K,66.66666666666666,0.0,0.0,0.0,83.86666666666667,0.0,0.0,0.0,66.66666666666666,0.0,0.0,0.0,Bad_L0_Good_L1,0.0
Bad_L0_Good_L1 (rho=0.0),Height,0,80%,25,12,25C x 12K,30%,8,12,8C x 12K,66.66666666666666,0.0,0.0,0.0,83.86666666666667,0.0,0.0,0.0,66.66666666666666,0.0,0.0,0.0,Bad_L0_Good_L1,0.0
Bad_L0_Good_L1 (rho=0.0),Height,0,80%,25,12,25C x 12K,40%,10,12,10C x 12K,73.33333333333333,0.0,0.0,0.0,83.86666666666667,0.0,0.0,0.0,73.33333333333333,0.0,0.0,0.0,Bad_L0_Good_L1,0.0
Bad_L0_Good_L1 (rho=0.0),Height,0,80%,25,12,25C x 12K,40%,17,7,17C x 7K,66.66666666666666,0.0,0.0,0.0,83.86666666666667,0.0,0.0,0.0,66.66666666666666,0.0,0.0,0.0,Bad_L0_Good_L1,0.0
Bad_L0_Good_L1 (rho=0.0),Height,0,80%,25,12,25C x 12K,50%,12,12,12C x 12K,76.66666666666667,0.0,0.0,0.0,83.86666666666667,0.0,0.0,0.0,76.66666666666667,0.0,0.0,0.0,Bad_L0_Good_L1,0.0
Bad_L0_Good_L1 (rho=0.0),Height,0,80%,25,12,25C x 12K,50%,25,6,25C x 6K,66.66666666666666,0.0,0.0,0.0,83.86666666666667,0.0,0.0,0.0,66.66666666666666,0.0,0.0,0.0,Bad_L0_Good_L1,0.0
Bad_L0_Good_L1 (rho=0.0),Height,0,80%,25,12,25C x 12K,60%,15,12,15C x 12K,73.33333333333333,0.0,0.0,0.0,83.86666666666667,0.0,0.0,0.0,73.33333333333333,0.0,0.0,0.0,Bad_L0_Good_L1,0.0
Bad_L0_Good_L1 (rho=0.0),Height,0,80%,25,12,25C x 12K,60%,20,9,20C x 9K,66.66666666666666,0.0,0.0,0.0,83.86666666666667,0.0,0.0,0.0,66.66666666666666,0.0,0.0,0.0,Bad_L0_Good_L1,0.0
Bad_L0_Good_L1 (rho=0.0),Height,0,80%,25,12,25C x 12K,70%,18,12,18C x 12K,76.66666666666667,0.0,0.0,0.0,83.86666666666667,0.0,0.0,0.0,76.66666666666667,0.0,0.0,0.0,Bad_L0_Good_L1,0.0
Bad_L0_Good_L1 (rho=0.0),Height,0,80%,25,12,25C x 12K,70%,23,9,23C x 9K,70.0,0.0,0.0,0.0,83.86666666666667,0.0,0.0,0.0,70.0,0.0,0.0,0.0,Bad_L0_Good_L1,0.0
Bad_L0_Good_L1 (rho=0.0),Height,0,80%,25,12,25C x 12K,80%,20,12,20C x 12K,73.33333333333333,0.0,0.0,0.0,83.86666666666667,0.0,0.0,0.0,73.33333333333333,0.0,0.0,0.0,Bad_L0_Good_L1,0.0
Bad_L0_Good_L1 (rho=0.0),Height,0,80%,25,12,25C x 12K,80%,24,10,24C x 10K,73.33333333333333,0.0,0.0,0.0,83.86666666666667,0.0,0.0,0.0,73.33333333333333,0.0,0.0,0.0,Bad_L0_Good_L1,0.0
Bad_L0_Good_L1 (rho=0.0),Height,0,80%,25,12,25C x 12K,90%,22,12,22C x 12K,73.33333333333333,0.0,0.0,0.0,83.86666666666667,0.0,0.0,0.0,73.33333333333333,0.0,0.0,0.0,Bad_L0_Good_L1,0.0
Bad_L0_Good_L1 (rho=0.0),Height,0,80%,25,12,25C x 12K,90%,25,11,25C x 11K,73.33333333333333,0.0,0.0,0.0,83.86666666666667,0.0,0.0,0.0,73.33333333333333,0.0,0.0,0.0,Bad_L0_Good_L1,0.0
Bad_L0_Good_L1 (rho=0.0),Height,0,80%,25,12,25C x 12K,100%,25,12,25C x 12K,50.0,0.0,0.0,0.0,37.733333333333334,0.0,0.0,0.0,50.0,0.0,0.0,0.0,Bad_L0_Good_L1,0.0
Bad_L0_Good_L1 (rho=0.0),Height,0,90%,23,15,23C x 15K,10%,2,15,2C x 15K,66.66666666666666,0.0,0.0,0.0,98.26086956521739,0.0,0.0,0.0,66.66666666666666,0.0,0.0,0.0,Bad_L0_Good_L1,0.0
Bad_L0_Good_L1 (rho=0.0),Height,0,90%,23,15,23C x 15K,10%,6,6,6C x 6K,63.33333333333333,0.0,0.0,0.0,98.26086956521739,0.0,0.0,0.0,63.33333333333333,0.0,0.0,0.0,Bad_L0_Good_L1,0.0
Bad_L0_Good_L1 (rho=0.0),Height,0,90%,23,15,23C x 15K,20%,23,3,23C x 3K,66.66666666666666,0.0,0.0,0.0,98.26086956521739,0.0,0.0,0.0,66.66666666666666,0.0,0.0,0.0,Bad_L0_Good_L1,0.0
Bad_L0_Good_L1 (rho=0.0),Height,0,90%,23,15,23C x 15K,20%,5,15,5C x 15K,60.0,0.0,0.0,0.0,98.26086956521739,0.0,0.0,0.0,60.0,0.0,0.0,0.0,Bad_L0_Good_L1,0.0
Bad_L0_Good_L1 (rho=0.0),Height,0,90%,23,15,23C x 15K,30%,13,8,13C x 8K,60.0,0.0,0.0,0.0,98.26086956521739,0.0,0.0,0.0,60.0,0.0,0.0,0.0,Bad_L0_Good_L1,0.0
Bad_L0_Good_L1 (rho=0.0),Height,0,90%,23,15,23C x 15K,30%,7,15,7C x 15K,56.666666666666664,0.0,0.0,0.0,98.26086956521739,0.0,0.0,0.0,56.666666666666664,0.0,0.0,0.0,Bad_L0_Good_L1,0.0
Bad_L0_Good_L1 (rho=0.0),Height,0,90%,23,15,23C x 15K,40%,23,6,23C x 6K,70.0,0.0,0.0,0.0,98.26086956521739,0.0,0.0,0.0,70.0,0.0,0.0,0.0,Bad_L0_Good_L1,0.0
Bad_L0_Good_L1 (rho=0.0),Height,0,90%,23,15,23C x 15K,40%,9,15,9C x 15K,56.666666666666664,0.0,0.0,0.0,98.26086956521739,0.0,0.0,0.0,56.666666666666664,0.0,0.0,0.0,Bad_L0_Good_L1,0.0
Bad_L0_Good_L1 (rho=0.0),Height,0,90%,23,15,23C x 15K,50%,11,15,11C x 15K,63.33333333333333,0.0,0.0,0.0,98.26086956521739,0.0,0.0,0.0,63.33333333333333,0.0,0.0,0.0,Bad_L0_Good_L1,0.0
Bad_L0_Good_L1 (rho=0.0),Height,0,90%,23,15,23C x 15K,50%,17,10,17C x 10K,66.66666666666666,0.0,0.0,0.0,98.26086956521739,0.0,0.0,0.0,66.66666666666666,0.0,0.0,0.0,Bad_L0_Good_L1,0.0
Bad_L0_Good_L1 (rho=0.0),Height,0,90%,23,15,23C x 15K,60%,14,15,14C x 15K,63.33333333333333,0.0,0.0,0.0,98.26086956521739,0.0,0.0,0.0,63.33333333333333,0.0,0.0,0.0,Bad_L0_Good_L1,0.0
Bad_L0_Good_L1 (rho=0.0),Height,0,90%,23,15,23C x 15K,60%,23,9,23C x 9K,70.0,0.0,0.0,0.0,98.26086956521739,0.0,0.0,0.0,70.0,0.0,0.0,0.0,Bad_L0_Good_L1,0.0
Bad_L0_Good_L1 (rho=0.0),Height,0,90%,23,15,23C x 15K,70%,16,15,16C x 15K,66.66666666666666,0.0,0.0,0.0,98.26086956521739,0.0,0.0,0.0,66.66666666666666,0.0,0.0,0.0,Bad_L0_Good_L1,0.0
Bad_L0_Good_L1 (rho=0.0),Height,0,90%,23,15,23C x 15K,70%,20,12,20C x 12K,70.0,0.0,0.0,0.0,98.26086956521739,0.0,0.0,0.0,70.0,0.0,0.0,0.0,Bad_L0_Good_L1,0.0
Bad_L0_Good_L1 (rho=0.0),Height,0,90%,23,15,23C x 15K,80%,18,15,18C x 15K,70.0,0.0,0.0,0.0,98.26086956521739,0.0,0.0,0.0,70.0,0.0,0.0,0.0,Bad_L0_Good_L1,0.0
Bad_L0_Good_L1 (rho=0.0),Height,0,90%,23,15,23C x 15K,80%,23,12,23C x 12K,70.0,0.0,0.0,0.0,98.26086956521739,0.0,0.0,0.0,70.0,0.0,0.0,0.0,Bad_L0_Good_L1,0.0
Bad_L0_Good_L1 (rho=0.0),Height,0,90%,23,15,23C x 15K,90%,21,15,21C x 15K,70.0,0.0,0.0,0.0,98.26086956521739,0.0,0.0,0.0,70.0,0.0,0.0,0.0,Bad_L0_Good_L1,0.0
Bad_L0_Good_L1 (rho=0.0),Height,0,90%,23,15,23C x 15K,90%,22,14,22C x 14K,73.33333333333333,0.0,0.0,0.0,98.26086956521739,0.0,0.0,0.0,73.33333333333333,0.0,0.0,0.0,Bad_L0_Good_L1,0.0
Bad_L0_Good_L1 (rho=0.0),Height,0,90%,23,15,23C x 15K,100%,23,15,23C x 15K,50.0,0.0,0.0,0.0,49.130434782608695,0.0,0.0,0.0,50.0,0.0,0.0,0.0,Bad_L0_Good_L1,0.0
Bad_L0_Good_L1 (rho=0.0),Height,0,90%,24,14,24C x 14K,10%,2,14,2C x 14K,70.0,0.0,0.0,0.0,91.52777777777777,0.0,0.0,0.0,70.0,0.0,0.0,0.0,Bad_L0_Good_L1,0.0
Bad_L0_Good_L1 (rho=0.0),Height,0,90%,24,14,24C x 14K,10%,7,5,7C x 5K,56.666666666666664,0.0,0.0,0.0,91.52777777777777,0.0,0.0,0.0,56.666666666666664,0.0,0.0,0.0,Bad_L0_Good_L1,0.0
Bad_L0_Good_L1 (rho=0.0),Height,0,90%,24,14,24C x 14K,20%,11,6,11C x 6K,60.0,0.0,0.0,0.0,91.52777777777777,0.0,0.0,0.0,60.0,0.0,0.0,0.0,Bad_L0_Good_L1,0.0
Bad_L0_Good_L1 (rho=0.0),Height,0,90%,24,14,24C x 14K,20%,5,14,5C x 14K,60.0,0.0,0.0,0.0,91.52777777777777,0.0,0.0,0.0,60.0,0.0,0.0,0.0,Bad_L0_Good_L1,0.0
Bad_L0_Good_L1 (rho=0.0),Height,0,90%,24,14,24C x 14K,30%,14,7,14C x 7K,56.666666666666664,0.0,0.0,0.0,91.52777777777777,0.0,0.0,0.0,56.666666666666664,0.0,0.0,0.0,Bad_L0_Good_L1,0.0
Bad_L0_Good_L1 (rho=0.0),Height,0,90%,24,14,24C x 14K,30%,7,14,7C x 14K,63.33333333333333,0.0,0.0,0.0,91.52777777777777,0.0,0.0,0.0,63.33333333333333,0.0,0.0,0.0,Bad_L0_Good_L1,0.0
Bad_L0_Good_L1 (rho=0.0),Height,0,90%,24,14,24C x 14K,40%,10,14,10C x 14K,63.33333333333333,0.0,0.0,0.0,91.52777777777777,0.0,0.0,0.0,63.33333333333333,0.0,0.0,0.0,Bad_L0_Good_L1,0.0
Bad_L0_Good_L1 (rho=0.0),Height,0,90%,24,14,24C x 14K,40%,17,8,17C x 8K,63.33333333333333,0.0,0.0,0.0,91.52777777777777,0.0,0.0,0.0,63.33333333333333,0.0,0.0,0.0,Bad_L0_Good_L1,0.0
Bad_L0_Good_L1 (rho=0.0),Height,0,90%,24,14,24C x 14K,50%,12,14,12C x 14K,60.0,0.0,0.0,0.0,91.52777777777777,0.0,0.0,0.0,60.0,0.0,0.0,0.0,Bad_L0_Good_L1,0.0
Bad_L0_Good_L1 (rho=0.0),Height,0,90%,24,14,24C x 14K,50%,24,7,24C x 7K,60.0,0.0,0.0,0.0,91.52777777777777,0.0,0.0,0.0,60.0,0.0,0.0,0.0,Bad_L0_Good_L1,0.0
Bad_L0_Good_L1 (rho=0.0),Height,0,90%,24,14,24C x 14K,60%,14,14,14C x 14K,63.33333333333333,0.0,0.0,0.0,91.52777777777777,0.0,0.0,0.0,63.33333333333333,0.0,0.0,0.0,Bad_L0_Good_L1,0.0
Bad_L0_Good_L1 (rho=0.0),Height,0,90%,24,14,24C x 14K,60%,20,10,20C x 10K,63.33333333333333,0.0,0.0,0.0,91.52777777777777,0.0,0.0,0.0,63.33333333333333,0.0,0.0,0.0,Bad_L0_Good_L1,0.0
Bad_L0_Good_L1 (rho=0.0),Height,0,90%,24,14,24C x 14K,70%,17,14,17C x 14K,60.0,0.0,0.0,0.0,91.52777777777777,0.0,0.0,0.0,60.0,0.0,0.0,0.0,Bad_L0_Good_L1,0.0
Bad_L0_Good_L1 (rho=0.0),Height,0,90%,24,14,24C x 14K,70%,21,11,21C x 11K,63.33333333333333,0.0,0.0,0.0,91.52777777777777,0.0,0.0,0.0,63.33333333333333,0.0,0.0,0.0,Bad_L0_Good_L1,0.0
Bad_L0_Good_L1 (rho=0.0),Height,0,90%,24,14,24C x 14K,80%,19,14,19C x 14K,63.33333333333333,0.0,0.0,0.0,91.52777777777777,0.0,0.0,0.0,63.33333333333333,0.0,0.0,0.0,Bad_L0_Good_L1,0.0
Bad_L0_Good_L1 (rho=0.0),Height,0,90%,24,14,24C x 14K,80%,24,11,24C x 11K,63.33333333333333,0.0,0.0,0.0,91.52777777777777,0.0,0.0,0.0,63.33333333333333,0.0,0.0,0.0,Bad_L0_Good_L1,0.0
Bad_L0_Good_L1 (rho=0.0),Height,0,90%,24,14,24C x 14K,90%,22,14,22C x 14K,70.0,0.0,0.0,0.0,91.52777777777777,0.0,0.0,0.0,70.0,0.0,0.0,0.0,Bad_L0_Good_L1,0.0
Bad_L0_Good_L1 (rho=0.0),Height,0,90%,24,14,24C x 14K,90%,23,13,23C x 13K,70.0,0.0,0.0,0.0,91.52777777777777,0.0,0.0,0.0,70.0,0.0,0.0,0.0,Bad_L0_Good_L1,0.0
Bad_L0_Good_L1 (rho=0.0),Height,0,90%,24,14,24C x 14K,100%,24,14,24C x 14K,50.0,0.0,0.0,0.0,43.19444444444444,0.0,0.0,0.0,50.0,0.0,0.0,0.0,Bad_L0_Good_L1,0.0
Bad_L0_Good_L1 (rho=0.0),Height,0,100%,25,15,25C x 15K,10%,3,15,3C x 15K,50.0,0.0,0.0,0.0,49.2,0.0,0.0,0.0,50.0,0.0,0.0,0.0,Bad_L0_Good_L1,0.0
Bad_L0_Good_L1 (rho=0.0),Height,0,100%,25,15,25C x 15K,10%,6,6,6C x 6K,46.666666666666664,0.0,0.0,0.0,49.2,0.0,0.0,0.0,46.666666666666664,0.0,0.0,0.0,Bad_L0_Good_L1,0.0
Bad_L0_Good_L1 (rho=0.0),Height,0,100%,25,15,25C x 15K,20%,25,3,25C x 3K,50.0,0.0,0.0,0.0,49.2,0.0,0.0,0.0,50.0,0.0,0.0,0.0,Bad_L0_Good_L1,0.0
Bad_L0_Good_L1 (rho=0.0),Height,0,100%,25,15,25C x 15K,20%,5,15,5C x 15K,50.0,0.0,0.0,0.0,49.2,0.0,0.0,0.0,50.0,0.0,0.0,0.0,Bad_L0_Good_L1,0.0
Bad_L0_Good_L1 (rho=0.0),Height,0,100%,25,15,25C x 15K,30%,14,8,14C x 8K,50.0,0.0,0.0,0.0,49.2,0.0,0.0,0.0,50.0,0.0,0.0,0.0,Bad_L0_Good_L1,0.0
Bad_L0_Good_L1 (rho=0.0),Height,0,100%,25,15,25C x 15K,30%,7,15,7C x 15K,50.0,0.0,0.0,0.0,49.2,0.0,0.0,0.0,50.0,0.0,0.0,0.0,Bad_L0_Good_L1,0.0
Bad_L0_Good_L1 (rho=0.0),Height,0,100%,25,15,25C x 15K,40%,10,15,10C x 15K,50.0,0.0,0.0,0.0,49.2,0.0,0.0,0.0,50.0,0.0,0.0,0.0,Bad_L0_Good_L1,0.0
Bad_L0_Good_L1 (rho=0.0),Height,0,100%,25,15,25C x 15K,40%,25,6,25C x 6K,50.0,0.0,0.0,0.0,49.2,0.0,0.0,0.0,50.0,0.0,0.0,0.0,Bad_L0_Good_L1,0.0
Bad_L0_Good_L1 (rho=0.0),Height,0,100%,25,15,25C x 15K,50%,13,15,13C x 15K,50.0,0.0,0.0,0.0,49.2,0.0,0.0,0.0,50.0,0.0,0.0,0.0,Bad_L0_Good_L1,0.0
Bad_L0_Good_L1 (rho=0.0),Height,0,100%,25,15,25C x 15K,50%,19,10,19C x 10K,50.0,0.0,0.0,0.0,49.2,0.0,0.0,0.0,50.0,0.0,0.0,0.0,Bad_L0_Good_L1,0.0
Bad_L0_Good_L1 (rho=0.0),Height,0,100%,25,15,25C x 15K,60%,15,15,15C x 15K,50.0,0.0,0.0,0.0,49.2,0.0,0.0,0.0,50.0,0.0,0.0,0.0,Bad_L0_Good_L1,0.0
Bad_L0_Good_L1 (rho=0.0),Height,0,100%,25,15,25C x 15K,60%,25,9,25C x 9K,50.0,0.0,0.0,0.0,49.2,0.0,0.0,0.0,50.0,0.0,0.0,0.0,Bad_L0_Good_L1,0.0
Bad_L0_Good_L1 (rho=0.0),Height,0,100%,25,15,25C x 15K,70%,17,15,17C x 15K,50.0,0.0,0.0,0.0,49.2,0.0,0.0,0.0,50.0,0.0,0.0,0.0,Bad_L0_Good_L1,0.0
Bad_L0_Good_L1 (rho=0.0),Height,0,100%,25,15,25C x 15K,70%,22,12,22C x 12K,50.0,0.0,0.0,0.0,49.2,0.0,0.0,0.0,50.0,0.0,0.0,0.0,Bad_L0_Good_L1,0.0
Bad_L0_Good_L1 (rho=0.0),Height,0,100%,25,15,25C x 15K,80%,20,15,20C x 15K,50.0,0.0,0.0,0.0,49.2,0.0,0.0,0.0,50.0,0.0,0.0,0.0,Bad_L0_Good_L1,0.0
Bad_L0_Good_L1 (rho=0.0),Height,0,100%,25,15,25C x 15K,80%,25,12,25C x 12K,50.0,0.0,0.0,0.0,49.2,0.0,0.0,0.0,50.0,0.0,0.0,0.0,Bad_L0_Good_L1,0.0
Bad_L0_Good_L1 (rho=0.0),Height,0,100%,25,15,25C x 15K,90%,23,15,23C x 15K,50.0,0.0,0.0,0.0,49.2,0.0,0.0,0.0,50.0,0.0,0.0,0.0,Bad_L0_Good_L1,0.0
Bad_L0_Good_L1 (rho=0.0),Height,0,100%,25,15,25C x 15K,90%,24,14,24C x 14K,50.0,0.0,0.0,0.0,49.2,0.0,0.0,0.0,50.0,0.0,0.0,0.0,Bad_L0_Good_L1,0.0
Bad_L0_Good_L1 (rho=0.0),Height,0,100%,25,15,25C x 15K,100%,25,15,25C x 15K,26.666666666666668,0.0,0.0,0.0,24.133333333333333,0.0,0.0,0.0,26.666666666666668,0.0,0.0,0.0,Bad_L0_Good_L1,0.0
Bad_L0_Good_L1 (rho=0.0),Weight,0,10%,3,15,3C x 15K,10%,1,4,1C x 4K,46.666666666666664,0.0,0.0,0.0,98.88888888888889,0.0,0.0,0.0,46.666666666666664,0.0,0.0,0.0,Bad_L0_Good_L1,0.0
Bad_L0_Good_L1 (rho=0.0),Weight,0,10%,3,15,3C x 15K,10%,2,2,2C x 2K,40.0,0.0,0.0,0.0,98.88888888888889,0.0,0.0,0.0,40.0,0.0,0.0,0.0,Bad_L0_Good_L1,0.0
Bad_L0_Good_L1 (rho=0.0),Weight,0,10%,3,15,3C x 15K,20%,1,9,1C x 9K,50.0,0.0,0.0,0.0,98.88888888888889,0.0,0.0,0.0,50.0,0.0,0.0,0.0,Bad_L0_Good_L1,0.0
Bad_L0_Good_L1 (rho=0.0),Weight,0,10%,3,15,3C x 15K,20%,3,3,3C x 3K,50.0,0.0,0.0,0.0,98.88888888888889,0.0,0.0,0.0,50.0,0.0,0.0,0.0,Bad_L0_Good_L1,0.0
Bad_L0_Good_L1 (rho=0.0),Weight,0,10%,3,15,3C x 15K,30%,1,14,1C x 14K,56.666666666666664,0.0,0.0,0.0,98.88888888888889,0.0,0.0,0.0,56.666666666666664,0.0,0.0,0.0,Bad_L0_Good_L1,0.0
Bad_L0_Good_L1 (rho=0.0),Weight,0,10%,3,15,3C x 15K,30%,2,7,2C x 7K,46.666666666666664,0.0,0.0,0.0,98.88888888888889,0.0,0.0,0.0,46.666666666666664,0.0,0.0,0.0,Bad_L0_Good_L1,0.0
Bad_L0_Good_L1 (rho=0.0),Weight,0,10%,3,15,3C x 15K,40%,1,15,1C x 15K,63.33333333333333,0.0,0.0,0.0,98.88888888888889,0.0,0.0,0.0,63.33333333333333,0.0,0.0,0.0,Bad_L0_Good_L1,0.0
Bad_L0_Good_L1 (rho=0.0),Weight,0,10%,3,15,3C x 15K,40%,3,6,3C x 6K,60.0,0.0,0.0,0.0,98.88888888888889,0.0,0.0,0.0,60.0,0.0,0.0,0.0,Bad_L0_Good_L1,0.0
Bad_L0_Good_L1 (rho=0.0),Weight,0,10%,3,15,3C x 15K,50%,1,15,1C x 15K,63.33333333333333,0.0,0.0,0.0,98.88888888888889,0.0,0.0,0.0,63.33333333333333,0.0,0.0,0.0,Bad_L0_Good_L1,0.0
Bad_L0_Good_L1 (rho=0.0),Weight,0,10%,3,15,3C x 15K,50%,3,7,3C x 7K,63.33333333333333,0.0,0.0,0.0,98.88888888888889,0.0,0.0,0.0,63.33333333333333,0.0,0.0,0.0,Bad_L0_Good_L1,0.0
Bad_L0_Good_L1 (rho=0.0),Weight,0,10%,3,15,3C x 15K,60%,2,15,2C x 15K,60.0,0.0,0.0,0.0,98.88888888888889,0.0,0.0,0.0,60.0,0.0,0.0,0.0,Bad_L0_Good_L1,0.0
Bad_L0_Good_L1 (rho=0.0),Weight,0,10%,3,15,3C x 15K,60%,3,9,3C x 9K,70.0,0.0,0.0,0.0,98.88888888888889,0.0,0.0,0.0,70.0,0.0,0.0,0.0,Bad_L0_Good_L1,0.0
Bad_L0_Good_L1 (rho=0.0),Weight,0,10%,3,15,3C x 15K,70%,2,15,2C x 15K,60.0,0.0,0.0,0.0,98.88888888888889,0.0,0.0,0.0,60.0,0.0,0.0,0.0,Bad_L0_Good_L1,0.0
Bad_L0_Good_L1 (rho=0.0),Weight,0,10%,3,15,3C x 15K,70%,3,10,3C x 10K,70.0,0.0,0.0,0.0,98.88888888888889,0.0,0.0,0.0,70.0,0.0,0.0,0.0,Bad_L0_Good_L1,0.0
Bad_L0_Good_L1 (rho=0.0),Weight,0,10%,3,15,3C x 15K,80%,2,15,2C x 15K,60.0,0.0,0.0,0.0,98.88888888888889,0.0,0.0,0.0,60.0,0.0,0.0,0.0,Bad_L0_Good_L1,0.0
Bad_L0_Good_L1 (rho=0.0),Weight,0,10%,3,15,3C x 15K,80%,3,12,3C x 12K,73.33333333333333,0.0,0.0,0.0,98.88888888888889,0.0,0.0,0.0,73.33333333333333,0.0,0.0,0.0,Bad_L0_Good_L1,0.0
Bad_L0_Good_L1 (rho=0.0),Weight,0,10%,3,15,3C x 15K,90%,3,13,3C x 13K,73.33333333333333,0.0,0.0,0.0,98.88888888888889,0.0,0.0,0.0,73.33333333333333,0.0,0.0,0.0,Bad_L0_Good_L1,0.0
Bad_L0_Good_L1 (rho=0.0),Weight,0,10%,3,15,3C x 15K,90%,3,15,3C x 15K,73.33333333333333,0.0,0.0,0.0,98.88888888888889,0.0,0.0,0.0,73.33333333333333,0.0,0.0,0.0,Bad_L0_Good_L1,0.0
Bad_L0_Good_L1 (rho=0.0),Weight,0,10%,3,15,3C x 15K,100%,3,15,3C x 15K,50.0,0.0,0.0,0.0,50.0,0.0,0.0,0.0,50.0,0.0,0.0,0.0,Bad_L0_Good_L1,0.0
Bad_L0_Good_L1 (rho=0.0),Weight,0,10%,6,6,6C x 6K,10%,1,4,1C x 4K,33.33333333333333,0.0,0.0,0.0,62.22222222222222,0.0,0.0,0.0,33.33333333333333,0.0,0.0,0.0,Bad_L0_Good_L1,0.0
Bad_L0_Good_L1 (rho=0.0),Weight,0,10%,6,6,6C x 6K,10%,4,1,4C x 1K,33.33333333333333,0.0,0.0,0.0,62.22222222222222,0.0,0.0,0.0,33.33333333333333,0.0,0.0,0.0,Bad_L0_Good_L1,0.0
Bad_L0_Good_L1 (rho=0.0),Weight,0,10%,6,6,6C x 6K,20%,1,6,1C x 6K,33.33333333333333,0.0,0.0,0.0,62.22222222222222,0.0,0.0,0.0,33.33333333333333,0.0,0.0,0.0,Bad_L0_Good_L1,0.0
Bad_L0_Good_L1 (rho=0.0),Weight,0,10%,6,6,6C x 6K,20%,2,3,2C x 3K,33.33333333333333,0.0,0.0,0.0,62.22222222222222,0.0,0.0,0.0,33.33333333333333,0.0,0.0,0.0,Bad_L0_Good_L1,0.0
Bad_L0_Good_L1 (rho=0.0),Weight,0,10%,6,6,6C x 6K,30%,2,6,2C x 6K,50.0,0.0,0.0,0.0,62.22222222222222,0.0,0.0,0.0,50.0,0.0,0.0,0.0,Bad_L0_Good_L1,0.0
Bad_L0_Good_L1 (rho=0.0),Weight,0,10%,6,6,6C x 6K,30%,4,3,4C x 3K,60.0,0.0,0.0,0.0,62.22222222222222,0.0,0.0,0.0,60.0,0.0,0.0,0.0,Bad_L0_Good_L1,0.0
Bad_L0_Good_L1 (rho=0.0),Weight,0,10%,6,6,6C x 6K,40%,2,6,2C x 6K,50.0,0.0,0.0,0.0,62.22222222222222,0.0,0.0,0.0,50.0,0.0,0.0,0.0,Bad_L0_Good_L1,0.0
Bad_L0_Good_L1 (rho=0.0),Weight,0,10%,6,6,6C x 6K,40%,5,3,5C x 3K,50.0,0.0,0.0,0.0,62.22222222222222,0.0,0.0,0.0,50.0,0.0,0.0,0.0,Bad_L0_Good_L1,0.0
Bad_L0_Good_L1 (rho=0.0),Weight,0,10%,6,6,6C x 6K,50%,3,6,3C x 6K,50.0,0.0,0.0,0.0,62.22222222222222,0.0,0.0,0.0,50.0,0.0,0.0,0.0,Bad_L0_Good_L1,0.0
Bad_L0_Good_L1 (rho=0.0),Weight,0,10%,6,6,6C x 6K,50%,6,3,6C x 3K,56.666666666666664,0.0,0.0,0.0,62.22222222222222,0.0,0.0,0.0,56.666666666666664,0.0,0.0,0.0,Bad_L0_Good_L1,0.0
Bad_L0_Good_L1 (rho=0.0),Weight,0,10%,6,6,6C x 6K,60%,4,6,4C x 6K,60.0,0.0,0.0,0.0,62.22222222222222,0.0,0.0,0.0,60.0,0.0,0.0,0.0,Bad_L0_Good_L1,0.0
Bad_L0_Good_L1 (rho=0.0),Weight,0,10%,6,6,6C x 6K,60%,6,4,6C x 4K,60.0,0.0,0.0,0.0,62.22222222222222,0.0,0.0,0.0,60.0,0.0,0.0,0.0,Bad_L0_Good_L1,0.0
Bad_L0_Good_L1 (rho=0.0),Weight,0,10%,6,6,6C x 6K,70%,4,6,4C x 6K,60.0,0.0,0.0,0.0,62.22222222222222,0.0,0.0,0.0,60.0,0.0,0.0,0.0,Bad_L0_Good_L1,0.0
Bad_L0_Good_L1 (rho=0.0),Weight,0,10%,6,6,6C x 6K,70%,6,4,6C x 4K,60.0,0.0,0.0,0.0,62.22222222222222,0.0,0.0,0.0,60.0,0.0,0.0,0.0,Bad_L0_Good_L1,0.0
Bad_L0_Good_L1 (rho=0.0),Weight,0,10%,6,6,6C x 6K,80%,5,6,5C x 6K,63.33333333333333,0.0,0.0,0.0,62.22222222222222,0.0,0.0,0.0,63.33333333333333,0.0,0.0,0.0,Bad_L0_Good_L1,0.0
Bad_L0_Good_L1 (rho=0.0),Weight,0,10%,6,6,6C x 6K,80%,6,5,6C x 5K,63.33333333333333,0.0,0.0,0.0,62.22222222222222,0.0,0.0,0.0,63.33333333333333,0.0,0.0,0.0,Bad_L0_Good_L1,0.0
Bad_L0_Good_L1 (rho=0.0),Weight,0,10%,6,6,6C x 6K,90%,5,6,5C x 6K,63.33333333333333,0.0,0.0,0.0,62.22222222222222,0.0,0.0,0.0,63.33333333333333,0.0,0.0,0.0,Bad_L0_Good_L1,0.0
Bad_L0_Good_L1 (rho=0.0),Weight,0,10%,6,6,6C x 6K,90%,6,5,6C x 5K,63.33333333333333,0.0,0.0,0.0,62.22222222222222,0.0,0.0,0.0,63.33333333333333,0.0,0.0,0.0,Bad_L0_Good_L1,0.0
Bad_L0_Good_L1 (rho=0.0),Weight,0,10%,6,6,6C x 6K,100%,6,6,6C x 6K,50.0,0.0,0.0,0.0,26.111111111111114,0.0,0.0,0.0,50.0,0.0,0.0,0.0,Bad_L0_Good_L1,0.0
Bad_L0_Good_L1 (rho=0.0),Weight,0,20%,25,3,25C x 3K,10%,3,3,3C x 3K,40.0,0.0,0.0,0.0,55.86666666666667,0.0,0.0,0.0,40.0,0.0,0.0,0.0,Bad_L0_Good_L1,0.0
Bad_L0_Good_L1 (rho=0.0),Weight,0,20%,25,3,25C x 3K,10%,8,1,8C x 1K,50.0,0.0,0.0,0.0,55.86666666666667,0.0,0.0,0.0,50.0,0.0,0.0,0.0,Bad_L0_Good_L1,0.0
Bad_L0_Good_L1 (rho=0.0),Weight,0,20%,25,3,25C x 3K,20%,15,1,15C x 1K,53.333333333333336,0.0,0.0,0.0,55.86666666666667,0.0,0.0,0.0,53.333333333333336,0.0,0.0,0.0,Bad_L0_Good_L1,0.0
Bad_L0_Good_L1 (rho=0.0),Weight,0,20%,25,3,25C x 3K,20%,5,3,5C x 3K,53.333333333333336,0.0,0.0,0.0,55.86666666666667,0.0,0.0,0.0,53.333333333333336,0.0,0.0,0.0,Bad_L0_Good_L1,0.0
Bad_L0_Good_L1 (rho=0.0),Weight,0,20%,25,3,25C x 3K,30%,22,1,22C x 1K,43.333333333333336,0.0,0.0,0.0,55.86666666666667,0.0,0.0,0.0,43.333333333333336,0.0,0.0,0.0,Bad_L0_Good_L1,0.0
Bad_L0_Good_L1 (rho=0.0),Weight,0,20%,25,3,25C x 3K,30%,7,3,7C x 3K,50.0,0.0,0.0,0.0,55.86666666666667,0.0,0.0,0.0,50.0,0.0,0.0,0.0,Bad_L0_Good_L1,0.0
Bad_L0_Good_L1 (rho=0.0),Weight,0,20%,25,3,25C x 3K,40%,10,3,10C x 3K,53.333333333333336,0.0,0.0,0.0,55.86666666666667,0.0,0.0,0.0,53.333333333333336,0.0,0.0,0.0,Bad_L0_Good_L1,0.0
Bad_L0_Good_L1 (rho=0.0),Weight,0,20%,25,3,25C x 3K,40%,15,2,15C x 2K,50.0,0.0,0.0,0.0,55.86666666666667,0.0,0.0,0.0,50.0,0.0,0.0,0.0,Bad_L0_Good_L1,0.0
Bad_L0_Good_L1 (rho=0.0),Weight,0,20%,25,3,25C x 3K,50%,13,3,13C x 3K,53.333333333333336,0.0,0.0,0.0,55.86666666666667,0.0,0.0,0.0,53.333333333333336,0.0,0.0,0.0,Bad_L0_Good_L1,0.0
Bad_L0_Good_L1 (rho=0.0),Weight,0,20%,25,3,25C x 3K,50%,19,2,19C x 2K,53.333333333333336,0.0,0.0,0.0,55.86666666666667,0.0,0.0,0.0,53.333333333333336,0.0,0.0,0.0,Bad_L0_Good_L1,0.0
Bad_L0_Good_L1 (rho=0.0),Weight,0,20%,25,3,25C x 3K,60%,15,3,15C x 3K,56.666666666666664,0.0,0.0,0.0,55.86666666666667,0.0,0.0,0.0,56.666666666666664,0.0,0.0,0.0,Bad_L0_Good_L1,0.0
Bad_L0_Good_L1 (rho=0.0),Weight,0,20%,25,3,25C x 3K,60%,22,2,22C x 2K,50.0,0.0,0.0,0.0,55.86666666666667,0.0,0.0,0.0,50.0,0.0,0.0,0.0,Bad_L0_Good_L1,0.0
Bad_L0_Good_L1 (rho=0.0),Weight,0,20%,25,3,25C x 3K,70%,17,3,17C x 3K,50.0,0.0,0.0,0.0,21.46666666666667,0.0,0.0,0.0,50.0,0.0,0.0,0.0,Bad_L0_Good_L1,0.0
Bad_L0_Good_L1 (rho=0.0),Weight,0,20%,25,3,25C x 3K,80%,20,3,20C x 3K,50.0,0.0,0.0,0.0,21.46666666666667,0.0,0.0,0.0,50.0,0.0,0.0,0.0,Bad_L0_Good_L1,0.0
Bad_L0_Good_L1 (rho=0.0),Weight,0,20%,25,3,25C x 3K,90%,23,3,23C x 3K,50.0,0.0,0.0,0.0,21.46666666666667,0.0,0.0,0.0,50.0,0.0,0.0,0.0,Bad_L0_Good_L1,0.0
Bad_L0_Good_L1 (rho=0.0),Weight,0,20%,25,3,25C x 3K,100%,25,3,25C x 3K,50.0,0.0,0.0,0.0,21.46666666666667,0.0,0.0,0.0,50.0,0.0,0.0,0.0,Bad_L0_Good_L1,0.0
Bad_L0_Good_L1 (rho=0.0),Weight,0,20%,5,15,5C x 15K,10%,1,8,1C x 8K,33.33333333333333,0.0,0.0,0.0,98.66666666666667,0.0,0.0,0.0,33.33333333333333,0.0,0.0,0.0,Bad_L0_Good_L1,0.0
Bad_L0_Good_L1 (rho=0.0),Weight,0,20%,5,15,5C x 15K,10%,3,3,3C x 3K,36.666666666666664,0.0,0.0,0.0,98.66666666666667,0.0,0.0,0.0,36.666666666666664,0.0,0.0,0.0,Bad_L0_Good_L1,0.0
Bad_L0_Good_L1 (rho=0.0),Weight,0,20%,5,15,5C x 15K,20%,1,15,1C x 15K,53.333333333333336,0.0,0.0,0.0,98.66666666666667,0.0,0.0,0.0,53.333333333333336,0.0,0.0,0.0,Bad_L0_Good_L1,0.0
Bad_L0_Good_L1 (rho=0.0),Weight,0,20%,5,15,5C x 15K,20%,5,3,5C x 3K,46.666666666666664,0.0,0.0,0.0,98.66666666666667,0.0,0.0,0.0,46.666666666666664,0.0,0.0,0.0,Bad_L0_Good_L1,0.0
Bad_L0_Good_L1 (rho=0.0),Weight,0,20%,5,15,5C x 15K,30%,1,15,1C x 15K,53.333333333333336,0.0,0.0,0.0,98.66666666666667,0.0,0.0,0.0,53.333333333333336,0.0,0.0,0.0,Bad_L0_Good_L1,0.0
Bad_L0_Good_L1 (rho=0.0),Weight,0,20%,5,15,5C x 15K,30%,3,8,3C x 8K,53.333333333333336,0.0,0.0,0.0,98.66666666666667,0.0,0.0,0.0,53.333333333333336,0.0,0.0,0.0,Bad_L0_Good_L1,0.0
Bad_L0_Good_L1 (rho=0.0),Weight,0,20%,5,15,5C x 15K,40%,2,15,2C x 15K,56.666666666666664,0.0,0.0,0.0,98.66666666666667,0.0,0.0,0.0,56.666666666666664,0.0,0.0,0.0,Bad_L0_Good_L1,0.0
Bad_L0_Good_L1 (rho=0.0),Weight,0,20%,5,15,5C x 15K,40%,5,6,5C x 6K,60.0,0.0,0.0,0.0,98.66666666666667,0.0,0.0,0.0,60.0,0.0,0.0,0.0,Bad_L0_Good_L1,0.0
Bad_L0_Good_L1 (rho=0.0),Weight,0,20%,5,15,5C x 15K,50%,3,15,3C x 15K,56.666666666666664,0.0,0.0,0.0,98.66666666666667,0.0,0.0,0.0,56.666666666666664,0.0,0.0,0.0,Bad_L0_Good_L1,0.0
Bad_L0_Good_L1 (rho=0.0),Weight,0,20%,5,15,5C x 15K,50%,5,7,5C x 7K,63.33333333333333,0.0,0.0,0.0,98.66666666666667,0.0,0.0,0.0,63.33333333333333,0.0,0.0,0.0,Bad_L0_Good_L1,0.0
Bad_L0_Good_L1 (rho=0.0),Weight,0,20%,5,15,5C x 15K,60%,3,15,3C x 15K,56.666666666666664,0.0,0.0,0.0,98.66666666666667,0.0,0.0,0.0,56.666666666666664,0.0,0.0,0.0,Bad_L0_Good_L1,0.0
Bad_L0_Good_L1 (rho=0.0),Weight,0,20%,5,15,5C x 15K,60%,5,9,5C x 9K,70.0,0.0,0.0,0.0,98.66666666666667,0.0,0.0,0.0,70.0,0.0,0.0,0.0,Bad_L0_Good_L1,0.0
Bad_L0_Good_L1 (rho=0.0),Weight,0,20%,5,15,5C x 15K,70%,3,15,3C x 15K,56.666666666666664,0.0,0.0,0.0,98.66666666666667,0.0,0.0,0.0,56.666666666666664,0.0,0.0,0.0,Bad_L0_Good_L1,0.0
Bad_L0_Good_L1 (rho=0.0),Weight,0,20%,5,15,5C x 15K,70%,5,10,5C x 10K,70.0,0.0,0.0,0.0,98.66666666666667,0.0,0.0,0.0,70.0,0.0,0.0,0.0,Bad_L0_Good_L1,0.0
Bad_L0_Good_L1 (rho=0.0),Weight,0,20%,5,15,5C x 15K,80%,4,15,4C x 15K,70.0,0.0,0.0,0.0,98.66666666666667,0.0,0.0,0.0,70.0,0.0,0.0,0.0,Bad_L0_Good_L1,0.0
Bad_L0_Good_L1 (rho=0.0),Weight,0,20%,5,15,5C x 15K,80%,5,12,5C x 12K,70.0,0.0,0.0,0.0,98.66666666666667,0.0,0.0,0.0,70.0,0.0,0.0,0.0,Bad_L0_Good_L1,0.0
Bad_L0_Good_L1 (rho=0.0),Weight,0,20%,5,15,5C x 15K,90%,5,13,5C x 13K,70.0,0.0,0.0,0.0,98.66666666666667,0.0,0.0,0.0,70.0,0.0,0.0,0.0,Bad_L0_Good_L1,0.0
Bad_L0_Good_L1 (rho=0.0),Weight,0,20%,5,15,5C x 15K,90%,5,15,5C x 15K,73.33333333333333,0.0,0.0,0.0,98.66666666666667,0.0,0.0,0.0,73.33333333333333,0.0,0.0,0.0,Bad_L0_Good_L1,0.0
Bad_L0_Good_L1 (rho=0.0),Weight,0,20%,5,15,5C x 15K,100%,5,15,5C x 15K,50.0,0.0,0.0,0.0,49.333333333333336,0.0,0.0,0.0,50.0,0.0,0.0,0.0,Bad_L0_Good_L1,0.0
Bad_L0_Good_L1 (rho=0.0),Weight,0,30%,14,8,14C x 8K,10%,11,1,11C x 1K,53.333333333333336,0.0,0.0,0.0,69.28571428571428,0.0,0.0,0.0,53.333333333333336,0.0,0.0,0.0,Bad_L0_Good_L1,0.0
Bad_L0_Good_L1 (rho=0.0),Weight,0,30%,14,8,14C x 8K,10%,1,8,1C x 8K,46.666666666666664,0.0,0.0,0.0,69.28571428571428,0.0,0.0,0.0,46.666666666666664,0.0,0.0,0.0,Bad_L0_Good_L1,0.0
Bad_L0_Good_L1 (rho=0.0),Weight,0,30%,14,8,14C x 8K,20%,3,8,3C x 8K,63.33333333333333,0.0,0.0,0.0,69.28571428571428,0.0,0.0,0.0,63.33333333333333,0.0,0.0,0.0,Bad_L0_Good_L1,0.0
Bad_L0_Good_L1 (rho=0.0),Weight,0,30%,14,8,14C x 8K,20%,7,3,7C x 3K,56.666666666666664,0.0,0.0,0.0,69.28571428571428,0.0,0.0,0.0,56.666666666666664,0.0,0.0,0.0,Bad_L0_Good_L1,0.0
Bad_L0_Good_L1 (rho=0.0),Weight,0,30%,14,8,14C x 8K,30%,4,8,4C x 8K,63.33333333333333,0.0,0.0,0.0,69.28571428571428,0.0,0.0,0.0,63.33333333333333,0.0,0.0,0.0,Bad_L0_Good_L1,0.0
Bad_L0_Good_L1 (rho=0.0),Weight,0,30%,14,8,14C x 8K,30%,8,4,8C x 4K,70.0,0.0,0.0,0.0,69.28571428571428,0.0,0.0,0.0,70.0,0.0,0.0,0.0,Bad_L0_Good_L1,0.0
Bad_L0_Good_L1 (rho=0.0),Weight,0,30%,14,8,14C x 8K,40%,6,8,6C x 8K,76.66666666666667,0.0,0.0,0.0,69.28571428571428,0.0,0.0,0.0,76.66666666666667,0.0,0.0,0.0,Bad_L0_Good_L1,0.0
Bad_L0_Good_L1 (rho=0.0),Weight,0,30%,14,8,14C x 8K,40%,9,5,9C x 5K,73.33333333333333,0.0,0.0,0.0,69.28571428571428,0.0,0.0,0.0,73.33333333333333,0.0,0.0,0.0,Bad_L0_Good_L1,0.0
Bad_L0_Good_L1 (rho=0.0),Weight,0,30%,14,8,14C x 8K,50%,14,4,14C x 4K,70.0,0.0,0.0,0.0,69.28571428571428,0.0,0.0,0.0,70.0,0.0,0.0,0.0,Bad_L0_Good_L1,0.0
Bad_L0_Good_L1 (rho=0.0),Weight,0,30%,14,8,14C x 8K,50%,7,8,7C x 8K,76.66666666666667,0.0,0.0,0.0,69.28571428571428,0.0,0.0,0.0,76.66666666666667,0.0,0.0,0.0,Bad_L0_Good_L1,0.0
Bad_L0_Good_L1 (rho=0.0),Weight,0,30%,14,8,14C x 8K,60%,13,5,13C x 5K,73.33333333333333,0.0,0.0,0.0,69.28571428571428,0.0,0.0,0.0,73.33333333333333,0.0,0.0,0.0,Bad_L0_Good_L1,0.0
Bad_L0_Good_L1 (rho=0.0),Weight,0,30%,14,8,14C x 8K,60%,8,8,8C x 8K,73.33333333333333,0.0,0.0,0.0,69.28571428571428,0.0,0.0,0.0,73.33333333333333,0.0,0.0,0.0,Bad_L0_Good_L1,0.0
Bad_L0_Good_L1 (rho=0.0),Weight,0,30%,14,8,14C x 8K,70%,10,8,10C x 8K,76.66666666666667,0.0,0.0,0.0,69.28571428571428,0.0,0.0,0.0,76.66666666666667,0.0,0.0,0.0,Bad_L0_Good_L1,0.0
Bad_L0_Good_L1 (rho=0.0),Weight,0,30%,14,8,14C x 8K,70%,13,6,13C x 6K,73.33333333333333,0.0,0.0,0.0,69.28571428571428,0.0,0.0,0.0,73.33333333333333,0.0,0.0,0.0,Bad_L0_Good_L1,0.0
Bad_L0_Good_L1 (rho=0.0),Weight,0,30%,14,8,14C x 8K,80%,11,8,11C x 8K,76.66666666666667,0.0,0.0,0.0,69.28571428571428,0.0,0.0,0.0,76.66666666666667,0.0,0.0,0.0,Bad_L0_Good_L1,0.0
Bad_L0_Good_L1 (rho=0.0),Weight,0,30%,14,8,14C x 8K,80%,13,7,13C x 7K,73.33333333333333,0.0,0.0,0.0,69.28571428571428,0.0,0.0,0.0,73.33333333333333,0.0,0.0,0.0,Bad_L0_Good_L1,0.0
Bad_L0_Good_L1 (rho=0.0),Weight,0,30%,14,8,14C x 8K,90%,13,8,13C x 8K,76.66666666666667,0.0,0.0,0.0,69.28571428571428,0.0,0.0,0.0,76.66666666666667,0.0,0.0,0.0,Bad_L0_Good_L1,0.0
Bad_L0_Good_L1 (rho=0.0),Weight,0,30%,14,8,14C x 8K,90%,14,7,14C x 7K,73.33333333333333,0.0,0.0,0.0,69.28571428571428,0.0,0.0,0.0,73.33333333333333,0.0,0.0,0.0,Bad_L0_Good_L1,0.0
Bad_L0_Good_L1 (rho=0.0),Weight,0,30%,14,8,14C x 8K,100%,14,8,14C x 8K,50.0,0.0,0.0,0.0,28.095238095238095,0.0,0.0,0.0,50.0,0.0,0.0,0.0,Bad_L0_Good_L1,0.0
Bad_L0_Good_L1 (rho=0.0),Weight,0,30%,7,15,7C x 15K,10%,1,10,1C x 10K,56.666666666666664,0.0,0.0,0.0,99.04761904761905,0.0,0.0,0.0,56.666666666666664,0.0,0.0,0.0,Bad_L0_Good_L1,0.0
Bad_L0_Good_L1 (rho=0.0),Weight,0,30%,7,15,7C x 15K,10%,2,4,2C x 4K,43.333333333333336,0.0,0.0,0.0,99.04761904761905,0.0,0.0,0.0,43.333333333333336,0.0,0.0,0.0,Bad_L0_Good_L1,0.0
Bad_L0_Good_L1 (rho=0.0),Weight,0,30%,7,15,7C x 15K,20%,1,15,1C x 15K,66.66666666666666,0.0,0.0,0.0,99.04761904761905,0.0,0.0,0.0,66.66666666666666,0.0,0.0,0.0,Bad_L0_Good_L1,0.0
Bad_L0_Good_L1 (rho=0.0),Weight,0,30%,7,15,7C x 15K,20%,7,3,7C x 3K,53.333333333333336,0.0,0.0,0.0,99.04761904761905,0.0,0.0,0.0,53.333333333333336,0.0,0.0,0.0,Bad_L0_Good_L1,0.0
Bad_L0_Good_L1 (rho=0.0),Weight,0,30%,7,15,7C x 15K,30%,2,15,2C x 15K,66.66666666666666,0.0,0.0,0.0,99.04761904761905,0.0,0.0,0.0,66.66666666666666,0.0,0.0,0.0,Bad_L0_Good_L1,0.0
Bad_L0_Good_L1 (rho=0.0),Weight,0,30%,7,15,7C x 15K,30%,4,8,4C x 8K,70.0,0.0,0.0,0.0,99.04761904761905,0.0,0.0,0.0,70.0,0.0,0.0,0.0,Bad_L0_Good_L1,0.0
Bad_L0_Good_L1 (rho=0.0),Weight,0,30%,7,15,7C x 15K,40%,3,15,3C x 15K,63.33333333333333,0.0,0.0,0.0,99.04761904761905,0.0,0.0,0.0,63.33333333333333,0.0,0.0,0.0,Bad_L0_Good_L1,0.0
Bad_L0_Good_L1 (rho=0.0),Weight,0,30%,7,15,7C x 15K,40%,7,6,7C x 6K,70.0,0.0,0.0,0.0,99.04761904761905,0.0,0.0,0.0,70.0,0.0,0.0,0.0,Bad_L0_Good_L1,0.0
Bad_L0_Good_L1 (rho=0.0),Weight,0,30%,7,15,7C x 15K,50%,3,15,3C x 15K,63.33333333333333,0.0,0.0,0.0,99.04761904761905,0.0,0.0,0.0,63.33333333333333,0.0,0.0,0.0,Bad_L0_Good_L1,0.0
Bad_L0_Good_L1 (rho=0.0),Weight,0,30%,7,15,7C x 15K,50%,7,7,7C x 7K,73.33333333333333,0.0,0.0,0.0,99.04761904761905,0.0,0.0,0.0,73.33333333333333,0.0,0.0,0.0,Bad_L0_Good_L1,0.0
Bad_L0_Good_L1 (rho=0.0),Weight,0,30%,7,15,7C x 15K,60%,4,15,4C x 15K,70.0,0.0,0.0,0.0,99.04761904761905,0.0,0.0,0.0,70.0,0.0,0.0,0.0,Bad_L0_Good_L1,0.0
Bad_L0_Good_L1 (rho=0.0),Weight,0,30%,7,15,7C x 15K,60%,7,9,7C x 9K,76.66666666666667,0.0,0.0,0.0,99.04761904761905,0.0,0.0,0.0,76.66666666666667,0.0,0.0,0.0,Bad_L0_Good_L1,0.0
Bad_L0_Good_L1 (rho=0.0),Weight,0,30%,7,15,7C x 15K,70%,5,15,5C x 15K,76.66666666666667,0.0,0.0,0.0,99.04761904761905,0.0,0.0,0.0,76.66666666666667,0.0,0.0,0.0,Bad_L0_Good_L1,0.0
Bad_L0_Good_L1 (rho=0.0),Weight,0,30%,7,15,7C x 15K,70%,7,10,7C x 10K,76.66666666666667,0.0,0.0,0.0,99.04761904761905,0.0,0.0,0.0,76.66666666666667,0.0,0.0,0.0,Bad_L0_Good_L1,0.0
Bad_L0_Good_L1 (rho=0.0),Weight,0,30%,7,15,7C x 15K,80%,6,15,6C x 15K,76.66666666666667,0.0,0.0,0.0,99.04761904761905,0.0,0.0,0.0,76.66666666666667,0.0,0.0,0.0,Bad_L0_Good_L1,0.0
Bad_L0_Good_L1 (rho=0.0),Weight,0,30%,7,15,7C x 15K,80%,7,12,7C x 12K,76.66666666666667,0.0,0.0,0.0,99.04761904761905,0.0,0.0,0.0,76.66666666666667,0.0,0.0,0.0,Bad_L0_Good_L1,0.0
Bad_L0_Good_L1 (rho=0.0),Weight,0,30%,7,15,7C x 15K,90%,6,15,6C x 15K,76.66666666666667,0.0,0.0,0.0,99.04761904761905,0.0,0.0,0.0,76.66666666666667,0.0,0.0,0.0,Bad_L0_Good_L1,0.0
Bad_L0_Good_L1 (rho=0.0),Weight,0,30%,7,15,7C x 15K,90%,7,13,7C x 13K,76.66666666666667,0.0,0.0,0.0,99.04761904761905,0.0,0.0,0.0,76.66666666666667,0.0,0.0,0.0,Bad_L0_Good_L1,0.0
Bad_L0_Good_L1 (rho=0.0),Weight,0,30%,7,15,7C x 15K,100%,7,15,7C x 15K,50.0,0.0,0.0,0.0,48.57142857142857,0.0,0.0,0.0,50.0,0.0,0.0,0.0,Bad_L0_Good_L1,0.0
Bad_L0_Good_L1 (rho=0.0),Weight,0,40%,10,15,10C x 15K,10%,1,15,1C x 15K,56.666666666666664,0.0,0.0,0.0,99.33333333333333,0.0,0.0,0.0,56.666666666666664,0.0,0.0,0.0,Bad_L0_Good_L1,0.0
Bad_L0_Good_L1 (rho=0.0),Weight,0,40%,10,15,10C x 15K,10%,2,6,2C x 6K,36.666666666666664,0.0,0.0,0.0,99.33333333333333,0.0,0.0,0.0,36.666666666666664,0.0,0.0,0.0,Bad_L0_Good_L1,0.0
Bad_L0_Good_L1 (rho=0.0),Weight,0,40%,10,15,10C x 15K,20%,10,3,10C x 3K,63.33333333333333,0.0,0.0,0.0,99.33333333333333,0.0,0.0,0.0,63.33333333333333,0.0,0.0,0.0,Bad_L0_Good_L1,0.0
Bad_L0_Good_L1 (rho=0.0),Weight,0,40%,10,15,10C x 15K,20%,2,15,2C x 15K,63.33333333333333,0.0,0.0,0.0,99.33333333333333,0.0,0.0,0.0,63.33333333333333,0.0,0.0,0.0,Bad_L0_Good_L1,0.0
Bad_L0_Good_L1 (rho=0.0),Weight,0,40%,10,15,10C x 15K,30%,3,15,3C x 15K,66.66666666666666,0.0,0.0,0.0,99.33333333333333,0.0,0.0,0.0,66.66666666666666,0.0,0.0,0.0,Bad_L0_Good_L1,0.0
Bad_L0_Good_L1 (rho=0.0),Weight,0,40%,10,15,10C x 15K,30%,6,8,6C x 8K,66.66666666666666,0.0,0.0,0.0,99.33333333333333,0.0,0.0,0.0,66.66666666666666,0.0,0.0,0.0,Bad_L0_Good_L1,0.0
Bad_L0_Good_L1 (rho=0.0),Weight,0,40%,10,15,10C x 15K,40%,10,6,10C x 6K,73.33333333333333,0.0,0.0,0.0,99.33333333333333,0.0,0.0,0.0,73.33333333333333,0.0,0.0,0.0,Bad_L0_Good_L1,0.0
Bad_L0_Good_L1 (rho=0.0),Weight,0,40%,10,15,10C x 15K,40%,4,15,4C x 15K,70.0,0.0,0.0,0.0,99.33333333333333,0.0,0.0,0.0,70.0,0.0,0.0,0.0,Bad_L0_Good_L1,0.0
Bad_L0_Good_L1 (rho=0.0),Weight,0,40%,10,15,10C x 15K,50%,5,15,5C x 15K,70.0,0.0,0.0,0.0,99.33333333333333,0.0,0.0,0.0,70.0,0.0,0.0,0.0,Bad_L0_Good_L1,0.0
Bad_L0_Good_L1 (rho=0.0),Weight,0,40%,10,15,10C x 15K,50%,8,10,8C x 10K,70.0,0.0,0.0,0.0,99.33333333333333,0.0,0.0,0.0,70.0,0.0,0.0,0.0,Bad_L0_Good_L1,0.0
Bad_L0_Good_L1 (rho=0.0),Weight,0,40%,10,15,10C x 15K,60%,10,9,10C x 9K,76.66666666666667,0.0,0.0,0.0,99.33333333333333,0.0,0.0,0.0,76.66666666666667,0.0,0.0,0.0,Bad_L0_Good_L1,0.0
Bad_L0_Good_L1 (rho=0.0),Weight,0,40%,10,15,10C x 15K,60%,6,15,6C x 15K,73.33333333333333,0.0,0.0,0.0,99.33333333333333,0.0,0.0,0.0,73.33333333333333,0.0,0.0,0.0,Bad_L0_Good_L1,0.0
Bad_L0_Good_L1 (rho=0.0),Weight,0,40%,10,15,10C x 15K,70%,10,10,10C x 10K,80.0,0.0,0.0,0.0,99.33333333333333,0.0,0.0,0.0,80.0,0.0,0.0,0.0,Bad_L0_Good_L1,0.0
Bad_L0_Good_L1 (rho=0.0),Weight,0,40%,10,15,10C x 15K,70%,7,15,7C x 15K,73.33333333333333,0.0,0.0,0.0,99.33333333333333,0.0,0.0,0.0,73.33333333333333,0.0,0.0,0.0,Bad_L0_Good_L1,0.0
Bad_L0_Good_L1 (rho=0.0),Weight,0,40%,10,15,10C x 15K,80%,10,12,10C x 12K,76.66666666666667,0.0,0.0,0.0,99.33333333333333,0.0,0.0,0.0,76.66666666666667,0.0,0.0,0.0,Bad_L0_Good_L1,0.0
Bad_L0_Good_L1 (rho=0.0),Weight,0,40%,10,15,10C x 15K,80%,8,15,8C x 15K,76.66666666666667,0.0,0.0,0.0,99.33333333333333,0.0,0.0,0.0,76.66666666666667,0.0,0.0,0.0,Bad_L0_Good_L1,0.0
Bad_L0_Good_L1 (rho=0.0),Weight,0,40%,10,15,10C x 15K,90%,10,13,10C x 13K,76.66666666666667,0.0,0.0,0.0,99.33333333333333,0.0,0.0,0.0,76.66666666666667,0.0,0.0,0.0,Bad_L0_Good_L1,0.0
Bad_L0_Good_L1 (rho=0.0),Weight,0,40%,10,15,10C x 15K,90%,9,15,9C x 15K,80.0,0.0,0.0,0.0,99.33333333333333,0.0,0.0,0.0,80.0,0.0,0.0,0.0,Bad_L0_Good_L1,0.0
Bad_L0_Good_L1 (rho=0.0),Weight,0,40%,10,15,10C x 15K,100%,10,15,10C x 15K,50.0,0.0,0.0,0.0,48.333333333333336,0.0,0.0,0.0,50.0,0.0,0.0,0.0,Bad_L0_Good_L1,0.0
Bad_L0_Good_L1 (rho=0.0),Weight,0,40%,25,6,25C x 6K,10%,15,1,15C x 1K,50.0,0.0,0.0,0.0,65.33333333333333,0.0,0.0,0.0,50.0,0.0,0.0,0.0,Bad_L0_Good_L1,0.0
Bad_L0_Good_L1 (rho=0.0),Weight,0,40%,25,6,25C x 6K,10%,2,6,2C x 6K,40.0,0.0,0.0,0.0,65.33333333333333,0.0,0.0,0.0,40.0,0.0,0.0,0.0,Bad_L0_Good_L1,0.0
Bad_L0_Good_L1 (rho=0.0),Weight,0,40%,25,6,25C x 6K,20%,10,3,10C x 3K,56.666666666666664,0.0,0.0,0.0,65.33333333333333,0.0,0.0,0.0,56.666666666666664,0.0,0.0,0.0,Bad_L0_Good_L1,0.0
Bad_L0_Good_L1 (rho=0.0),Weight,0,40%,25,6,25C x 6K,20%,5,6,5C x 6K,56.666666666666664,0.0,0.0,0.0,65.33333333333333,0.0,0.0,0.0,56.666666666666664,0.0,0.0,0.0,Bad_L0_Good_L1,0.0
Bad_L0_Good_L1 (rho=0.0),Weight,0,40%,25,6,25C x 6K,30%,15,3,15C x 3K,63.33333333333333,0.0,0.0,0.0,65.33333333333333,0.0,0.0,0.0,63.33333333333333,0.0,0.0,0.0,Bad_L0_Good_L1,0.0
Bad_L0_Good_L1 (rho=0.0),Weight,0,40%,25,6,25C x 6K,30%,8,6,8C x 6K,60.0,0.0,0.0,0.0,65.33333333333333,0.0,0.0,0.0,60.0,0.0,0.0,0.0,Bad_L0_Good_L1,0.0
Bad_L0_Good_L1 (rho=0.0),Weight,0,40%,25,6,25C x 6K,40%,10,6,10C x 6K,60.0,0.0,0.0,0.0,65.33333333333333,0.0,0.0,0.0,60.0,0.0,0.0,0.0,Bad_L0_Good_L1,0.0
Bad_L0_Good_L1 (rho=0.0),Weight,0,40%,25,6,25C x 6K,40%,20,3,20C x 3K,63.33333333333333,0.0,0.0,0.0,65.33333333333333,0.0,0.0,0.0,63.33333333333333,0.0,0.0,0.0,Bad_L0_Good_L1,0.0
Bad_L0_Good_L1 (rho=0.0),Weight,0,40%,25,6,25C x 6K,50%,12,6,12C x 6K,66.66666666666666,0.0,0.0,0.0,65.33333333333333,0.0,0.0,0.0,66.66666666666666,0.0,0.0,0.0,Bad_L0_Good_L1,0.0
Bad_L0_Good_L1 (rho=0.0),Weight,0,40%,25,6,25C x 6K,50%,25,3,25C x 3K,70.0,0.0,0.0,0.0,65.33333333333333,0.0,0.0,0.0,70.0,0.0,0.0,0.0,Bad_L0_Good_L1,0.0
Bad_L0_Good_L1 (rho=0.0),Weight,0,40%,25,6,25C x 6K,60%,15,6,15C x 6K,66.66666666666666,0.0,0.0,0.0,65.33333333333333,0.0,0.0,0.0,66.66666666666666,0.0,0.0,0.0,Bad_L0_Good_L1,0.0
Bad_L0_Good_L1 (rho=0.0),Weight,0,40%,25,6,25C x 6K,60%,22,4,22C x 4K,70.0,0.0,0.0,0.0,65.33333333333333,0.0,0.0,0.0,70.0,0.0,0.0,0.0,Bad_L0_Good_L1,0.0
Bad_L0_Good_L1 (rho=0.0),Weight,0,40%,25,6,25C x 6K,70%,18,6,18C x 6K,66.66666666666666,0.0,0.0,0.0,65.33333333333333,0.0,0.0,0.0,66.66666666666666,0.0,0.0,0.0,Bad_L0_Good_L1,0.0
Bad_L0_Good_L1 (rho=0.0),Weight,0,40%,25,6,25C x 6K,70%,21,5,21C x 5K,66.66666666666666,0.0,0.0,0.0,65.33333333333333,0.0,0.0,0.0,66.66666666666666,0.0,0.0,0.0,Bad_L0_Good_L1,0.0
Bad_L0_Good_L1 (rho=0.0),Weight,0,40%,25,6,25C x 6K,80%,20,6,20C x 6K,63.33333333333333,0.0,0.0,0.0,65.33333333333333,0.0,0.0,0.0,63.33333333333333,0.0,0.0,0.0,Bad_L0_Good_L1,0.0
Bad_L0_Good_L1 (rho=0.0),Weight,0,40%,25,6,25C x 6K,80%,24,5,24C x 5K,76.66666666666667,0.0,0.0,0.0,65.33333333333333,0.0,0.0,0.0,76.66666666666667,0.0,0.0,0.0,Bad_L0_Good_L1,0.0
Bad_L0_Good_L1 (rho=0.0),Weight,0,40%,25,6,25C x 6K,90%,22,6,22C x 6K,50.0,0.0,0.0,0.0,27.46666666666667,0.0,0.0,0.0,50.0,0.0,0.0,0.0,Bad_L0_Good_L1,0.0
Bad_L0_Good_L1 (rho=0.0),Weight,0,40%,25,6,25C x 6K,100%,25,6,25C x 6K,50.0,0.0,0.0,0.0,27.46666666666667,0.0,0.0,0.0,50.0,0.0,0.0,0.0,Bad_L0_Good_L1,0.0
Bad_L0_Good_L1 (rho=0.0),Weight,0,50%,13,15,13C x 15K,10%,1,15,1C x 15K,66.66666666666666,0.0,0.0,0.0,99.23076923076923,0.0,0.0,0.0,66.66666666666666,0.0,0.0,0.0,Bad_L0_Good_L1,0.0
Bad_L0_Good_L1 (rho=0.0),Weight,0,50%,13,15,13C x 15K,10%,3,6,3C x 6K,70.0,0.0,0.0,0.0,99.23076923076923,0.0,0.0,0.0,70.0,0.0,0.0,0.0,Bad_L0_Good_L1,0.0
Bad_L0_Good_L1 (rho=0.0),Weight,0,50%,13,15,13C x 15K,20%,13,3,13C x 3K,60.0,0.0,0.0,0.0,99.23076923076923,0.0,0.0,0.0,60.0,0.0,0.0,0.0,Bad_L0_Good_L1,0.0
Bad_L0_Good_L1 (rho=0.0),Weight,0,50%,13,15,13C x 15K,20%,3,15,3C x 15K,70.0,0.0,0.0,0.0,99.23076923076923,0.0,0.0,0.0,70.0,0.0,0.0,0.0,Bad_L0_Good_L1,0.0
Bad_L0_Good_L1 (rho=0.0),Weight,0,50%,13,15,13C x 15K,30%,4,15,4C x 15K,73.33333333333333,0.0,0.0,0.0,99.23076923076923,0.0,0.0,0.0,73.33333333333333,0.0,0.0,0.0,Bad_L0_Good_L1,0.0
Bad_L0_Good_L1 (rho=0.0),Weight,0,50%,13,15,13C x 15K,30%,7,8,7C x 8K,70.0,0.0,0.0,0.0,99.23076923076923,0.0,0.0,0.0,70.0,0.0,0.0,0.0,Bad_L0_Good_L1,0.0
Bad_L0_Good_L1 (rho=0.0),Weight,0,50%,13,15,13C x 15K,40%,13,6,13C x 6K,66.66666666666666,0.0,0.0,0.0,99.23076923076923,0.0,0.0,0.0,66.66666666666666,0.0,0.0,0.0,Bad_L0_Good_L1,0.0
Bad_L0_Good_L1 (rho=0.0),Weight,0,50%,13,15,13C x 15K,40%,5,15,5C x 15K,70.0,0.0,0.0,0.0,99.23076923076923,0.0,0.0,0.0,70.0,0.0,0.0,0.0,Bad_L0_Good_L1,0.0
Bad_L0_Good_L1 (rho=0.0),Weight,0,50%,13,15,13C x 15K,50%,10,10,10C x 10K,76.66666666666667,0.0,0.0,0.0,99.23076923076923,0.0,0.0,0.0,76.66666666666667,0.0,0.0,0.0,Bad_L0_Good_L1,0.0
Bad_L0_Good_L1 (rho=0.0),Weight,0,50%,13,15,13C x 15K,50%,7,15,7C x 15K,76.66666666666667,0.0,0.0,0.0,99.23076923076923,0.0,0.0,0.0,76.66666666666667,0.0,0.0,0.0,Bad_L0_Good_L1,0.0
Bad_L0_Good_L1 (rho=0.0),Weight,0,50%,13,15,13C x 15K,60%,13,9,13C x 9K,70.0,0.0,0.0,0.0,99.23076923076923,0.0,0.0,0.0,70.0,0.0,0.0,0.0,Bad_L0_Good_L1,0.0
Bad_L0_Good_L1 (rho=0.0),Weight,0,50%,13,15,13C x 15K,60%,8,15,8C x 15K,73.33333333333333,0.0,0.0,0.0,99.23076923076923,0.0,0.0,0.0,73.33333333333333,0.0,0.0,0.0,Bad_L0_Good_L1,0.0
Bad_L0_Good_L1 (rho=0.0),Weight,0,50%,13,15,13C x 15K,70%,11,12,11C x 12K,73.33333333333333,0.0,0.0,0.0,99.23076923076923,0.0,0.0,0.0,73.33333333333333,0.0,0.0,0.0,Bad_L0_Good_L1,0.0
Bad_L0_Good_L1 (rho=0.0),Weight,0,50%,13,15,13C x 15K,70%,9,15,9C x 15K,76.66666666666667,0.0,0.0,0.0,99.23076923076923,0.0,0.0,0.0,76.66666666666667,0.0,0.0,0.0,Bad_L0_Good_L1,0.0
Bad_L0_Good_L1 (rho=0.0),Weight,0,50%,13,15,13C x 15K,80%,10,15,10C x 15K,73.33333333333333,0.0,0.0,0.0,99.23076923076923,0.0,0.0,0.0,73.33333333333333,0.0,0.0,0.0,Bad_L0_Good_L1,0.0
Bad_L0_Good_L1 (rho=0.0),Weight,0,50%,13,15,13C x 15K,80%,13,12,13C x 12K,73.33333333333333,0.0,0.0,0.0,99.23076923076923,0.0,0.0,0.0,73.33333333333333,0.0,0.0,0.0,Bad_L0_Good_L1,0.0
Bad_L0_Good_L1 (rho=0.0),Weight,0,50%,13,15,13C x 15K,90%,12,15,12C x 15K,76.66666666666667,0.0,0.0,0.0,99.23076923076923,0.0,0.0,0.0,76.66666666666667,0.0,0.0,0.0,Bad_L0_Good_L1,0.0
Bad_L0_Good_L1 (rho=0.0),Weight,0,50%,13,15,13C x 15K,90%,13,14,13C x 14K,76.66666666666667,0.0,0.0,0.0,99.23076923076923,0.0,0.0,0.0,76.66666666666667,0.0,0.0,0.0,Bad_L0_Good_L1,0.0
Bad_L0_Good_L1 (rho=0.0),Weight,0,50%,13,15,13C x 15K,100%,13,15,13C x 15K,50.0,0.0,0.0,0.0,48.205128205128204,0.0,0.0,0.0,50.0,0.0,0.0,0.0,Bad_L0_Good_L1,0.0
Bad_L0_Good_L1 (rho=0.0),Weight,0,50%,19,10,19C x 10K,10%,19,1,19C x 1K,50.0,0.0,0.0,0.0,76.66666666666667,0.0,0.0,0.0,50.0,0.0,0.0,0.0,Bad_L0_Good_L1,0.0
Bad_L0_Good_L1 (rho=0.0),Weight,0,50%,19,10,19C x 10K,10%,2,10,2C x 10K,63.33333333333333,0.0,0.0,0.0,76.66666666666667,0.0,0.0,0.0,63.33333333333333,0.0,0.0,0.0,Bad_L0_Good_L1,0.0
Bad_L0_Good_L1 (rho=0.0),Weight,0,50%,19,10,19C x 10K,20%,19,2,19C x 2K,50.0,0.0,0.0,0.0,76.66666666666667,0.0,0.0,0.0,50.0,0.0,0.0,0.0,Bad_L0_Good_L1,0.0
Bad_L0_Good_L1 (rho=0.0),Weight,0,50%,19,10,19C x 10K,20%,4,10,4C x 10K,60.0,0.0,0.0,0.0,76.66666666666667,0.0,0.0,0.0,60.0,0.0,0.0,0.0,Bad_L0_Good_L1,0.0
Bad_L0_Good_L1 (rho=0.0),Weight,0,50%,19,10,19C x 10K,30%,19,3,19C x 3K,53.333333333333336,0.0,0.0,0.0,76.66666666666667,0.0,0.0,0.0,53.333333333333336,0.0,0.0,0.0,Bad_L0_Good_L1,0.0
Bad_L0_Good_L1 (rho=0.0),Weight,0,50%,19,10,19C x 10K,30%,6,10,6C x 10K,66.66666666666666,0.0,0.0,0.0,76.66666666666667,0.0,0.0,0.0,66.66666666666666,0.0,0.0,0.0,Bad_L0_Good_L1,0.0
Bad_L0_Good_L1 (rho=0.0),Weight,0,50%,19,10,19C x 10K,40%,19,4,19C x 4K,60.0,0.0,0.0,0.0,76.66666666666667,0.0,0.0,0.0,60.0,0.0,0.0,0.0,Bad_L0_Good_L1,0.0
Bad_L0_Good_L1 (rho=0.0),Weight,0,50%,19,10,19C x 10K,40%,8,10,8C x 10K,66.66666666666666,0.0,0.0,0.0,76.66666666666667,0.0,0.0,0.0,66.66666666666666,0.0,0.0,0.0,Bad_L0_Good_L1,0.0
Bad_L0_Good_L1 (rho=0.0),Weight,0,50%,19,10,19C x 10K,50%,10,10,10C x 10K,66.66666666666666,0.0,0.0,0.0,76.66666666666667,0.0,0.0,0.0,66.66666666666666,0.0,0.0,0.0,Bad_L0_Good_L1,0.0
Bad_L0_Good_L1 (rho=0.0),Weight,0,50%,19,10,19C x 10K,50%,19,5,19C x 5K,70.0,0.0,0.0,0.0,76.66666666666667,0.0,0.0,0.0,70.0,0.0,0.0,0.0,Bad_L0_Good_L1,0.0
Bad_L0_Good_L1 (rho=0.0),Weight,0,50%,19,10,19C x 10K,60%,11,10,11C x 10K,66.66666666666666,0.0,0.0,0.0,76.66666666666667,0.0,0.0,0.0,66.66666666666666,0.0,0.0,0.0,Bad_L0_Good_L1,0.0
Bad_L0_Good_L1 (rho=0.0),Weight,0,50%,19,10,19C x 10K,60%,19,6,19C x 6K,73.33333333333333,0.0,0.0,0.0,76.66666666666667,0.0,0.0,0.0,73.33333333333333,0.0,0.0,0.0,Bad_L0_Good_L1,0.0
Bad_L0_Good_L1 (rho=0.0),Weight,0,50%,19,10,19C x 10K,70%,13,10,13C x 10K,66.66666666666666,0.0,0.0,0.0,76.66666666666667,0.0,0.0,0.0,66.66666666666666,0.0,0.0,0.0,Bad_L0_Good_L1,0.0
Bad_L0_Good_L1 (rho=0.0),Weight,0,50%,19,10,19C x 10K,70%,19,7,19C x 7K,73.33333333333333,0.0,0.0,0.0,76.66666666666667,0.0,0.0,0.0,73.33333333333333,0.0,0.0,0.0,Bad_L0_Good_L1,0.0
Bad_L0_Good_L1 (rho=0.0),Weight,0,50%,19,10,19C x 10K,80%,15,10,15C x 10K,66.66666666666666,0.0,0.0,0.0,76.66666666666667,0.0,0.0,0.0,66.66666666666666,0.0,0.0,0.0,Bad_L0_Good_L1,0.0
Bad_L0_Good_L1 (rho=0.0),Weight,0,50%,19,10,19C x 10K,80%,19,8,19C x 8K,73.33333333333333,0.0,0.0,0.0,76.66666666666667,0.0,0.0,0.0,73.33333333333333,0.0,0.0,0.0,Bad_L0_Good_L1,0.0
Bad_L0_Good_L1 (rho=0.0),Weight,0,50%,19,10,19C x 10K,90%,17,10,17C x 10K,70.0,0.0,0.0,0.0,76.66666666666667,0.0,0.0,0.0,70.0,0.0,0.0,0.0,Bad_L0_Good_L1,0.0
Bad_L0_Good_L1 (rho=0.0),Weight,0,50%,19,10,19C x 10K,90%,19,9,19C x 9K,73.33333333333333,0.0,0.0,0.0,76.66666666666667,0.0,0.0,0.0,73.33333333333333,0.0,0.0,0.0,Bad_L0_Good_L1,0.0
Bad_L0_Good_L1 (rho=0.0),Weight,0,50%,19,10,19C x 10K,100%,19,10,19C x 10K,50.0,0.0,0.0,0.0,31.75438596491228,0.0,0.0,0.0,50.0,0.0,0.0,0.0,Bad_L0_Good_L1,0.0
Bad_L0_Good_L1 (rho=0.0),Weight,0,60%,15,15,15C x 15K,10%,1,15,1C x 15K,63.33333333333333,0.0,0.0,0.0,98.66666666666667,0.0,0.0,0.0,63.33333333333333,0.0,0.0,0.0,Bad_L0_Good_L1,0.0
Bad_L0_Good_L1 (rho=0.0),Weight,0,60%,15,15,15C x 15K,10%,4,6,4C x 6K,53.333333333333336,0.0,0.0,0.0,98.66666666666667,0.0,0.0,0.0,53.333333333333336,0.0,0.0,0.0,Bad_L0_Good_L1,0.0
Bad_L0_Good_L1 (rho=0.0),Weight,0,60%,15,15,15C x 15K,20%,15,3,15C x 3K,70.0,0.0,0.0,0.0,98.66666666666667,0.0,0.0,0.0,70.0,0.0,0.0,0.0,Bad_L0_Good_L1,0.0
Bad_L0_Good_L1 (rho=0.0),Weight,0,60%,15,15,15C x 15K,20%,3,15,3C x 15K,76.66666666666667,0.0,0.0,0.0,98.66666666666667,0.0,0.0,0.0,76.66666666666667,0.0,0.0,0.0,Bad_L0_Good_L1,0.0
Bad_L0_Good_L1 (rho=0.0),Weight,0,60%,15,15,15C x 15K,30%,5,15,5C x 15K,76.66666666666667,0.0,0.0,0.0,98.66666666666667,0.0,0.0,0.0,76.66666666666667,0.0,0.0,0.0,Bad_L0_Good_L1,0.0
Bad_L0_Good_L1 (rho=0.0),Weight,0,60%,15,15,15C x 15K,30%,8,8,8C x 8K,70.0,0.0,0.0,0.0,98.66666666666667,0.0,0.0,0.0,70.0,0.0,0.0,0.0,Bad_L0_Good_L1,0.0
Bad_L0_Good_L1 (rho=0.0),Weight,0,60%,15,15,15C x 15K,40%,15,6,15C x 6K,70.0,0.0,0.0,0.0,98.66666666666667,0.0,0.0,0.0,70.0,0.0,0.0,0.0,Bad_L0_Good_L1,0.0
Bad_L0_Good_L1 (rho=0.0),Weight,0,60%,15,15,15C x 15K,40%,6,15,6C x 15K,80.0,0.0,0.0,0.0,98.66666666666667,0.0,0.0,0.0,80.0,0.0,0.0,0.0,Bad_L0_Good_L1,0.0
Bad_L0_Good_L1 (rho=0.0),Weight,0,60%,15,15,15C x 15K,50%,11,10,11C x 10K,86.66666666666667,0.0,0.0,0.0,98.66666666666667,0.0,0.0,0.0,86.66666666666667,0.0,0.0,0.0,Bad_L0_Good_L1,0.0
Bad_L0_Good_L1 (rho=0.0),Weight,0,60%,15,15,15C x 15K,50%,7,15,7C x 15K,80.0,0.0,0.0,0.0,98.66666666666667,0.0,0.0,0.0,80.0,0.0,0.0,0.0,Bad_L0_Good_L1,0.0
Bad_L0_Good_L1 (rho=0.0),Weight,0,60%,15,15,15C x 15K,60%,15,9,15C x 9K,76.66666666666667,0.0,0.0,0.0,98.66666666666667,0.0,0.0,0.0,76.66666666666667,0.0,0.0,0.0,Bad_L0_Good_L1,0.0
Bad_L0_Good_L1 (rho=0.0),Weight,0,60%,15,15,15C x 15K,60%,9,15,9C x 15K,80.0,0.0,0.0,0.0,98.66666666666667,0.0,0.0,0.0,80.0,0.0,0.0,0.0,Bad_L0_Good_L1,0.0
Bad_L0_Good_L1 (rho=0.0),Weight,0,60%,15,15,15C x 15K,70%,11,15,11C x 15K,86.66666666666667,0.0,0.0,0.0,98.66666666666667,0.0,0.0,0.0,86.66666666666667,0.0,0.0,0.0,Bad_L0_Good_L1,0.0
Bad_L0_Good_L1 (rho=0.0),Weight,0,60%,15,15,15C x 15K,70%,13,12,13C x 12K,80.0,0.0,0.0,0.0,98.66666666666667,0.0,0.0,0.0,80.0,0.0,0.0,0.0,Bad_L0_Good_L1,0.0
Bad_L0_Good_L1 (rho=0.0),Weight,0,60%,15,15,15C x 15K,80%,12,15,12C x 15K,83.33333333333334,0.0,0.0,0.0,98.66666666666667,0.0,0.0,0.0,83.33333333333334,0.0,0.0,0.0,Bad_L0_Good_L1,0.0
Bad_L0_Good_L1 (rho=0.0),Weight,0,60%,15,15,15C x 15K,80%,15,12,15C x 12K,86.66666666666667,0.0,0.0,0.0,98.66666666666667,0.0,0.0,0.0,86.66666666666667,0.0,0.0,0.0,Bad_L0_Good_L1,0.0
Bad_L0_Good_L1 (rho=0.0),Weight,0,60%,15,15,15C x 15K,90%,13,15,13C x 15K,83.33333333333334,0.0,0.0,0.0,98.66666666666667,0.0,0.0,0.0,83.33333333333334,0.0,0.0,0.0,Bad_L0_Good_L1,0.0
Bad_L0_Good_L1 (rho=0.0),Weight,0,60%,15,15,15C x 15K,90%,14,14,14C x 14K,80.0,0.0,0.0,0.0,98.66666666666667,0.0,0.0,0.0,80.0,0.0,0.0,0.0,Bad_L0_Good_L1,0.0
Bad_L0_Good_L1 (rho=0.0),Weight,0,60%,15,15,15C x 15K,100%,15,15,15C x 15K,50.0,0.0,0.0,0.0,48.44444444444444,0.0,0.0,0.0,50.0,0.0,0.0,0.0,Bad_L0_Good_L1,0.0
Bad_L0_Good_L1 (rho=0.0),Weight,0,60%,25,9,25C x 9K,10%,22,1,22C x 1K,46.666666666666664,0.0,0.0,0.0,75.33333333333333,0.0,0.0,0.0,46.666666666666664,0.0,0.0,0.0,Bad_L0_Good_L1,0.0
Bad_L0_Good_L1 (rho=0.0),Weight,0,60%,25,9,25C x 9K,10%,2,9,2C x 9K,56.666666666666664,0.0,0.0,0.0,75.33333333333333,0.0,0.0,0.0,56.666666666666664,0.0,0.0,0.0,Bad_L0_Good_L1,0.0
Bad_L0_Good_L1 (rho=0.0),Weight,0,60%,25,9,25C x 9K,20%,11,4,11C x 4K,60.0,0.0,0.0,0.0,75.33333333333333,0.0,0.0,0.0,60.0,0.0,0.0,0.0,Bad_L0_Good_L1,0.0
Bad_L0_Good_L1 (rho=0.0),Weight,0,60%,25,9,25C x 9K,20%,5,9,5C x 9K,60.0,0.0,0.0,0.0,75.33333333333333,0.0,0.0,0.0,60.0,0.0,0.0,0.0,Bad_L0_Good_L1,0.0
Bad_L0_Good_L1 (rho=0.0),Weight,0,60%,25,9,25C x 9K,30%,17,4,17C x 4K,63.33333333333333,0.0,0.0,0.0,75.33333333333333,0.0,0.0,0.0,63.33333333333333,0.0,0.0,0.0,Bad_L0_Good_L1,0.0
Bad_L0_Good_L1 (rho=0.0),Weight,0,60%,25,9,25C x 9K,30%,8,9,8C x 9K,60.0,0.0,0.0,0.0,75.33333333333333,0.0,0.0,0.0,60.0,0.0,0.0,0.0,Bad_L0_Good_L1,0.0
Bad_L0_Good_L1 (rho=0.0),Weight,0,60%,25,9,25C x 9K,40%,10,9,10C x 9K,60.0,0.0,0.0,0.0,75.33333333333333,0.0,0.0,0.0,60.0,0.0,0.0,0.0,Bad_L0_Good_L1,0.0
Bad_L0_Good_L1 (rho=0.0),Weight,0,60%,25,9,25C x 9K,40%,18,5,18C x 5K,70.0,0.0,0.0,0.0,75.33333333333333,0.0,0.0,0.0,70.0,0.0,0.0,0.0,Bad_L0_Good_L1,0.0
Bad_L0_Good_L1 (rho=0.0),Weight,0,60%,25,9,25C x 9K,50%,12,9,12C x 9K,66.66666666666666,0.0,0.0,0.0,75.33333333333333,0.0,0.0,0.0,66.66666666666666,0.0,0.0,0.0,Bad_L0_Good_L1,0.0
Bad_L0_Good_L1 (rho=0.0),Weight,0,60%,25,9,25C x 9K,50%,19,6,19C x 6K,66.66666666666666,0.0,0.0,0.0,75.33333333333333,0.0,0.0,0.0,66.66666666666666,0.0,0.0,0.0,Bad_L0_Good_L1,0.0
Bad_L0_Good_L1 (rho=0.0),Weight,0,60%,25,9,25C x 9K,60%,15,9,15C x 9K,66.66666666666666,0.0,0.0,0.0,75.33333333333333,0.0,0.0,0.0,66.66666666666666,0.0,0.0,0.0,Bad_L0_Good_L1,0.0
Bad_L0_Good_L1 (rho=0.0),Weight,0,60%,25,9,25C x 9K,60%,22,6,22C x 6K,76.66666666666667,0.0,0.0,0.0,75.33333333333333,0.0,0.0,0.0,76.66666666666667,0.0,0.0,0.0,Bad_L0_Good_L1,0.0
Bad_L0_Good_L1 (rho=0.0),Weight,0,60%,25,9,25C x 9K,70%,18,9,18C x 9K,70.0,0.0,0.0,0.0,75.33333333333333,0.0,0.0,0.0,70.0,0.0,0.0,0.0,Bad_L0_Good_L1,0.0
Bad_L0_Good_L1 (rho=0.0),Weight,0,60%,25,9,25C x 9K,70%,23,7,23C x 7K,76.66666666666667,0.0,0.0,0.0,75.33333333333333,0.0,0.0,0.0,76.66666666666667,0.0,0.0,0.0,Bad_L0_Good_L1,0.0
Bad_L0_Good_L1 (rho=0.0),Weight,0,60%,25,9,25C x 9K,80%,20,9,20C x 9K,70.0,0.0,0.0,0.0,75.33333333333333,0.0,0.0,0.0,70.0,0.0,0.0,0.0,Bad_L0_Good_L1,0.0
Bad_L0_Good_L1 (rho=0.0),Weight,0,60%,25,9,25C x 9K,80%,22,8,22C x 8K,76.66666666666667,0.0,0.0,0.0,75.33333333333333,0.0,0.0,0.0,76.66666666666667,0.0,0.0,0.0,Bad_L0_Good_L1,0.0
Bad_L0_Good_L1 (rho=0.0),Weight,0,60%,25,9,25C x 9K,90%,22,9,22C x 9K,73.33333333333333,0.0,0.0,0.0,75.33333333333333,0.0,0.0,0.0,73.33333333333333,0.0,0.0,0.0,Bad_L0_Good_L1,0.0
Bad_L0_Good_L1 (rho=0.0),Weight,0,60%,25,9,25C x 9K,90%,25,8,25C x 8K,76.66666666666667,0.0,0.0,0.0,75.33333333333333,0.0,0.0,0.0,76.66666666666667,0.0,0.0,0.0,Bad_L0_Good_L1,0.0
Bad_L0_Good_L1 (rho=0.0),Weight,0,60%,25,9,25C x 9K,100%,25,9,25C x 9K,50.0,0.0,0.0,0.0,32.93333333333333,0.0,0.0,0.0,50.0,0.0,0.0,0.0,Bad_L0_Good_L1,0.0
Bad_L0_Good_L1 (rho=0.0),Weight,0,70%,17,15,17C x 15K,10%,2,15,2C x 15K,70.0,0.0,0.0,0.0,99.2156862745098,0.0,0.0,0.0,70.0,0.0,0.0,0.0,Bad_L0_Good_L1,0.0
Bad_L0_Good_L1 (rho=0.0),Weight,0,70%,17,15,17C x 15K,10%,4,6,4C x 6K,50.0,0.0,0.0,0.0,99.2156862745098,0.0,0.0,0.0,50.0,0.0,0.0,0.0,Bad_L0_Good_L1,0.0
Bad_L0_Good_L1 (rho=0.0),Weight,0,70%,17,15,17C x 15K,20%,17,3,17C x 3K,76.66666666666667,0.0,0.0,0.0,99.2156862745098,0.0,0.0,0.0,76.66666666666667,0.0,0.0,0.0,Bad_L0_Good_L1,0.0
Bad_L0_Good_L1 (rho=0.0),Weight,0,70%,17,15,17C x 15K,20%,3,15,3C x 15K,66.66666666666666,0.0,0.0,0.0,99.2156862745098,0.0,0.0,0.0,66.66666666666666,0.0,0.0,0.0,Bad_L0_Good_L1,0.0
Bad_L0_Good_L1 (rho=0.0),Weight,0,70%,17,15,17C x 15K,30%,10,8,10C x 8K,63.33333333333333,0.0,0.0,0.0,99.2156862745098,0.0,0.0,0.0,63.33333333333333,0.0,0.0,0.0,Bad_L0_Good_L1,0.0
Bad_L0_Good_L1 (rho=0.0),Weight,0,70%,17,15,17C x 15K,30%,5,15,5C x 15K,66.66666666666666,0.0,0.0,0.0,99.2156862745098,0.0,0.0,0.0,66.66666666666666,0.0,0.0,0.0,Bad_L0_Good_L1,0.0
Bad_L0_Good_L1 (rho=0.0),Weight,0,70%,17,15,17C x 15K,40%,17,6,17C x 6K,73.33333333333333,0.0,0.0,0.0,99.2156862745098,0.0,0.0,0.0,73.33333333333333,0.0,0.0,0.0,Bad_L0_Good_L1,0.0
Bad_L0_Good_L1 (rho=0.0),Weight,0,70%,17,15,17C x 15K,40%,7,15,7C x 15K,83.33333333333334,0.0,0.0,0.0,99.2156862745098,0.0,0.0,0.0,83.33333333333334,0.0,0.0,0.0,Bad_L0_Good_L1,0.0
Bad_L0_Good_L1 (rho=0.0),Weight,0,70%,17,15,17C x 15K,50%,13,10,13C x 10K,83.33333333333334,0.0,0.0,0.0,99.2156862745098,0.0,0.0,0.0,83.33333333333334,0.0,0.0,0.0,Bad_L0_Good_L1,0.0
Bad_L0_Good_L1 (rho=0.0),Weight,0,70%,17,15,17C x 15K,50%,9,15,9C x 15K,83.33333333333334,0.0,0.0,0.0,99.2156862745098,0.0,0.0,0.0,83.33333333333334,0.0,0.0,0.0,Bad_L0_Good_L1,0.0
Bad_L0_Good_L1 (rho=0.0),Weight,0,70%,17,15,17C x 15K,60%,10,15,10C x 15K,80.0,0.0,0.0,0.0,99.2156862745098,0.0,0.0,0.0,80.0,0.0,0.0,0.0,Bad_L0_Good_L1,0.0
Bad_L0_Good_L1 (rho=0.0),Weight,0,70%,17,15,17C x 15K,60%,17,9,17C x 9K,73.33333333333333,0.0,0.0,0.0,99.2156862745098,0.0,0.0,0.0,73.33333333333333,0.0,0.0,0.0,Bad_L0_Good_L1,0.0
Bad_L0_Good_L1 (rho=0.0),Weight,0,70%,17,15,17C x 15K,70%,12,15,12C x 15K,83.33333333333334,0.0,0.0,0.0,99.2156862745098,0.0,0.0,0.0,83.33333333333334,0.0,0.0,0.0,Bad_L0_Good_L1,0.0
Bad_L0_Good_L1 (rho=0.0),Weight,0,70%,17,15,17C x 15K,70%,15,12,15C x 12K,80.0,0.0,0.0,0.0,99.2156862745098,0.0,0.0,0.0,80.0,0.0,0.0,0.0,Bad_L0_Good_L1,0.0
Bad_L0_Good_L1 (rho=0.0),Weight,0,70%,17,15,17C x 15K,80%,14,15,14C x 15K,83.33333333333334,0.0,0.0,0.0,99.2156862745098,0.0,0.0,0.0,83.33333333333334,0.0,0.0,0.0,Bad_L0_Good_L1,0.0
Bad_L0_Good_L1 (rho=0.0),Weight,0,70%,17,15,17C x 15K,80%,17,12,17C x 12K,80.0,0.0,0.0,0.0,99.2156862745098,0.0,0.0,0.0,80.0,0.0,0.0,0.0,Bad_L0_Good_L1,0.0
Bad_L0_Good_L1 (rho=0.0),Weight,0,70%,17,15,17C x 15K,90%,15,15,15C x 15K,80.0,0.0,0.0,0.0,99.2156862745098,0.0,0.0,0.0,80.0,0.0,0.0,0.0,Bad_L0_Good_L1,0.0
Bad_L0_Good_L1 (rho=0.0),Weight,0,70%,17,15,17C x 15K,90%,16,14,16C x 14K,83.33333333333334,0.0,0.0,0.0,99.2156862745098,0.0,0.0,0.0,83.33333333333334,0.0,0.0,0.0,Bad_L0_Good_L1,0.0
Bad_L0_Good_L1 (rho=0.0),Weight,0,70%,17,15,17C x 15K,100%,17,15,17C x 15K,50.0,0.0,0.0,0.0,48.627450980392155,0.0,0.0,0.0,50.0,0.0,0.0,0.0,Bad_L0_Good_L1,0.0
Bad_L0_Good_L1 (rho=0.0),Weight,0,70%,22,12,22C x 12K,10%,2,12,2C x 12K,66.66666666666666,0.0,0.0,0.0,82.27272727272728,0.0,0.0,0.0,66.66666666666666,0.0,0.0,0.0,Bad_L0_Good_L1,0.0
Bad_L0_Good_L1 (rho=0.0),Weight,0,70%,22,12,22C x 12K,10%,5,5,5C x 5K,63.33333333333333,0.0,0.0,0.0,82.27272727272728,0.0,0.0,0.0,63.33333333333333,0.0,0.0,0.0,Bad_L0_Good_L1,0.0
Bad_L0_Good_L1 (rho=0.0),Weight,0,70%,22,12,22C x 12K,20%,11,5,11C x 5K,66.66666666666666,0.0,0.0,0.0,82.27272727272728,0.0,0.0,0.0,66.66666666666666,0.0,0.0,0.0,Bad_L0_Good_L1,0.0
Bad_L0_Good_L1 (rho=0.0),Weight,0,70%,22,12,22C x 12K,20%,4,12,4C x 12K,73.33333333333333,0.0,0.0,0.0,82.27272727272728,0.0,0.0,0.0,73.33333333333333,0.0,0.0,0.0,Bad_L0_Good_L1,0.0
Bad_L0_Good_L1 (rho=0.0),Weight,0,70%,22,12,22C x 12K,30%,13,6,13C x 6K,76.66666666666667,0.0,0.0,0.0,82.27272727272728,0.0,0.0,0.0,76.66666666666667,0.0,0.0,0.0,Bad_L0_Good_L1,0.0
Bad_L0_Good_L1 (rho=0.0),Weight,0,70%,22,12,22C x 12K,30%,7,12,7C x 12K,80.0,0.0,0.0,0.0,82.27272727272728,0.0,0.0,0.0,80.0,0.0,0.0,0.0,Bad_L0_Good_L1,0.0
Bad_L0_Good_L1 (rho=0.0),Weight,0,70%,22,12,22C x 12K,40%,15,7,15C x 7K,66.66666666666666,0.0,0.0,0.0,82.27272727272728,0.0,0.0,0.0,66.66666666666666,0.0,0.0,0.0,Bad_L0_Good_L1,0.0
Bad_L0_Good_L1 (rho=0.0),Weight,0,70%,22,12,22C x 12K,40%,9,12,9C x 12K,70.0,0.0,0.0,0.0,82.27272727272728,0.0,0.0,0.0,70.0,0.0,0.0,0.0,Bad_L0_Good_L1,0.0
Bad_L0_Good_L1 (rho=0.0),Weight,0,70%,22,12,22C x 12K,50%,11,12,11C x 12K,73.33333333333333,0.0,0.0,0.0,82.27272727272728,0.0,0.0,0.0,73.33333333333333,0.0,0.0,0.0,Bad_L0_Good_L1,0.0
Bad_L0_Good_L1 (rho=0.0),Weight,0,70%,22,12,22C x 12K,50%,22,6,22C x 6K,70.0,0.0,0.0,0.0,82.27272727272728,0.0,0.0,0.0,70.0,0.0,0.0,0.0,Bad_L0_Good_L1,0.0
Bad_L0_Good_L1 (rho=0.0),Weight,0,70%,22,12,22C x 12K,60%,13,12,13C x 12K,70.0,0.0,0.0,0.0,82.27272727272728,0.0,0.0,0.0,70.0,0.0,0.0,0.0,Bad_L0_Good_L1,0.0
Bad_L0_Good_L1 (rho=0.0),Weight,0,70%,22,12,22C x 12K,60%,18,9,18C x 9K,70.0,0.0,0.0,0.0,82.27272727272728,0.0,0.0,0.0,70.0,0.0,0.0,0.0,Bad_L0_Good_L1,0.0
Bad_L0_Good_L1 (rho=0.0),Weight,0,70%,22,12,22C x 12K,70%,15,12,15C x 12K,70.0,0.0,0.0,0.0,82.27272727272728,0.0,0.0,0.0,70.0,0.0,0.0,0.0,Bad_L0_Good_L1,0.0
Bad_L0_Good_L1 (rho=0.0),Weight,0,70%,22,12,22C x 12K,70%,21,9,21C x 9K,76.66666666666667,0.0,0.0,0.0,82.27272727272728,0.0,0.0,0.0,76.66666666666667,0.0,0.0,0.0,Bad_L0_Good_L1,0.0
Bad_L0_Good_L1 (rho=0.0),Weight,0,70%,22,12,22C x 12K,80%,18,12,18C x 12K,73.33333333333333,0.0,0.0,0.0,82.27272727272728,0.0,0.0,0.0,73.33333333333333,0.0,0.0,0.0,Bad_L0_Good_L1,0.0
Bad_L0_Good_L1 (rho=0.0),Weight,0,70%,22,12,22C x 12K,80%,21,10,21C x 10K,73.33333333333333,0.0,0.0,0.0,82.27272727272728,0.0,0.0,0.0,73.33333333333333,0.0,0.0,0.0,Bad_L0_Good_L1,0.0
Bad_L0_Good_L1 (rho=0.0),Weight,0,70%,22,12,22C x 12K,90%,20,12,20C x 12K,76.66666666666667,0.0,0.0,0.0,82.27272727272728,0.0,0.0,0.0,76.66666666666667,0.0,0.0,0.0,Bad_L0_Good_L1,0.0
Bad_L0_Good_L1 (rho=0.0),Weight,0,70%,22,12,22C x 12K,90%,22,11,22C x 11K,73.33333333333333,0.0,0.0,0.0,82.27272727272728,0.0,0.0,0.0,73.33333333333333,0.0,0.0,0.0,Bad_L0_Good_L1,0.0
Bad_L0_Good_L1 (rho=0.0),Weight,0,70%,22,12,22C x 12K,100%,22,12,22C x 12K,50.0,0.0,0.0,0.0,36.81818181818181,0.0,0.0,0.0,50.0,0.0,0.0,0.0,Bad_L0_Good_L1,0.0
Bad_L0_Good_L1 (rho=0.0),Weight,0,80%,20,15,20C x 15K,10%,2,15,2C x 15K,63.33333333333333,0.0,0.0,0.0,99.0,0.0,0.0,0.0,63.33333333333333,0.0,0.0,0.0,Bad_L0_Good_L1,0.0
Bad_L0_Good_L1 (rho=0.0),Weight,0,80%,20,15,20C x 15K,10%,5,6,5C x 6K,60.0,0.0,0.0,0.0,99.0,0.0,0.0,0.0,60.0,0.0,0.0,0.0,Bad_L0_Good_L1,0.0
Bad_L0_Good_L1 (rho=0.0),Weight,0,80%,20,15,20C x 15K,20%,20,3,20C x 3K,70.0,0.0,0.0,0.0,99.0,0.0,0.0,0.0,70.0,0.0,0.0,0.0,Bad_L0_Good_L1,0.0
Bad_L0_Good_L1 (rho=0.0),Weight,0,80%,20,15,20C x 15K,20%,4,15,4C x 15K,66.66666666666666,0.0,0.0,0.0,99.0,0.0,0.0,0.0,66.66666666666666,0.0,0.0,0.0,Bad_L0_Good_L1,0.0
Bad_L0_Good_L1 (rho=0.0),Weight,0,80%,20,15,20C x 15K,30%,11,8,11C x 8K,73.33333333333333,0.0,0.0,0.0,99.0,0.0,0.0,0.0,73.33333333333333,0.0,0.0,0.0,Bad_L0_Good_L1,0.0
Bad_L0_Good_L1 (rho=0.0),Weight,0,80%,20,15,20C x 15K,30%,6,15,6C x 15K,66.66666666666666,0.0,0.0,0.0,99.0,0.0,0.0,0.0,66.66666666666666,0.0,0.0,0.0,Bad_L0_Good_L1,0.0
Bad_L0_Good_L1 (rho=0.0),Weight,0,80%,20,15,20C x 15K,40%,20,6,20C x 6K,80.0,0.0,0.0,0.0,99.0,0.0,0.0,0.0,80.0,0.0,0.0,0.0,Bad_L0_Good_L1,0.0
Bad_L0_Good_L1 (rho=0.0),Weight,0,80%,20,15,20C x 15K,40%,8,15,8C x 15K,73.33333333333333,0.0,0.0,0.0,99.0,0.0,0.0,0.0,73.33333333333333,0.0,0.0,0.0,Bad_L0_Good_L1,0.0
Bad_L0_Good_L1 (rho=0.0),Weight,0,80%,20,15,20C x 15K,50%,10,15,10C x 15K,76.66666666666667,0.0,0.0,0.0,99.0,0.0,0.0,0.0,76.66666666666667,0.0,0.0,0.0,Bad_L0_Good_L1,0.0
Bad_L0_Good_L1 (rho=0.0),Weight,0,80%,20,15,20C x 15K,50%,15,10,15C x 10K,73.33333333333333,0.0,0.0,0.0,99.0,0.0,0.0,0.0,73.33333333333333,0.0,0.0,0.0,Bad_L0_Good_L1,0.0
Bad_L0_Good_L1 (rho=0.0),Weight,0,80%,20,15,20C x 15K,60%,12,15,12C x 15K,83.33333333333334,0.0,0.0,0.0,99.0,0.0,0.0,0.0,83.33333333333334,0.0,0.0,0.0,Bad_L0_Good_L1,0.0
Bad_L0_Good_L1 (rho=0.0),Weight,0,80%,20,15,20C x 15K,60%,20,9,20C x 9K,83.33333333333334,0.0,0.0,0.0,99.0,0.0,0.0,0.0,83.33333333333334,0.0,0.0,0.0,Bad_L0_Good_L1,0.0
Bad_L0_Good_L1 (rho=0.0),Weight,0,80%,20,15,20C x 15K,70%,14,15,14C x 15K,76.66666666666667,0.0,0.0,0.0,99.0,0.0,0.0,0.0,76.66666666666667,0.0,0.0,0.0,Bad_L0_Good_L1,0.0
Bad_L0_Good_L1 (rho=0.0),Weight,0,80%,20,15,20C x 15K,70%,18,12,18C x 12K,83.33333333333334,0.0,0.0,0.0,99.0,0.0,0.0,0.0,83.33333333333334,0.0,0.0,0.0,Bad_L0_Good_L1,0.0
Bad_L0_Good_L1 (rho=0.0),Weight,0,80%,20,15,20C x 15K,80%,16,15,16C x 15K,76.66666666666667,0.0,0.0,0.0,99.0,0.0,0.0,0.0,76.66666666666667,0.0,0.0,0.0,Bad_L0_Good_L1,0.0
Bad_L0_Good_L1 (rho=0.0),Weight,0,80%,20,15,20C x 15K,80%,20,12,20C x 12K,80.0,0.0,0.0,0.0,99.0,0.0,0.0,0.0,80.0,0.0,0.0,0.0,Bad_L0_Good_L1,0.0
Bad_L0_Good_L1 (rho=0.0),Weight,0,80%,20,15,20C x 15K,90%,18,15,18C x 15K,80.0,0.0,0.0,0.0,99.0,0.0,0.0,0.0,80.0,0.0,0.0,0.0,Bad_L0_Good_L1,0.0
Bad_L0_Good_L1 (rho=0.0),Weight,0,80%,20,15,20C x 15K,90%,19,14,19C x 14K,80.0,0.0,0.0,0.0,99.0,0.0,0.0,0.0,80.0,0.0,0.0,0.0,Bad_L0_Good_L1,0.0
Bad_L0_Good_L1 (rho=0.0),Weight,0,80%,20,15,20C x 15K,100%,20,15,20C x 15K,50.0,0.0,0.0,0.0,48.833333333333336,0.0,0.0,0.0,50.0,0.0,0.0,0.0,Bad_L0_Good_L1,0.0
Bad_L0_Good_L1 (rho=0.0),Weight,0,80%,25,12,25C x 12K,10%,2,12,2C x 12K,60.0,0.0,0.0,0.0,83.6,0.0,0.0,0.0,60.0,0.0,0.0,0.0,Bad_L0_Good_L1,0.0
Bad_L0_Good_L1 (rho=0.0),Weight,0,80%,25,12,25C x 12K,10%,6,5,6C x 5K,50.0,0.0,0.0,0.0,83.6,0.0,0.0,0.0,50.0,0.0,0.0,0.0,Bad_L0_Good_L1,0.0
Bad_L0_Good_L1 (rho=0.0),Weight,0,80%,25,12,25C x 12K,20%,12,5,12C x 5K,56.666666666666664,0.0,0.0,0.0,83.6,0.0,0.0,0.0,56.666666666666664,0.0,0.0,0.0,Bad_L0_Good_L1,0.0
Bad_L0_Good_L1 (rho=0.0),Weight,0,80%,25,12,25C x 12K,20%,5,12,5C x 12K,56.666666666666664,0.0,0.0,0.0,83.6,0.0,0.0,0.0,56.666666666666664,0.0,0.0,0.0,Bad_L0_Good_L1,0.0
Bad_L0_Good_L1 (rho=0.0),Weight,0,80%,25,12,25C x 12K,30%,15,6,15C x 6K,60.0,0.0,0.0,0.0,83.6,0.0,0.0,0.0,60.0,0.0,0.0,0.0,Bad_L0_Good_L1,0.0
Bad_L0_Good_L1 (rho=0.0),Weight,0,80%,25,12,25C x 12K,30%,8,12,8C x 12K,63.33333333333333,0.0,0.0,0.0,83.6,0.0,0.0,0.0,63.33333333333333,0.0,0.0,0.0,Bad_L0_Good_L1,0.0
Bad_L0_Good_L1 (rho=0.0),Weight,0,80%,25,12,25C x 12K,40%,10,12,10C x 12K,63.33333333333333,0.0,0.0,0.0,83.6,0.0,0.0,0.0,63.33333333333333,0.0,0.0,0.0,Bad_L0_Good_L1,0.0
Bad_L0_Good_L1 (rho=0.0),Weight,0,80%,25,12,25C x 12K,40%,17,7,17C x 7K,76.66666666666667,0.0,0.0,0.0,83.6,0.0,0.0,0.0,76.66666666666667,0.0,0.0,0.0,Bad_L0_Good_L1,0.0
Bad_L0_Good_L1 (rho=0.0),Weight,0,80%,25,12,25C x 12K,50%,12,12,12C x 12K,70.0,0.0,0.0,0.0,83.6,0.0,0.0,0.0,70.0,0.0,0.0,0.0,Bad_L0_Good_L1,0.0
Bad_L0_Good_L1 (rho=0.0),Weight,0,80%,25,12,25C x 12K,50%,25,6,25C x 6K,73.33333333333333,0.0,0.0,0.0,83.6,0.0,0.0,0.0,73.33333333333333,0.0,0.0,0.0,Bad_L0_Good_L1,0.0
Bad_L0_Good_L1 (rho=0.0),Weight,0,80%,25,12,25C x 12K,60%,15,12,15C x 12K,70.0,0.0,0.0,0.0,83.6,0.0,0.0,0.0,70.0,0.0,0.0,0.0,Bad_L0_Good_L1,0.0
Bad_L0_Good_L1 (rho=0.0),Weight,0,80%,25,12,25C x 12K,60%,20,9,20C x 9K,73.33333333333333,0.0,0.0,0.0,83.6,0.0,0.0,0.0,73.33333333333333,0.0,0.0,0.0,Bad_L0_Good_L1,0.0
Bad_L0_Good_L1 (rho=0.0),Weight,0,80%,25,12,25C x 12K,70%,18,12,18C x 12K,76.66666666666667,0.0,0.0,0.0,83.6,0.0,0.0,0.0,76.66666666666667,0.0,0.0,0.0,Bad_L0_Good_L1,0.0
Bad_L0_Good_L1 (rho=0.0),Weight,0,80%,25,12,25C x 12K,70%,23,9,23C x 9K,70.0,0.0,0.0,0.0,83.6,0.0,0.0,0.0,70.0,0.0,0.0,0.0,Bad_L0_Good_L1,0.0
Bad_L0_Good_L1 (rho=0.0),Weight,0,80%,25,12,25C x 12K,80%,20,12,20C x 12K,73.33333333333333,0.0,0.0,0.0,83.6,0.0,0.0,0.0,73.33333333333333,0.0,0.0,0.0,Bad_L0_Good_L1,0.0
Bad_L0_Good_L1 (rho=0.0),Weight,0,80%,25,12,25C x 12K,80%,24,10,24C x 10K,80.0,0.0,0.0,0.0,83.6,0.0,0.0,0.0,80.0,0.0,0.0,0.0,Bad_L0_Good_L1,0.0
Bad_L0_Good_L1 (rho=0.0),Weight,0,80%,25,12,25C x 12K,90%,22,12,22C x 12K,76.66666666666667,0.0,0.0,0.0,83.6,0.0,0.0,0.0,76.66666666666667,0.0,0.0,0.0,Bad_L0_Good_L1,0.0
Bad_L0_Good_L1 (rho=0.0),Weight,0,80%,25,12,25C x 12K,90%,25,11,25C x 11K,80.0,0.0,0.0,0.0,83.6,0.0,0.0,0.0,80.0,0.0,0.0,0.0,Bad_L0_Good_L1,0.0
Bad_L0_Good_L1 (rho=0.0),Weight,0,80%,25,12,25C x 12K,100%,25,12,25C x 12K,50.0,0.0,0.0,0.0,36.266666666666666,0.0,0.0,0.0,50.0,0.0,0.0,0.0,Bad_L0_Good_L1,0.0
Bad_L0_Good_L1 (rho=0.0),Weight,0,90%,23,15,23C x 15K,10%,2,15,2C x 15K,66.66666666666666,0.0,0.0,0.0,98.98550724637681,0.0,0.0,0.0,66.66666666666666,0.0,0.0,0.0,Bad_L0_Good_L1,0.0
Bad_L0_Good_L1 (rho=0.0),Weight,0,90%,23,15,23C x 15K,10%,6,6,6C x 6K,56.666666666666664,0.0,0.0,0.0,98.98550724637681,0.0,0.0,0.0,56.666666666666664,0.0,0.0,0.0,Bad_L0_Good_L1,0.0
Bad_L0_Good_L1 (rho=0.0),Weight,0,90%,23,15,23C x 15K,20%,23,3,23C x 3K,70.0,0.0,0.0,0.0,98.98550724637681,0.0,0.0,0.0,70.0,0.0,0.0,0.0,Bad_L0_Good_L1,0.0
Bad_L0_Good_L1 (rho=0.0),Weight,0,90%,23,15,23C x 15K,20%,5,15,5C x 15K,66.66666666666666,0.0,0.0,0.0,98.98550724637681,0.0,0.0,0.0,66.66666666666666,0.0,0.0,0.0,Bad_L0_Good_L1,0.0
Bad_L0_Good_L1 (rho=0.0),Weight,0,90%,23,15,23C x 15K,30%,13,8,13C x 8K,70.0,0.0,0.0,0.0,98.98550724637681,0.0,0.0,0.0,70.0,0.0,0.0,0.0,Bad_L0_Good_L1,0.0
Bad_L0_Good_L1 (rho=0.0),Weight,0,90%,23,15,23C x 15K,30%,7,15,7C x 15K,70.0,0.0,0.0,0.0,98.98550724637681,0.0,0.0,0.0,70.0,0.0,0.0,0.0,Bad_L0_Good_L1,0.0
Bad_L0_Good_L1 (rho=0.0),Weight,0,90%,23,15,23C x 15K,40%,23,6,23C x 6K,70.0,0.0,0.0,0.0,98.98550724637681,0.0,0.0,0.0,70.0,0.0,0.0,0.0,Bad_L0_Good_L1,0.0
Bad_L0_Good_L1 (rho=0.0),Weight,0,90%,23,15,23C x 15K,40%,9,15,9C x 15K,76.66666666666667,0.0,0.0,0.0,98.98550724637681,0.0,0.0,0.0,76.66666666666667,0.0,0.0,0.0,Bad_L0_Good_L1,0.0
Bad_L0_Good_L1 (rho=0.0),Weight,0,90%,23,15,23C x 15K,50%,11,15,11C x 15K,73.33333333333333,0.0,0.0,0.0,98.98550724637681,0.0,0.0,0.0,73.33333333333333,0.0,0.0,0.0,Bad_L0_Good_L1,0.0
Bad_L0_Good_L1 (rho=0.0),Weight,0,90%,23,15,23C x 15K,50%,17,10,17C x 10K,80.0,0.0,0.0,0.0,98.98550724637681,0.0,0.0,0.0,80.0,0.0,0.0,0.0,Bad_L0_Good_L1,0.0
Bad_L0_Good_L1 (rho=0.0),Weight,0,90%,23,15,23C x 15K,60%,14,15,14C x 15K,76.66666666666667,0.0,0.0,0.0,98.98550724637681,0.0,0.0,0.0,76.66666666666667,0.0,0.0,0.0,Bad_L0_Good_L1,0.0
Bad_L0_Good_L1 (rho=0.0),Weight,0,90%,23,15,23C x 15K,60%,23,9,23C x 9K,76.66666666666667,0.0,0.0,0.0,98.98550724637681,0.0,0.0,0.0,76.66666666666667,0.0,0.0,0.0,Bad_L0_Good_L1,0.0
Bad_L0_Good_L1 (rho=0.0),Weight,0,90%,23,15,23C x 15K,70%,16,15,16C x 15K,76.66666666666667,0.0,0.0,0.0,98.98550724637681,0.0,0.0,0.0,76.66666666666667,0.0,0.0,0.0,Bad_L0_Good_L1,0.0
Bad_L0_Good_L1 (rho=0.0),Weight,0,90%,23,15,23C x 15K,70%,20,12,20C x 12K,83.33333333333334,0.0,0.0,0.0,98.98550724637681,0.0,0.0,0.0,83.33333333333334,0.0,0.0,0.0,Bad_L0_Good_L1,0.0
Bad_L0_Good_L1 (rho=0.0),Weight,0,90%,23,15,23C x 15K,80%,18,15,18C x 15K,80.0,0.0,0.0,0.0,98.98550724637681,0.0,0.0,0.0,80.0,0.0,0.0,0.0,Bad_L0_Good_L1,0.0
Bad_L0_Good_L1 (rho=0.0),Weight,0,90%,23,15,23C x 15K,80%,23,12,23C x 12K,80.0,0.0,0.0,0.0,98.98550724637681,0.0,0.0,0.0,80.0,0.0,0.0,0.0,Bad_L0_Good_L1,0.0
Bad_L0_Good_L1 (rho=0.0),Weight,0,90%,23,15,23C x 15K,90%,21,15,21C x 15K,83.33333333333334,0.0,0.0,0.0,98.98550724637681,0.0,0.0,0.0,83.33333333333334,0.0,0.0,0.0,Bad_L0_Good_L1,0.0
Bad_L0_Good_L1 (rho=0.0),Weight,0,90%,23,15,23C x 15K,90%,22,14,22C x 14K,83.33333333333334,0.0,0.0,0.0,98.98550724637681,0.0,0.0,0.0,83.33333333333334,0.0,0.0,0.0,Bad_L0_Good_L1,0.0
Bad_L0_Good_L1 (rho=0.0),Weight,0,90%,23,15,23C x 15K,100%,23,15,23C x 15K,50.0,0.0,0.0,0.0,48.84057971014493,0.0,0.0,0.0,50.0,0.0,0.0,0.0,Bad_L0_Good_L1,0.0
Bad_L0_Good_L1 (rho=0.0),Weight,0,90%,24,14,24C x 14K,10%,2,14,2C x 14K,66.66666666666666,0.0,0.0,0.0,91.80555555555556,0.0,0.0,0.0,66.66666666666666,0.0,0.0,0.0,Bad_L0_Good_L1,0.0
Bad_L0_Good_L1 (rho=0.0),Weight,0,90%,24,14,24C x 14K,10%,7,5,7C x 5K,70.0,0.0,0.0,0.0,91.80555555555556,0.0,0.0,0.0,70.0,0.0,0.0,0.0,Bad_L0_Good_L1,0.0
Bad_L0_Good_L1 (rho=0.0),Weight,0,90%,24,14,24C x 14K,20%,11,6,11C x 6K,66.66666666666666,0.0,0.0,0.0,91.80555555555556,0.0,0.0,0.0,66.66666666666666,0.0,0.0,0.0,Bad_L0_Good_L1,0.0
Bad_L0_Good_L1 (rho=0.0),Weight,0,90%,24,14,24C x 14K,20%,5,14,5C x 14K,76.66666666666667,0.0,0.0,0.0,91.80555555555556,0.0,0.0,0.0,76.66666666666667,0.0,0.0,0.0,Bad_L0_Good_L1,0.0
Bad_L0_Good_L1 (rho=0.0),Weight,0,90%,24,14,24C x 14K,30%,14,7,14C x 7K,73.33333333333333,0.0,0.0,0.0,91.80555555555556,0.0,0.0,0.0,73.33333333333333,0.0,0.0,0.0,Bad_L0_Good_L1,0.0
Bad_L0_Good_L1 (rho=0.0),Weight,0,90%,24,14,24C x 14K,30%,7,14,7C x 14K,83.33333333333334,0.0,0.0,0.0,91.80555555555556,0.0,0.0,0.0,83.33333333333334,0.0,0.0,0.0,Bad_L0_Good_L1,0.0
Bad_L0_Good_L1 (rho=0.0),Weight,0,90%,24,14,24C x 14K,40%,10,14,10C x 14K,80.0,0.0,0.0,0.0,91.80555555555556,0.0,0.0,0.0,80.0,0.0,0.0,0.0,Bad_L0_Good_L1,0.0
Bad_L0_Good_L1 (rho=0.0),Weight,0,90%,24,14,24C x 14K,40%,17,8,17C x 8K,76.66666666666667,0.0,0.0,0.0,91.80555555555556,0.0,0.0,0.0,76.66666666666667,0.0,0.0,0.0,Bad_L0_Good_L1,0.0
Bad_L0_Good_L1 (rho=0.0),Weight,0,90%,24,14,24C x 14K,50%,12,14,12C x 14K,83.33333333333334,0.0,0.0,0.0,91.80555555555556,0.0,0.0,0.0,83.33333333333334,0.0,0.0,0.0,Bad_L0_Good_L1,0.0
Bad_L0_Good_L1 (rho=0.0),Weight,0,90%,24,14,24C x 14K,50%,24,7,24C x 7K,63.33333333333333,0.0,0.0,0.0,91.80555555555556,0.0,0.0,0.0,63.33333333333333,0.0,0.0,0.0,Bad_L0_Good_L1,0.0
Bad_L0_Good_L1 (rho=0.0),Weight,0,90%,24,14,24C x 14K,60%,14,14,14C x 14K,80.0,0.0,0.0,0.0,91.80555555555556,0.0,0.0,0.0,80.0,0.0,0.0,0.0,Bad_L0_Good_L1,0.0
Bad_L0_Good_L1 (rho=0.0),Weight,0,90%,24,14,24C x 14K,60%,20,10,20C x 10K,83.33333333333334,0.0,0.0,0.0,91.80555555555556,0.0,0.0,0.0,83.33333333333334,0.0,0.0,0.0,Bad_L0_Good_L1,0.0
Bad_L0_Good_L1 (rho=0.0),Weight,0,90%,24,14,24C x 14K,70%,17,14,17C x 14K,76.66666666666667,0.0,0.0,0.0,91.80555555555556,0.0,0.0,0.0,76.66666666666667,0.0,0.0,0.0,Bad_L0_Good_L1,0.0
Bad_L0_Good_L1 (rho=0.0),Weight,0,90%,24,14,24C x 14K,70%,21,11,21C x 11K,76.66666666666667,0.0,0.0,0.0,91.80555555555556,0.0,0.0,0.0,76.66666666666667,0.0,0.0,0.0,Bad_L0_Good_L1,0.0
Bad_L0_Good_L1 (rho=0.0),Weight,0,90%,24,14,24C x 14K,80%,19,14,19C x 14K,80.0,0.0,0.0,0.0,91.80555555555556,0.0,0.0,0.0,80.0,0.0,0.0,0.0,Bad_L0_Good_L1,0.0
Bad_L0_Good_L1 (rho=0.0),Weight,0,90%,24,14,24C x 14K,80%,24,11,24C x 11K,76.66666666666667,0.0,0.0,0.0,91.80555555555556,0.0,0.0,0.0,76.66666666666667,0.0,0.0,0.0,Bad_L0_Good_L1,0.0
Bad_L0_Good_L1 (rho=0.0),Weight,0,90%,24,14,24C x 14K,90%,22,14,22C x 14K,80.0,0.0,0.0,0.0,91.80555555555556,0.0,0.0,0.0,80.0,0.0,0.0,0.0,Bad_L0_Good_L1,0.0
Bad_L0_Good_L1 (rho=0.0),Weight,0,90%,24,14,24C x 14K,90%,23,13,23C x 13K,83.33333333333334,0.0,0.0,0.0,91.80555555555556,0.0,0.0,0.0,83.33333333333334,0.0,0.0,0.0,Bad_L0_Good_L1,0.0
Bad_L0_Good_L1 (rho=0.0),Weight,0,90%,24,14,24C x 14K,100%,24,14,24C x 14K,50.0,0.0,0.0,0.0,42.77777777777778,0.0,0.0,0.0,50.0,0.0,0.0,0.0,Bad_L0_Good_L1,0.0
Bad_L0_Good_L1 (rho=0.0),Weight,0,100%,25,15,25C x 15K,10%,3,15,3C x 15K,50.0,0.0,0.0,0.0,48.93333333333334,0.0,0.0,0.0,50.0,0.0,0.0,0.0,Bad_L0_Good_L1,0.0
Bad_L0_Good_L1 (rho=0.0),Weight,0,100%,25,15,25C x 15K,10%,6,6,6C x 6K,46.666666666666664,0.0,0.0,0.0,48.93333333333334,0.0,0.0,0.0,46.666666666666664,0.0,0.0,0.0,Bad_L0_Good_L1,0.0
Bad_L0_Good_L1 (rho=0.0),Weight,0,100%,25,15,25C x 15K,20%,25,3,25C x 3K,50.0,0.0,0.0,0.0,48.93333333333334,0.0,0.0,0.0,50.0,0.0,0.0,0.0,Bad_L0_Good_L1,0.0
Bad_L0_Good_L1 (rho=0.0),Weight,0,100%,25,15,25C x 15K,20%,5,15,5C x 15K,50.0,0.0,0.0,0.0,48.93333333333334,0.0,0.0,0.0,50.0,0.0,0.0,0.0,Bad_L0_Good_L1,0.0
Bad_L0_Good_L1 (rho=0.0),Weight,0,100%,25,15,25C x 15K,30%,14,8,14C x 8K,50.0,0.0,0.0,0.0,48.93333333333334,0.0,0.0,0.0,50.0,0.0,0.0,0.0,Bad_L0_Good_L1,0.0
Bad_L0_Good_L1 (rho=0.0),Weight,0,100%,25,15,25C x 15K,30%,7,15,7C x 15K,50.0,0.0,0.0,0.0,48.93333333333334,0.0,0.0,0.0,50.0,0.0,0.0,0.0,Bad_L0_Good_L1,0.0
Bad_L0_Good_L1 (rho=0.0),Weight,0,100%,25,15,25C x 15K,40%,10,15,10C x 15K,50.0,0.0,0.0,0.0,48.93333333333334,0.0,0.0,0.0,50.0,0.0,0.0,0.0,Bad_L0_Good_L1,0.0
Bad_L0_Good_L1 (rho=0.0),Weight,0,100%,25,15,25C x 15K,40%,25,6,25C x 6K,50.0,0.0,0.0,0.0,48.93333333333334,0.0,0.0,0.0,50.0,0.0,0.0,0.0,Bad_L0_Good_L1,0.0
Bad_L0_Good_L1 (rho=0.0),Weight,0,100%,25,15,25C x 15K,50%,13,15,13C x 15K,50.0,0.0,0.0,0.0,48.93333333333334,0.0,0.0,0.0,50.0,0.0,0.0,0.0,Bad_L0_Good_L1,0.0
Bad_L0_Good_L1 (rho=0.0),Weight,0,100%,25,15,25C x 15K,50%,19,10,19C x 10K,50.0,0.0,0.0,0.0,48.93333333333334,0.0,0.0,0.0,50.0,0.0,0.0,0.0,Bad_L0_Good_L1,0.0
Bad_L0_Good_L1 (rho=0.0),Weight,0,100%,25,15,25C x 15K,60%,15,15,15C x 15K,50.0,0.0,0.0,0.0,48.93333333333334,0.0,0.0,0.0,50.0,0.0,0.0,0.0,Bad_L0_Good_L1,0.0
Bad_L0_Good_L1 (rho=0.0),Weight,0,100%,25,15,25C x 15K,60%,25,9,25C x 9K,50.0,0.0,0.0,0.0,48.93333333333334,0.0,0.0,0.0,50.0,0.0,0.0,0.0,Bad_L0_Good_L1,0.0
Bad_L0_Good_L1 (rho=0.0),Weight,0,100%,25,15,25C x 15K,70%,17,15,17C x 15K,50.0,0.0,0.0,0.0,48.93333333333334,0.0,0.0,0.0,50.0,0.0,0.0,0.0,Bad_L0_Good_L1,0.0
Bad_L0_Good_L1 (rho=0.0),Weight,0,100%,25,15,25C x 15K,70%,22,12,22C x 12K,50.0,0.0,0.0,0.0,48.93333333333334,0.0,0.0,0.0,50.0,0.0,0.0,0.0,Bad_L0_Good_L1,0.0
Bad_L0_Good_L1 (rho=0.0),Weight,0,100%,25,15,25C x 15K,80%,20,15,20C x 15K,50.0,0.0,0.0,0.0,48.93333333333334,0.0,0.0,0.0,50.0,0.0,0.0,0.0,Bad_L0_Good_L1,0.0
Bad_L0_Good_L1 (rho=0.0),Weight,0,100%,25,15,25C x 15K,80%,25,12,25C x 12K,50.0,0.0,0.0,0.0,48.93333333333334,0.0,0.0,0.0,50.0,0.0,0.0,0.0,Bad_L0_Good_L1,0.0
Bad_L0_Good_L1 (rho=0.0),Weight,0,100%,25,15,25C x 15K,90%,23,15,23C x 15K,50.0,0.0,0.0,0.0,48.93333333333334,0.0,0.0,0.0,50.0,0.0,0.0,0.0,Bad_L0_Good_L1,0.0
Bad_L0_Good_L1 (rho=0.0),Weight,0,100%,25,15,25C x 15K,90%,24,14,24C x 14K,50.0,0.0,0.0,0.0,48.93333333333334,0.0,0.0,0.0,50.0,0.0,0.0,0.0,Bad_L0_Good_L1,0.0
Bad_L0_Good_L1 (rho=0.0),Weight,0,100%,25,15,25C x 15K,100%,25,15,25C x 15K,26.666666666666668,0.0,0.0,0.0,24.4,0.0,0.0,0.0,26.666666666666668,0.0,0.0,0.0,Bad_L0_Good_L1,0.0
Good_L0_Bad_L1 (rho=0.0),Height,0,10%,3,15,3C x 15K,10%,1,4,1C x 4K,23.333333333333332,0.0,0.0,0.0,31.11111111111111,0.0,0.0,0.0,23.333333333333332,0.0,0.0,0.0,Good_L0_Bad_L1,0.0
Good_L0_Bad_L1 (rho=0.0),Height,0,10%,3,15,3C x 15K,10%,2,2,2C x 2K,46.666666666666664,0.0,0.0,0.0,31.11111111111111,0.0,0.0,0.0,46.666666666666664,0.0,0.0,0.0,Good_L0_Bad_L1,0.0
Good_L0_Bad_L1 (rho=0.0),Height,0,10%,3,15,3C x 15K,20%,1,9,1C x 9K,43.333333333333336,0.0,0.0,0.0,31.11111111111111,0.0,0.0,0.0,43.333333333333336,0.0,0.0,0.0,Good_L0_Bad_L1,0.0
Good_L0_Bad_L1 (rho=0.0),Height,0,10%,3,15,3C x 15K,20%,3,3,3C x 3K,43.333333333333336,0.0,0.0,0.0,31.11111111111111,0.0,0.0,0.0,43.333333333333336,0.0,0.0,0.0,Good_L0_Bad_L1,0.0
Good_L0_Bad_L1 (rho=0.0),Height,0,10%,3,15,3C x 15K,30%,1,14,1C x 14K,43.333333333333336,0.0,0.0,0.0,31.11111111111111,0.0,0.0,0.0,43.333333333333336,0.0,0.0,0.0,Good_L0_Bad_L1,0.0
Good_L0_Bad_L1 (rho=0.0),Height,0,10%,3,15,3C x 15K,30%,2,7,2C x 7K,40.0,0.0,0.0,0.0,31.11111111111111,0.0,0.0,0.0,40.0,0.0,0.0,0.0,Good_L0_Bad_L1,0.0
Good_L0_Bad_L1 (rho=0.0),Height,0,10%,3,15,3C x 15K,40%,1,15,1C x 15K,46.666666666666664,0.0,0.0,0.0,31.11111111111111,0.0,0.0,0.0,46.666666666666664,0.0,0.0,0.0,Good_L0_Bad_L1,0.0
Good_L0_Bad_L1 (rho=0.0),Height,0,10%,3,15,3C x 15K,40%,3,6,3C x 6K,36.666666666666664,0.0,0.0,0.0,31.11111111111111,0.0,0.0,0.0,36.666666666666664,0.0,0.0,0.0,Good_L0_Bad_L1,0.0
Good_L0_Bad_L1 (rho=0.0),Height,0,10%,3,15,3C x 15K,50%,1,15,1C x 15K,46.666666666666664,0.0,0.0,0.0,31.11111111111111,0.0,0.0,0.0,46.666666666666664,0.0,0.0,0.0,Good_L0_Bad_L1,0.0
Good_L0_Bad_L1 (rho=0.0),Height,0,10%,3,15,3C x 15K,50%,3,7,3C x 7K,46.666666666666664,0.0,0.0,0.0,31.11111111111111,0.0,0.0,0.0,46.666666666666664,0.0,0.0,0.0,Good_L0_Bad_L1,0.0
Good_L0_Bad_L1 (rho=0.0),Height,0,10%,3,15,3C x 15K,60%,2,15,2C x 15K,33.33333333333333,0.0,0.0,0.0,31.11111111111111,0.0,0.0,0.0,33.33333333333333,0.0,0.0,0.0,Good_L0_Bad_L1,0.0
Good_L0_Bad_L1 (rho=0.0),Height,0,10%,3,15,3C x 15K,60%,3,9,3C x 9K,40.0,0.0,0.0,0.0,31.11111111111111,0.0,0.0,0.0,40.0,0.0,0.0,0.0,Good_L0_Bad_L1,0.0
Good_L0_Bad_L1 (rho=0.0),Height,0,10%,3,15,3C x 15K,70%,2,15,2C x 15K,33.33333333333333,0.0,0.0,0.0,31.11111111111111,0.0,0.0,0.0,33.33333333333333,0.0,0.0,0.0,Good_L0_Bad_L1,0.0
Good_L0_Bad_L1 (rho=0.0),Height,0,10%,3,15,3C x 15K,70%,3,10,3C x 10K,40.0,0.0,0.0,0.0,31.11111111111111,0.0,0.0,0.0,40.0,0.0,0.0,0.0,Good_L0_Bad_L1,0.0
Good_L0_Bad_L1 (rho=0.0),Height,0,10%,3,15,3C x 15K,80%,2,15,2C x 15K,33.33333333333333,0.0,0.0,0.0,31.11111111111111,0.0,0.0,0.0,33.33333333333333,0.0,0.0,0.0,Good_L0_Bad_L1,0.0
Good_L0_Bad_L1 (rho=0.0),Height,0,10%,3,15,3C x 15K,80%,3,12,3C x 12K,43.333333333333336,0.0,0.0,0.0,31.11111111111111,0.0,0.0,0.0,43.333333333333336,0.0,0.0,0.0,Good_L0_Bad_L1,0.0
Good_L0_Bad_L1 (rho=0.0),Height,0,10%,3,15,3C x 15K,90%,3,13,3C x 13K,43.333333333333336,0.0,0.0,0.0,31.11111111111111,0.0,0.0,0.0,43.333333333333336,0.0,0.0,0.0,Good_L0_Bad_L1,0.0
Good_L0_Bad_L1 (rho=0.0),Height,0,10%,3,15,3C x 15K,90%,3,15,3C x 15K,36.666666666666664,0.0,0.0,0.0,31.11111111111111,0.0,0.0,0.0,36.666666666666664,0.0,0.0,0.0,Good_L0_Bad_L1,0.0
Good_L0_Bad_L1 (rho=0.0),Height,0,10%,3,15,3C x 15K,100%,3,15,3C x 15K,10.0,0.0,0.0,0.0,8.88888888888889,0.0,0.0,0.0,10.0,0.0,0.0,0.0,Good_L0_Bad_L1,0.0
Good_L0_Bad_L1 (rho=0.0),Height,0,10%,6,6,6C x 6K,10%,1,4,1C x 4K,30.0,0.0,0.0,0.0,36.11111111111111,0.0,0.0,0.0,30.0,0.0,0.0,0.0,Good_L0_Bad_L1,0.0
Good_L0_Bad_L1 (rho=0.0),Height,0,10%,6,6,6C x 6K,10%,4,1,4C x 1K,40.0,0.0,0.0,0.0,36.11111111111111,0.0,0.0,0.0,40.0,0.0,0.0,0.0,Good_L0_Bad_L1,0.0
Good_L0_Bad_L1 (rho=0.0),Height,0,10%,6,6,6C x 6K,20%,1,6,1C x 6K,26.666666666666668,0.0,0.0,0.0,36.11111111111111,0.0,0.0,0.0,26.666666666666668,0.0,0.0,0.0,Good_L0_Bad_L1,0.0
Good_L0_Bad_L1 (rho=0.0),Height,0,10%,6,6,6C x 6K,20%,2,3,2C x 3K,26.666666666666668,0.0,0.0,0.0,36.11111111111111,0.0,0.0,0.0,26.666666666666668,0.0,0.0,0.0,Good_L0_Bad_L1,0.0
Good_L0_Bad_L1 (rho=0.0),Height,0,10%,6,6,6C x 6K,30%,2,6,2C x 6K,30.0,0.0,0.0,0.0,36.11111111111111,0.0,0.0,0.0,30.0,0.0,0.0,0.0,Good_L0_Bad_L1,0.0
Good_L0_Bad_L1 (rho=0.0),Height,0,10%,6,6,6C x 6K,30%,4,3,4C x 3K,36.666666666666664,0.0,0.0,0.0,36.11111111111111,0.0,0.0,0.0,36.666666666666664,0.0,0.0,0.0,Good_L0_Bad_L1,0.0
Good_L0_Bad_L1 (rho=0.0),Height,0,10%,6,6,6C x 6K,40%,2,6,2C x 6K,30.0,0.0,0.0,0.0,36.11111111111111,0.0,0.0,0.0,30.0,0.0,0.0,0.0,Good_L0_Bad_L1,0.0
Good_L0_Bad_L1 (rho=0.0),Height,0,10%,6,6,6C x 6K,40%,5,3,5C x 3K,26.666666666666668,0.0,0.0,0.0,36.11111111111111,0.0,0.0,0.0,26.666666666666668,0.0,0.0,0.0,Good_L0_Bad_L1,0.0
Good_L0_Bad_L1 (rho=0.0),Height,0,10%,6,6,6C x 6K,50%,3,6,3C x 6K,33.33333333333333,0.0,0.0,0.0,36.11111111111111,0.0,0.0,0.0,33.33333333333333,0.0,0.0,0.0,Good_L0_Bad_L1,0.0
Good_L0_Bad_L1 (rho=0.0),Height,0,10%,6,6,6C x 6K,50%,6,3,6C x 3K,33.33333333333333,0.0,0.0,0.0,36.11111111111111,0.0,0.0,0.0,33.33333333333333,0.0,0.0,0.0,Good_L0_Bad_L1,0.0
Good_L0_Bad_L1 (rho=0.0),Height,0,10%,6,6,6C x 6K,60%,4,6,4C x 6K,40.0,0.0,0.0,0.0,36.11111111111111,0.0,0.0,0.0,40.0,0.0,0.0,0.0,Good_L0_Bad_L1,0.0
Good_L0_Bad_L1 (rho=0.0),Height,0,10%,6,6,6C x 6K,60%,6,4,6C x 4K,33.33333333333333,0.0,0.0,0.0,36.11111111111111,0.0,0.0,0.0,33.33333333333333,0.0,0.0,0.0,Good_L0_Bad_L1,0.0
Good_L0_Bad_L1 (rho=0.0),Height,0,10%,6,6,6C x 6K,70%,4,6,4C x 6K,40.0,0.0,0.0,0.0,36.11111111111111,0.0,0.0,0.0,40.0,0.0,0.0,0.0,Good_L0_Bad_L1,0.0
Good_L0_Bad_L1 (rho=0.0),Height,0,10%,6,6,6C x 6K,70%,6,4,6C x 4K,33.33333333333333,0.0,0.0,0.0,36.11111111111111,0.0,0.0,0.0,33.33333333333333,0.0,0.0,0.0,Good_L0_Bad_L1,0.0
Good_L0_Bad_L1 (rho=0.0),Height,0,10%,6,6,6C x 6K,80%,5,6,5C x 6K,36.666666666666664,0.0,0.0,0.0,36.11111111111111,0.0,0.0,0.0,36.666666666666664,0.0,0.0,0.0,Good_L0_Bad_L1,0.0
Good_L0_Bad_L1 (rho=0.0),Height,0,10%,6,6,6C x 6K,80%,6,5,6C x 5K,40.0,0.0,0.0,0.0,36.11111111111111,0.0,0.0,0.0,40.0,0.0,0.0,0.0,Good_L0_Bad_L1,0.0
Good_L0_Bad_L1 (rho=0.0),Height,0,10%,6,6,6C x 6K,90%,5,6,5C x 6K,36.666666666666664,0.0,0.0,0.0,36.11111111111111,0.0,0.0,0.0,36.666666666666664,0.0,0.0,0.0,Good_L0_Bad_L1,0.0
Good_L0_Bad_L1 (rho=0.0),Height,0,10%,6,6,6C x 6K,90%,6,5,6C x 5K,40.0,0.0,0.0,0.0,36.11111111111111,0.0,0.0,0.0,40.0,0.0,0.0,0.0,Good_L0_Bad_L1,0.0
Good_L0_Bad_L1 (rho=0.0),Height,0,10%,6,6,6C x 6K,100%,6,6,6C x 6K,6.666666666666667,0.0,0.0,0.0,7.222222222222221,0.0,0.0,0.0,6.666666666666667,0.0,0.0,0.0,Good_L0_Bad_L1,0.0
Good_L0_Bad_L1 (rho=0.0),Height,0,20%,25,3,25C x 3K,10%,3,3,3C x 3K,53.333333333333336,0.0,0.0,0.0,28.53333333333333,0.0,0.0,0.0,53.333333333333336,0.0,0.0,0.0,Good_L0_Bad_L1,0.0
Good_L0_Bad_L1 (rho=0.0),Height,0,20%,25,3,25C x 3K,10%,8,1,8C x 1K,50.0,0.0,0.0,0.0,28.53333333333333,0.0,0.0,0.0,50.0,0.0,0.0,0.0,Good_L0_Bad_L1,0.0
Good_L0_Bad_L1 (rho=0.0),Height,0,20%,25,3,25C x 3K,20%,15,1,15C x 1K,50.0,0.0,0.0,0.0,28.53333333333333,0.0,0.0,0.0,50.0,0.0,0.0,0.0,Good_L0_Bad_L1,0.0
Good_L0_Bad_L1 (rho=0.0),Height,0,20%,25,3,25C x 3K,20%,5,3,5C x 3K,53.333333333333336,0.0,0.0,0.0,28.53333333333333,0.0,0.0,0.0,53.333333333333336,0.0,0.0,0.0,Good_L0_Bad_L1,0.0
Good_L0_Bad_L1 (rho=0.0),Height,0,20%,25,3,25C x 3K,30%,22,1,22C x 1K,56.666666666666664,0.0,0.0,0.0,28.53333333333333,0.0,0.0,0.0,56.666666666666664,0.0,0.0,0.0,Good_L0_Bad_L1,0.0
Good_L0_Bad_L1 (rho=0.0),Height,0,20%,25,3,25C x 3K,30%,7,3,7C x 3K,63.33333333333333,0.0,0.0,0.0,28.53333333333333,0.0,0.0,0.0,63.33333333333333,0.0,0.0,0.0,Good_L0_Bad_L1,0.0
Good_L0_Bad_L1 (rho=0.0),Height,0,20%,25,3,25C x 3K,40%,10,3,10C x 3K,53.333333333333336,0.0,0.0,0.0,28.53333333333333,0.0,0.0,0.0,53.333333333333336,0.0,0.0,0.0,Good_L0_Bad_L1,0.0
Good_L0_Bad_L1 (rho=0.0),Height,0,20%,25,3,25C x 3K,40%,15,2,15C x 2K,66.66666666666666,0.0,0.0,0.0,28.53333333333333,0.0,0.0,0.0,66.66666666666666,0.0,0.0,0.0,Good_L0_Bad_L1,0.0
Good_L0_Bad_L1 (rho=0.0),Height,0,20%,25,3,25C x 3K,50%,13,3,13C x 3K,56.666666666666664,0.0,0.0,0.0,28.53333333333333,0.0,0.0,0.0,56.666666666666664,0.0,0.0,0.0,Good_L0_Bad_L1,0.0
Good_L0_Bad_L1 (rho=0.0),Height,0,20%,25,3,25C x 3K,50%,19,2,19C x 2K,53.333333333333336,0.0,0.0,0.0,28.53333333333333,0.0,0.0,0.0,53.333333333333336,0.0,0.0,0.0,Good_L0_Bad_L1,0.0
Good_L0_Bad_L1 (rho=0.0),Height,0,20%,25,3,25C x 3K,60%,15,3,15C x 3K,63.33333333333333,0.0,0.0,0.0,28.53333333333333,0.0,0.0,0.0,63.33333333333333,0.0,0.0,0.0,Good_L0_Bad_L1,0.0
Good_L0_Bad_L1 (rho=0.0),Height,0,20%,25,3,25C x 3K,60%,22,2,22C x 2K,66.66666666666666,0.0,0.0,0.0,28.53333333333333,0.0,0.0,0.0,66.66666666666666,0.0,0.0,0.0,Good_L0_Bad_L1,0.0
Good_L0_Bad_L1 (rho=0.0),Height,0,20%,25,3,25C x 3K,70%,17,3,17C x 3K,30.0,0.0,0.0,0.0,6.0,0.0,0.0,0.0,30.0,0.0,0.0,0.0,Good_L0_Bad_L1,0.0
Good_L0_Bad_L1 (rho=0.0),Height,0,20%,25,3,25C x 3K,80%,20,3,20C x 3K,30.0,0.0,0.0,0.0,6.0,0.0,0.0,0.0,30.0,0.0,0.0,0.0,Good_L0_Bad_L1,0.0
Good_L0_Bad_L1 (rho=0.0),Height,0,20%,25,3,25C x 3K,90%,23,3,23C x 3K,30.0,0.0,0.0,0.0,6.0,0.0,0.0,0.0,30.0,0.0,0.0,0.0,Good_L0_Bad_L1,0.0
Good_L0_Bad_L1 (rho=0.0),Height,0,20%,25,3,25C x 3K,100%,25,3,25C x 3K,30.0,0.0,0.0,0.0,6.0,0.0,0.0,0.0,30.0,0.0,0.0,0.0,Good_L0_Bad_L1,0.0
Good_L0_Bad_L1 (rho=0.0),Height,0,20%,5,15,5C x 15K,10%,1,8,1C x 8K,33.33333333333333,0.0,0.0,0.0,35.333333333333336,0.0,0.0,0.0,33.33333333333333,0.0,0.0,0.0,Good_L0_Bad_L1,0.0
Good_L0_Bad_L1 (rho=0.0),Height,0,20%,5,15,5C x 15K,10%,3,3,3C x 3K,33.33333333333333,0.0,0.0,0.0,35.333333333333336,0.0,0.0,0.0,33.33333333333333,0.0,0.0,0.0,Good_L0_Bad_L1,0.0
Good_L0_Bad_L1 (rho=0.0),Height,0,20%,5,15,5C x 15K,20%,1,15,1C x 15K,40.0,0.0,0.0,0.0,35.333333333333336,0.0,0.0,0.0,40.0,0.0,0.0,0.0,Good_L0_Bad_L1,0.0
Good_L0_Bad_L1 (rho=0.0),Height,0,20%,5,15,5C x 15K,20%,5,3,5C x 3K,43.333333333333336,0.0,0.0,0.0,35.333333333333336,0.0,0.0,0.0,43.333333333333336,0.0,0.0,0.0,Good_L0_Bad_L1,0.0
Good_L0_Bad_L1 (rho=0.0),Height,0,20%,5,15,5C x 15K,30%,1,15,1C x 15K,40.0,0.0,0.0,0.0,35.333333333333336,0.0,0.0,0.0,40.0,0.0,0.0,0.0,Good_L0_Bad_L1,0.0
Good_L0_Bad_L1 (rho=0.0),Height,0,20%,5,15,5C x 15K,30%,3,8,3C x 8K,26.666666666666668,0.0,0.0,0.0,35.333333333333336,0.0,0.0,0.0,26.666666666666668,0.0,0.0,0.0,Good_L0_Bad_L1,0.0
Good_L0_Bad_L1 (rho=0.0),Height,0,20%,5,15,5C x 15K,40%,2,15,2C x 15K,36.666666666666664,0.0,0.0,0.0,35.333333333333336,0.0,0.0,0.0,36.666666666666664,0.0,0.0,0.0,Good_L0_Bad_L1,0.0
Good_L0_Bad_L1 (rho=0.0),Height,0,20%,5,15,5C x 15K,40%,5,6,5C x 6K,40.0,0.0,0.0,0.0,35.333333333333336,0.0,0.0,0.0,40.0,0.0,0.0,0.0,Good_L0_Bad_L1,0.0
Good_L0_Bad_L1 (rho=0.0),Height,0,20%,5,15,5C x 15K,50%,3,15,3C x 15K,40.0,0.0,0.0,0.0,35.333333333333336,0.0,0.0,0.0,40.0,0.0,0.0,0.0,Good_L0_Bad_L1,0.0
Good_L0_Bad_L1 (rho=0.0),Height,0,20%,5,15,5C x 15K,50%,5,7,5C x 7K,43.333333333333336,0.0,0.0,0.0,35.333333333333336,0.0,0.0,0.0,43.333333333333336,0.0,0.0,0.0,Good_L0_Bad_L1,0.0
Good_L0_Bad_L1 (rho=0.0),Height,0,20%,5,15,5C x 15K,60%,3,15,3C x 15K,40.0,0.0,0.0,0.0,35.333333333333336,0.0,0.0,0.0,40.0,0.0,0.0,0.0,Good_L0_Bad_L1,0.0
Good_L0_Bad_L1 (rho=0.0),Height,0,20%,5,15,5C x 15K,60%,5,9,5C x 9K,46.666666666666664,0.0,0.0,0.0,35.333333333333336,0.0,0.0,0.0,46.666666666666664,0.0,0.0,0.0,Good_L0_Bad_L1,0.0
Good_L0_Bad_L1 (rho=0.0),Height,0,20%,5,15,5C x 15K,70%,3,15,3C x 15K,40.0,0.0,0.0,0.0,35.333333333333336,0.0,0.0,0.0,40.0,0.0,0.0,0.0,Good_L0_Bad_L1,0.0
Good_L0_Bad_L1 (rho=0.0),Height,0,20%,5,15,5C x 15K,70%,5,10,5C x 10K,40.0,0.0,0.0,0.0,35.333333333333336,0.0,0.0,0.0,40.0,0.0,0.0,0.0,Good_L0_Bad_L1,0.0
Good_L0_Bad_L1 (rho=0.0),Height,0,20%,5,15,5C x 15K,80%,4,15,4C x 15K,36.666666666666664,0.0,0.0,0.0,35.333333333333336,0.0,0.0,0.0,36.666666666666664,0.0,0.0,0.0,Good_L0_Bad_L1,0.0
Good_L0_Bad_L1 (rho=0.0),Height,0,20%,5,15,5C x 15K,80%,5,12,5C x 12K,43.333333333333336,0.0,0.0,0.0,35.333333333333336,0.0,0.0,0.0,43.333333333333336,0.0,0.0,0.0,Good_L0_Bad_L1,0.0
Good_L0_Bad_L1 (rho=0.0),Height,0,20%,5,15,5C x 15K,90%,5,13,5C x 13K,46.666666666666664,0.0,0.0,0.0,35.333333333333336,0.0,0.0,0.0,46.666666666666664,0.0,0.0,0.0,Good_L0_Bad_L1,0.0
Good_L0_Bad_L1 (rho=0.0),Height,0,20%,5,15,5C x 15K,90%,5,15,5C x 15K,46.666666666666664,0.0,0.0,0.0,35.333333333333336,0.0,0.0,0.0,46.666666666666664,0.0,0.0,0.0,Good_L0_Bad_L1,0.0
Good_L0_Bad_L1 (rho=0.0),Height,0,20%,5,15,5C x 15K,100%,5,15,5C x 15K,10.0,0.0,0.0,0.0,9.333333333333334,0.0,0.0,0.0,10.0,0.0,0.0,0.0,Good_L0_Bad_L1,0.0
Good_L0_Bad_L1 (rho=0.0),Height,0,30%,14,8,14C x 8K,10%,11,1,11C x 1K,40.0,0.0,0.0,0.0,30.476190476190478,0.0,0.0,0.0,40.0,0.0,0.0,0.0,Good_L0_Bad_L1,0.0
Good_L0_Bad_L1 (rho=0.0),Height,0,30%,14,8,14C x 8K,10%,1,8,1C x 8K,30.0,0.0,0.0,0.0,30.476190476190478,0.0,0.0,0.0,30.0,0.0,0.0,0.0,Good_L0_Bad_L1,0.0
Good_L0_Bad_L1 (rho=0.0),Height,0,30%,14,8,14C x 8K,20%,3,8,3C x 8K,46.666666666666664,0.0,0.0,0.0,30.476190476190478,0.0,0.0,0.0,46.666666666666664,0.0,0.0,0.0,Good_L0_Bad_L1,0.0
Good_L0_Bad_L1 (rho=0.0),Height,0,30%,14,8,14C x 8K,20%,7,3,7C x 3K,36.666666666666664,0.0,0.0,0.0,30.476190476190478,0.0,0.0,0.0,36.666666666666664,0.0,0.0,0.0,Good_L0_Bad_L1,0.0
Good_L0_Bad_L1 (rho=0.0),Height,0,30%,14,8,14C x 8K,30%,4,8,4C x 8K,40.0,0.0,0.0,0.0,30.476190476190478,0.0,0.0,0.0,40.0,0.0,0.0,0.0,Good_L0_Bad_L1,0.0
Good_L0_Bad_L1 (rho=0.0),Height,0,30%,14,8,14C x 8K,30%,8,4,8C x 4K,43.333333333333336,0.0,0.0,0.0,30.476190476190478,0.0,0.0,0.0,43.333333333333336,0.0,0.0,0.0,Good_L0_Bad_L1,0.0
Good_L0_Bad_L1 (rho=0.0),Height,0,30%,14,8,14C x 8K,40%,6,8,6C x 8K,46.666666666666664,0.0,0.0,0.0,30.476190476190478,0.0,0.0,0.0,46.666666666666664,0.0,0.0,0.0,Good_L0_Bad_L1,0.0
Good_L0_Bad_L1 (rho=0.0),Height,0,30%,14,8,14C x 8K,40%,9,5,9C x 5K,46.666666666666664,0.0,0.0,0.0,30.476190476190478,0.0,0.0,0.0,46.666666666666664,0.0,0.0,0.0,Good_L0_Bad_L1,0.0
Good_L0_Bad_L1 (rho=0.0),Height,0,30%,14,8,14C x 8K,50%,14,4,14C x 4K,53.333333333333336,0.0,0.0,0.0,30.476190476190478,0.0,0.0,0.0,53.333333333333336,0.0,0.0,0.0,Good_L0_Bad_L1,0.0
Good_L0_Bad_L1 (rho=0.0),Height,0,30%,14,8,14C x 8K,50%,7,8,7C x 8K,40.0,0.0,0.0,0.0,30.476190476190478,0.0,0.0,0.0,40.0,0.0,0.0,0.0,Good_L0_Bad_L1,0.0
Good_L0_Bad_L1 (rho=0.0),Height,0,30%,14,8,14C x 8K,60%,13,5,13C x 5K,56.666666666666664,0.0,0.0,0.0,30.476190476190478,0.0,0.0,0.0,56.666666666666664,0.0,0.0,0.0,Good_L0_Bad_L1,0.0
Good_L0_Bad_L1 (rho=0.0),Height,0,30%,14,8,14C x 8K,60%,8,8,8C x 8K,36.666666666666664,0.0,0.0,0.0,30.476190476190478,0.0,0.0,0.0,36.666666666666664,0.0,0.0,0.0,Good_L0_Bad_L1,0.0
Good_L0_Bad_L1 (rho=0.0),Height,0,30%,14,8,14C x 8K,70%,10,8,10C x 8K,50.0,0.0,0.0,0.0,30.476190476190478,0.0,0.0,0.0,50.0,0.0,0.0,0.0,Good_L0_Bad_L1,0.0
Good_L0_Bad_L1 (rho=0.0),Height,0,30%,14,8,14C x 8K,70%,13,6,13C x 6K,56.666666666666664,0.0,0.0,0.0,30.476190476190478,0.0,0.0,0.0,56.666666666666664,0.0,0.0,0.0,Good_L0_Bad_L1,0.0
Good_L0_Bad_L1 (rho=0.0),Height,0,30%,14,8,14C x 8K,80%,11,8,11C x 8K,50.0,0.0,0.0,0.0,30.476190476190478,0.0,0.0,0.0,50.0,0.0,0.0,0.0,Good_L0_Bad_L1,0.0
Good_L0_Bad_L1 (rho=0.0),Height,0,30%,14,8,14C x 8K,80%,13,7,13C x 7K,56.666666666666664,0.0,0.0,0.0,30.476190476190478,0.0,0.0,0.0,56.666666666666664,0.0,0.0,0.0,Good_L0_Bad_L1,0.0
Good_L0_Bad_L1 (rho=0.0),Height,0,30%,14,8,14C x 8K,90%,13,8,13C x 8K,60.0,0.0,0.0,0.0,30.476190476190478,0.0,0.0,0.0,60.0,0.0,0.0,0.0,Good_L0_Bad_L1,0.0
Good_L0_Bad_L1 (rho=0.0),Height,0,30%,14,8,14C x 8K,90%,14,7,14C x 7K,60.0,0.0,0.0,0.0,30.476190476190478,0.0,0.0,0.0,60.0,0.0,0.0,0.0,Good_L0_Bad_L1,0.0
Good_L0_Bad_L1 (rho=0.0),Height,0,30%,14,8,14C x 8K,100%,14,8,14C x 8K,23.333333333333332,0.0,0.0,0.0,6.190476190476191,0.0,0.0,0.0,23.333333333333332,0.0,0.0,0.0,Good_L0_Bad_L1,0.0
Good_L0_Bad_L1 (rho=0.0),Height,0,30%,7,15,7C x 15K,10%,1,10,1C x 10K,36.666666666666664,0.0,0.0,0.0,32.38095238095238,0.0,0.0,0.0,36.666666666666664,0.0,0.0,0.0,Good_L0_Bad_L1,0.0
Good_L0_Bad_L1 (rho=0.0),Height,0,30%,7,15,7C x 15K,10%,2,4,2C x 4K,30.0,0.0,0.0,0.0,32.38095238095238,0.0,0.0,0.0,30.0,0.0,0.0,0.0,Good_L0_Bad_L1,0.0
Good_L0_Bad_L1 (rho=0.0),Height,0,30%,7,15,7C x 15K,20%,1,15,1C x 15K,40.0,0.0,0.0,0.0,32.38095238095238,0.0,0.0,0.0,40.0,0.0,0.0,0.0,Good_L0_Bad_L1,0.0
Good_L0_Bad_L1 (rho=0.0),Height,0,30%,7,15,7C x 15K,20%,7,3,7C x 3K,33.33333333333333,0.0,0.0,0.0,32.38095238095238,0.0,0.0,0.0,33.33333333333333,0.0,0.0,0.0,Good_L0_Bad_L1,0.0
Good_L0_Bad_L1 (rho=0.0),Height,0,30%,7,15,7C x 15K,30%,2,15,2C x 15K,43.333333333333336,0.0,0.0,0.0,32.38095238095238,0.0,0.0,0.0,43.333333333333336,0.0,0.0,0.0,Good_L0_Bad_L1,0.0
Good_L0_Bad_L1 (rho=0.0),Height,0,30%,7,15,7C x 15K,30%,4,8,4C x 8K,33.33333333333333,0.0,0.0,0.0,32.38095238095238,0.0,0.0,0.0,33.33333333333333,0.0,0.0,0.0,Good_L0_Bad_L1,0.0
Good_L0_Bad_L1 (rho=0.0),Height,0,30%,7,15,7C x 15K,40%,3,15,3C x 15K,46.666666666666664,0.0,0.0,0.0,32.38095238095238,0.0,0.0,0.0,46.666666666666664,0.0,0.0,0.0,Good_L0_Bad_L1,0.0
Good_L0_Bad_L1 (rho=0.0),Height,0,30%,7,15,7C x 15K,40%,7,6,7C x 6K,36.666666666666664,0.0,0.0,0.0,32.38095238095238,0.0,0.0,0.0,36.666666666666664,0.0,0.0,0.0,Good_L0_Bad_L1,0.0
Good_L0_Bad_L1 (rho=0.0),Height,0,30%,7,15,7C x 15K,50%,3,15,3C x 15K,46.666666666666664,0.0,0.0,0.0,32.38095238095238,0.0,0.0,0.0,46.666666666666664,0.0,0.0,0.0,Good_L0_Bad_L1,0.0
Good_L0_Bad_L1 (rho=0.0),Height,0,30%,7,15,7C x 15K,50%,7,7,7C x 7K,40.0,0.0,0.0,0.0,32.38095238095238,0.0,0.0,0.0,40.0,0.0,0.0,0.0,Good_L0_Bad_L1,0.0
Good_L0_Bad_L1 (rho=0.0),Height,0,30%,7,15,7C x 15K,60%,4,15,4C x 15K,53.333333333333336,0.0,0.0,0.0,32.38095238095238,0.0,0.0,0.0,53.333333333333336,0.0,0.0,0.0,Good_L0_Bad_L1,0.0
Good_L0_Bad_L1 (rho=0.0),Height,0,30%,7,15,7C x 15K,60%,7,9,7C x 9K,33.33333333333333,0.0,0.0,0.0,32.38095238095238,0.0,0.0,0.0,33.33333333333333,0.0,0.0,0.0,Good_L0_Bad_L1,0.0
Good_L0_Bad_L1 (rho=0.0),Height,0,30%,7,15,7C x 15K,70%,5,15,5C x 15K,50.0,0.0,0.0,0.0,32.38095238095238,0.0,0.0,0.0,50.0,0.0,0.0,0.0,Good_L0_Bad_L1,0.0
Good_L0_Bad_L1 (rho=0.0),Height,0,30%,7,15,7C x 15K,70%,7,10,7C x 10K,43.333333333333336,0.0,0.0,0.0,32.38095238095238,0.0,0.0,0.0,43.333333333333336,0.0,0.0,0.0,Good_L0_Bad_L1,0.0
Good_L0_Bad_L1 (rho=0.0),Height,0,30%,7,15,7C x 15K,80%,6,15,6C x 15K,53.333333333333336,0.0,0.0,0.0,32.38095238095238,0.0,0.0,0.0,53.333333333333336,0.0,0.0,0.0,Good_L0_Bad_L1,0.0
Good_L0_Bad_L1 (rho=0.0),Height,0,30%,7,15,7C x 15K,80%,7,12,7C x 12K,36.666666666666664,0.0,0.0,0.0,32.38095238095238,0.0,0.0,0.0,36.666666666666664,0.0,0.0,0.0,Good_L0_Bad_L1,0.0
Good_L0_Bad_L1 (rho=0.0),Height,0,30%,7,15,7C x 15K,90%,6,15,6C x 15K,53.333333333333336,0.0,0.0,0.0,32.38095238095238,0.0,0.0,0.0,53.333333333333336,0.0,0.0,0.0,Good_L0_Bad_L1,0.0
Good_L0_Bad_L1 (rho=0.0),Height,0,30%,7,15,7C x 15K,90%,7,13,7C x 13K,46.666666666666664,0.0,0.0,0.0,32.38095238095238,0.0,0.0,0.0,46.666666666666664,0.0,0.0,0.0,Good_L0_Bad_L1,0.0
Good_L0_Bad_L1 (rho=0.0),Height,0,30%,7,15,7C x 15K,100%,7,15,7C x 15K,13.333333333333334,0.0,0.0,0.0,8.095238095238095,0.0,0.0,0.0,13.333333333333334,0.0,0.0,0.0,Good_L0_Bad_L1,0.0
Good_L0_Bad_L1 (rho=0.0),Height,0,40%,10,15,10C x 15K,10%,1,15,1C x 15K,33.33333333333333,0.0,0.0,0.0,31.333333333333336,0.0,0.0,0.0,33.33333333333333,0.0,0.0,0.0,Good_L0_Bad_L1,0.0
Good_L0_Bad_L1 (rho=0.0),Height,0,40%,10,15,10C x 15K,10%,2,6,2C x 6K,43.333333333333336,0.0,0.0,0.0,31.333333333333336,0.0,0.0,0.0,43.333333333333336,0.0,0.0,0.0,Good_L0_Bad_L1,0.0
Good_L0_Bad_L1 (rho=0.0),Height,0,40%,10,15,10C x 15K,20%,10,3,10C x 3K,43.333333333333336,0.0,0.0,0.0,31.333333333333336,0.0,0.0,0.0,43.333333333333336,0.0,0.0,0.0,Good_L0_Bad_L1,0.0
Good_L0_Bad_L1 (rho=0.0),Height,0,40%,10,15,10C x 15K,20%,2,15,2C x 15K,40.0,0.0,0.0,0.0,31.333333333333336,0.0,0.0,0.0,40.0,0.0,0.0,0.0,Good_L0_Bad_L1,0.0
Good_L0_Bad_L1 (rho=0.0),Height,0,40%,10,15,10C x 15K,30%,3,15,3C x 15K,40.0,0.0,0.0,0.0,31.333333333333336,0.0,0.0,0.0,40.0,0.0,0.0,0.0,Good_L0_Bad_L1,0.0
Good_L0_Bad_L1 (rho=0.0),Height,0,40%,10,15,10C x 15K,30%,6,8,6C x 8K,26.666666666666668,0.0,0.0,0.0,31.333333333333336,0.0,0.0,0.0,26.666666666666668,0.0,0.0,0.0,Good_L0_Bad_L1,0.0
Good_L0_Bad_L1 (rho=0.0),Height,0,40%,10,15,10C x 15K,40%,10,6,10C x 6K,36.666666666666664,0.0,0.0,0.0,31.333333333333336,0.0,0.0,0.0,36.666666666666664,0.0,0.0,0.0,Good_L0_Bad_L1,0.0
Good_L0_Bad_L1 (rho=0.0),Height,0,40%,10,15,10C x 15K,40%,4,15,4C x 15K,36.666666666666664,0.0,0.0,0.0,31.333333333333336,0.0,0.0,0.0,36.666666666666664,0.0,0.0,0.0,Good_L0_Bad_L1,0.0
Good_L0_Bad_L1 (rho=0.0),Height,0,40%,10,15,10C x 15K,50%,5,15,5C x 15K,36.666666666666664,0.0,0.0,0.0,31.333333333333336,0.0,0.0,0.0,36.666666666666664,0.0,0.0,0.0,Good_L0_Bad_L1,0.0
Good_L0_Bad_L1 (rho=0.0),Height,0,40%,10,15,10C x 15K,50%,8,10,8C x 10K,50.0,0.0,0.0,0.0,31.333333333333336,0.0,0.0,0.0,50.0,0.0,0.0,0.0,Good_L0_Bad_L1,0.0
Good_L0_Bad_L1 (rho=0.0),Height,0,40%,10,15,10C x 15K,60%,10,9,10C x 9K,46.666666666666664,0.0,0.0,0.0,31.333333333333336,0.0,0.0,0.0,46.666666666666664,0.0,0.0,0.0,Good_L0_Bad_L1,0.0
Good_L0_Bad_L1 (rho=0.0),Height,0,40%,10,15,10C x 15K,60%,6,15,6C x 15K,40.0,0.0,0.0,0.0,31.333333333333336,0.0,0.0,0.0,40.0,0.0,0.0,0.0,Good_L0_Bad_L1,0.0
Good_L0_Bad_L1 (rho=0.0),Height,0,40%,10,15,10C x 15K,70%,10,10,10C x 10K,43.333333333333336,0.0,0.0,0.0,31.333333333333336,0.0,0.0,0.0,43.333333333333336,0.0,0.0,0.0,Good_L0_Bad_L1,0.0
Good_L0_Bad_L1 (rho=0.0),Height,0,40%,10,15,10C x 15K,70%,7,15,7C x 15K,40.0,0.0,0.0,0.0,31.333333333333336,0.0,0.0,0.0,40.0,0.0,0.0,0.0,Good_L0_Bad_L1,0.0
Good_L0_Bad_L1 (rho=0.0),Height,0,40%,10,15,10C x 15K,80%,10,12,10C x 12K,40.0,0.0,0.0,0.0,31.333333333333336,0.0,0.0,0.0,40.0,0.0,0.0,0.0,Good_L0_Bad_L1,0.0
Good_L0_Bad_L1 (rho=0.0),Height,0,40%,10,15,10C x 15K,80%,8,15,8C x 15K,40.0,0.0,0.0,0.0,31.333333333333336,0.0,0.0,0.0,40.0,0.0,0.0,0.0,Good_L0_Bad_L1,0.0
Good_L0_Bad_L1 (rho=0.0),Height,0,40%,10,15,10C x 15K,90%,10,13,10C x 13K,46.666666666666664,0.0,0.0,0.0,31.333333333333336,0.0,0.0,0.0,46.666666666666664,0.0,0.0,0.0,Good_L0_Bad_L1,0.0
Good_L0_Bad_L1 (rho=0.0),Height,0,40%,10,15,10C x 15K,90%,9,15,9C x 15K,50.0,0.0,0.0,0.0,31.333333333333336,0.0,0.0,0.0,50.0,0.0,0.0,0.0,Good_L0_Bad_L1,0.0
Good_L0_Bad_L1 (rho=0.0),Height,0,40%,10,15,10C x 15K,100%,10,15,10C x 15K,13.333333333333334,0.0,0.0,0.0,8.333333333333332,0.0,0.0,0.0,13.333333333333334,0.0,0.0,0.0,Good_L0_Bad_L1,0.0
Good_L0_Bad_L1 (rho=0.0),Height,0,40%,25,6,25C x 6K,10%,15,1,15C x 1K,50.0,0.0,0.0,0.0,29.86666666666667,0.0,0.0,0.0,50.0,0.0,0.0,0.0,Good_L0_Bad_L1,0.0
Good_L0_Bad_L1 (rho=0.0),Height,0,40%,25,6,25C x 6K,10%,2,6,2C x 6K,53.333333333333336,0.0,0.0,0.0,29.86666666666667,0.0,0.0,0.0,53.333333333333336,0.0,0.0,0.0,Good_L0_Bad_L1,0.0
Good_L0_Bad_L1 (rho=0.0),Height,0,40%,25,6,25C x 6K,20%,10,3,10C x 3K,46.666666666666664,0.0,0.0,0.0,29.86666666666667,0.0,0.0,0.0,46.666666666666664,0.0,0.0,0.0,Good_L0_Bad_L1,0.0
Good_L0_Bad_L1 (rho=0.0),Height,0,40%,25,6,25C x 6K,20%,5,6,5C x 6K,43.333333333333336,0.0,0.0,0.0,29.86666666666667,0.0,0.0,0.0,43.333333333333336,0.0,0.0,0.0,Good_L0_Bad_L1,0.0
Good_L0_Bad_L1 (rho=0.0),Height,0,40%,25,6,25C x 6K,30%,15,3,15C x 3K,46.666666666666664,0.0,0.0,0.0,29.86666666666667,0.0,0.0,0.0,46.666666666666664,0.0,0.0,0.0,Good_L0_Bad_L1,0.0
Good_L0_Bad_L1 (rho=0.0),Height,0,40%,25,6,25C x 6K,30%,8,6,8C x 6K,56.666666666666664,0.0,0.0,0.0,29.86666666666667,0.0,0.0,0.0,56.666666666666664,0.0,0.0,0.0,Good_L0_Bad_L1,0.0
Good_L0_Bad_L1 (rho=0.0),Height,0,40%,25,6,25C x 6K,40%,10,6,10C x 6K,50.0,0.0,0.0,0.0,29.86666666666667,0.0,0.0,0.0,50.0,0.0,0.0,0.0,Good_L0_Bad_L1,0.0
Good_L0_Bad_L1 (rho=0.0),Height,0,40%,25,6,25C x 6K,40%,20,3,20C x 3K,66.66666666666666,0.0,0.0,0.0,29.86666666666667,0.0,0.0,0.0,66.66666666666666,0.0,0.0,0.0,Good_L0_Bad_L1,0.0
Good_L0_Bad_L1 (rho=0.0),Height,0,40%,25,6,25C x 6K,50%,12,6,12C x 6K,56.666666666666664,0.0,0.0,0.0,29.86666666666667,0.0,0.0,0.0,56.666666666666664,0.0,0.0,0.0,Good_L0_Bad_L1,0.0
Good_L0_Bad_L1 (rho=0.0),Height,0,40%,25,6,25C x 6K,50%,25,3,25C x 3K,56.666666666666664,0.0,0.0,0.0,29.86666666666667,0.0,0.0,0.0,56.666666666666664,0.0,0.0,0.0,Good_L0_Bad_L1,0.0
Good_L0_Bad_L1 (rho=0.0),Height,0,40%,25,6,25C x 6K,60%,15,6,15C x 6K,66.66666666666666,0.0,0.0,0.0,29.86666666666667,0.0,0.0,0.0,66.66666666666666,0.0,0.0,0.0,Good_L0_Bad_L1,0.0
Good_L0_Bad_L1 (rho=0.0),Height,0,40%,25,6,25C x 6K,60%,22,4,22C x 4K,63.33333333333333,0.0,0.0,0.0,29.86666666666667,0.0,0.0,0.0,63.33333333333333,0.0,0.0,0.0,Good_L0_Bad_L1,0.0
Good_L0_Bad_L1 (rho=0.0),Height,0,40%,25,6,25C x 6K,70%,18,6,18C x 6K,66.66666666666666,0.0,0.0,0.0,29.86666666666667,0.0,0.0,0.0,66.66666666666666,0.0,0.0,0.0,Good_L0_Bad_L1,0.0
Good_L0_Bad_L1 (rho=0.0),Height,0,40%,25,6,25C x 6K,70%,21,5,21C x 5K,60.0,0.0,0.0,0.0,29.86666666666667,0.0,0.0,0.0,60.0,0.0,0.0,0.0,Good_L0_Bad_L1,0.0
Good_L0_Bad_L1 (rho=0.0),Height,0,40%,25,6,25C x 6K,80%,20,6,20C x 6K,70.0,0.0,0.0,0.0,29.86666666666667,0.0,0.0,0.0,70.0,0.0,0.0,0.0,Good_L0_Bad_L1,0.0
Good_L0_Bad_L1 (rho=0.0),Height,0,40%,25,6,25C x 6K,80%,24,5,24C x 5K,56.666666666666664,0.0,0.0,0.0,29.86666666666667,0.0,0.0,0.0,56.666666666666664,0.0,0.0,0.0,Good_L0_Bad_L1,0.0
Good_L0_Bad_L1 (rho=0.0),Height,0,40%,25,6,25C x 6K,90%,22,6,22C x 6K,26.666666666666668,0.0,0.0,0.0,6.533333333333332,0.0,0.0,0.0,26.666666666666668,0.0,0.0,0.0,Good_L0_Bad_L1,0.0
Good_L0_Bad_L1 (rho=0.0),Height,0,40%,25,6,25C x 6K,100%,25,6,25C x 6K,30.0,0.0,0.0,0.0,6.533333333333332,0.0,0.0,0.0,30.0,0.0,0.0,0.0,Good_L0_Bad_L1,0.0
Good_L0_Bad_L1 (rho=0.0),Height,0,50%,13,15,13C x 15K,10%,1,15,1C x 15K,36.666666666666664,0.0,0.0,0.0,31.025641025641026,0.0,0.0,0.0,36.666666666666664,0.0,0.0,0.0,Good_L0_Bad_L1,0.0
Good_L0_Bad_L1 (rho=0.0),Height,0,50%,13,15,13C x 15K,10%,3,6,3C x 6K,30.0,0.0,0.0,0.0,31.025641025641026,0.0,0.0,0.0,30.0,0.0,0.0,0.0,Good_L0_Bad_L1,0.0
Good_L0_Bad_L1 (rho=0.0),Height,0,50%,13,15,13C x 15K,20%,13,3,13C x 3K,46.666666666666664,0.0,0.0,0.0,31.025641025641026,0.0,0.0,0.0,46.666666666666664,0.0,0.0,0.0,Good_L0_Bad_L1,0.0
Good_L0_Bad_L1 (rho=0.0),Height,0,50%,13,15,13C x 15K,20%,3,15,3C x 15K,33.33333333333333,0.0,0.0,0.0,31.025641025641026,0.0,0.0,0.0,33.33333333333333,0.0,0.0,0.0,Good_L0_Bad_L1,0.0
Good_L0_Bad_L1 (rho=0.0),Height,0,50%,13,15,13C x 15K,30%,4,15,4C x 15K,43.333333333333336,0.0,0.0,0.0,31.025641025641026,0.0,0.0,0.0,43.333333333333336,0.0,0.0,0.0,Good_L0_Bad_L1,0.0
Good_L0_Bad_L1 (rho=0.0),Height,0,50%,13,15,13C x 15K,30%,7,8,7C x 8K,33.33333333333333,0.0,0.0,0.0,31.025641025641026,0.0,0.0,0.0,33.33333333333333,0.0,0.0,0.0,Good_L0_Bad_L1,0.0
Good_L0_Bad_L1 (rho=0.0),Height,0,50%,13,15,13C x 15K,40%,13,6,13C x 6K,40.0,0.0,0.0,0.0,31.025641025641026,0.0,0.0,0.0,40.0,0.0,0.0,0.0,Good_L0_Bad_L1,0.0
Good_L0_Bad_L1 (rho=0.0),Height,0,50%,13,15,13C x 15K,40%,5,15,5C x 15K,43.333333333333336,0.0,0.0,0.0,31.025641025641026,0.0,0.0,0.0,43.333333333333336,0.0,0.0,0.0,Good_L0_Bad_L1,0.0
Good_L0_Bad_L1 (rho=0.0),Height,0,50%,13,15,13C x 15K,50%,10,10,10C x 10K,53.333333333333336,0.0,0.0,0.0,31.025641025641026,0.0,0.0,0.0,53.333333333333336,0.0,0.0,0.0,Good_L0_Bad_L1,0.0
Good_L0_Bad_L1 (rho=0.0),Height,0,50%,13,15,13C x 15K,50%,7,15,7C x 15K,43.333333333333336,0.0,0.0,0.0,31.025641025641026,0.0,0.0,0.0,43.333333333333336,0.0,0.0,0.0,Good_L0_Bad_L1,0.0
Good_L0_Bad_L1 (rho=0.0),Height,0,50%,13,15,13C x 15K,60%,13,9,13C x 9K,50.0,0.0,0.0,0.0,31.025641025641026,0.0,0.0,0.0,50.0,0.0,0.0,0.0,Good_L0_Bad_L1,0.0
Good_L0_Bad_L1 (rho=0.0),Height,0,50%,13,15,13C x 15K,60%,8,15,8C x 15K,50.0,0.0,0.0,0.0,31.025641025641026,0.0,0.0,0.0,50.0,0.0,0.0,0.0,Good_L0_Bad_L1,0.0
Good_L0_Bad_L1 (rho=0.0),Height,0,50%,13,15,13C x 15K,70%,11,12,11C x 12K,53.333333333333336,0.0,0.0,0.0,31.025641025641026,0.0,0.0,0.0,53.333333333333336,0.0,0.0,0.0,Good_L0_Bad_L1,0.0
Good_L0_Bad_L1 (rho=0.0),Height,0,50%,13,15,13C x 15K,70%,9,15,9C x 15K,46.666666666666664,0.0,0.0,0.0,31.025641025641026,0.0,0.0,0.0,46.666666666666664,0.0,0.0,0.0,Good_L0_Bad_L1,0.0
Good_L0_Bad_L1 (rho=0.0),Height,0,50%,13,15,13C x 15K,80%,10,15,10C x 15K,50.0,0.0,0.0,0.0,31.025641025641026,0.0,0.0,0.0,50.0,0.0,0.0,0.0,Good_L0_Bad_L1,0.0
Good_L0_Bad_L1 (rho=0.0),Height,0,50%,13,15,13C x 15K,80%,13,12,13C x 12K,53.333333333333336,0.0,0.0,0.0,31.025641025641026,0.0,0.0,0.0,53.333333333333336,0.0,0.0,0.0,Good_L0_Bad_L1,0.0
Good_L0_Bad_L1 (rho=0.0),Height,0,50%,13,15,13C x 15K,90%,12,15,12C x 15K,53.333333333333336,0.0,0.0,0.0,31.025641025641026,0.0,0.0,0.0,53.333333333333336,0.0,0.0,0.0,Good_L0_Bad_L1,0.0
Good_L0_Bad_L1 (rho=0.0),Height,0,50%,13,15,13C x 15K,90%,13,14,13C x 14K,56.666666666666664,0.0,0.0,0.0,31.025641025641026,0.0,0.0,0.0,56.666666666666664,0.0,0.0,0.0,Good_L0_Bad_L1,0.0
Good_L0_Bad_L1 (rho=0.0),Height,0,50%,13,15,13C x 15K,100%,13,15,13C x 15K,23.333333333333332,0.0,0.0,0.0,7.435897435897436,0.0,0.0,0.0,23.333333333333332,0.0,0.0,0.0,Good_L0_Bad_L1,0.0
Good_L0_Bad_L1 (rho=0.0),Height,0,50%,19,10,19C x 10K,10%,19,1,19C x 1K,46.666666666666664,0.0,0.0,0.0,29.29824561403509,0.0,0.0,0.0,46.666666666666664,0.0,0.0,0.0,Good_L0_Bad_L1,0.0
Good_L0_Bad_L1 (rho=0.0),Height,0,50%,19,10,19C x 10K,10%,2,10,2C x 10K,50.0,0.0,0.0,0.0,29.29824561403509,0.0,0.0,0.0,50.0,0.0,0.0,0.0,Good_L0_Bad_L1,0.0
Good_L0_Bad_L1 (rho=0.0),Height,0,50%,19,10,19C x 10K,20%,19,2,19C x 2K,36.666666666666664,0.0,0.0,0.0,29.29824561403509,0.0,0.0,0.0,36.666666666666664,0.0,0.0,0.0,Good_L0_Bad_L1,0.0
Good_L0_Bad_L1 (rho=0.0),Height,0,50%,19,10,19C x 10K,20%,4,10,4C x 10K,53.333333333333336,0.0,0.0,0.0,29.29824561403509,0.0,0.0,0.0,53.333333333333336,0.0,0.0,0.0,Good_L0_Bad_L1,0.0
Good_L0_Bad_L1 (rho=0.0),Height,0,50%,19,10,19C x 10K,30%,19,3,19C x 3K,40.0,0.0,0.0,0.0,29.29824561403509,0.0,0.0,0.0,40.0,0.0,0.0,0.0,Good_L0_Bad_L1,0.0
Good_L0_Bad_L1 (rho=0.0),Height,0,50%,19,10,19C x 10K,30%,6,10,6C x 10K,50.0,0.0,0.0,0.0,29.29824561403509,0.0,0.0,0.0,50.0,0.0,0.0,0.0,Good_L0_Bad_L1,0.0
Good_L0_Bad_L1 (rho=0.0),Height,0,50%,19,10,19C x 10K,40%,19,4,19C x 4K,53.333333333333336,0.0,0.0,0.0,29.29824561403509,0.0,0.0,0.0,53.333333333333336,0.0,0.0,0.0,Good_L0_Bad_L1,0.0
Good_L0_Bad_L1 (rho=0.0),Height,0,50%,19,10,19C x 10K,40%,8,10,8C x 10K,53.333333333333336,0.0,0.0,0.0,29.29824561403509,0.0,0.0,0.0,53.333333333333336,0.0,0.0,0.0,Good_L0_Bad_L1,0.0
Good_L0_Bad_L1 (rho=0.0),Height,0,50%,19,10,19C x 10K,50%,10,10,10C x 10K,53.333333333333336,0.0,0.0,0.0,29.29824561403509,0.0,0.0,0.0,53.333333333333336,0.0,0.0,0.0,Good_L0_Bad_L1,0.0
Good_L0_Bad_L1 (rho=0.0),Height,0,50%,19,10,19C x 10K,50%,19,5,19C x 5K,60.0,0.0,0.0,0.0,29.29824561403509,0.0,0.0,0.0,60.0,0.0,0.0,0.0,Good_L0_Bad_L1,0.0
Good_L0_Bad_L1 (rho=0.0),Height,0,50%,19,10,19C x 10K,60%,11,10,11C x 10K,56.666666666666664,0.0,0.0,0.0,29.29824561403509,0.0,0.0,0.0,56.666666666666664,0.0,0.0,0.0,Good_L0_Bad_L1,0.0
Good_L0_Bad_L1 (rho=0.0),Height,0,50%,19,10,19C x 10K,60%,19,6,19C x 6K,63.33333333333333,0.0,0.0,0.0,29.29824561403509,0.0,0.0,0.0,63.33333333333333,0.0,0.0,0.0,Good_L0_Bad_L1,0.0
Good_L0_Bad_L1 (rho=0.0),Height,0,50%,19,10,19C x 10K,70%,13,10,13C x 10K,56.666666666666664,0.0,0.0,0.0,29.29824561403509,0.0,0.0,0.0,56.666666666666664,0.0,0.0,0.0,Good_L0_Bad_L1,0.0
Good_L0_Bad_L1 (rho=0.0),Height,0,50%,19,10,19C x 10K,70%,19,7,19C x 7K,63.33333333333333,0.0,0.0,0.0,29.29824561403509,0.0,0.0,0.0,63.33333333333333,0.0,0.0,0.0,Good_L0_Bad_L1,0.0
Good_L0_Bad_L1 (rho=0.0),Height,0,50%,19,10,19C x 10K,80%,15,10,15C x 10K,60.0,0.0,0.0,0.0,29.29824561403509,0.0,0.0,0.0,60.0,0.0,0.0,0.0,Good_L0_Bad_L1,0.0
Good_L0_Bad_L1 (rho=0.0),Height,0,50%,19,10,19C x 10K,80%,19,8,19C x 8K,63.33333333333333,0.0,0.0,0.0,29.29824561403509,0.0,0.0,0.0,63.33333333333333,0.0,0.0,0.0,Good_L0_Bad_L1,0.0
Good_L0_Bad_L1 (rho=0.0),Height,0,50%,19,10,19C x 10K,90%,17,10,17C x 10K,63.33333333333333,0.0,0.0,0.0,29.29824561403509,0.0,0.0,0.0,63.33333333333333,0.0,0.0,0.0,Good_L0_Bad_L1,0.0
Good_L0_Bad_L1 (rho=0.0),Height,0,50%,19,10,19C x 10K,90%,19,9,19C x 9K,63.33333333333333,0.0,0.0,0.0,29.29824561403509,0.0,0.0,0.0,63.33333333333333,0.0,0.0,0.0,Good_L0_Bad_L1,0.0
Good_L0_Bad_L1 (rho=0.0),Height,0,50%,19,10,19C x 10K,100%,19,10,19C x 10K,33.33333333333333,0.0,0.0,0.0,7.192982456140351,0.0,0.0,0.0,33.33333333333333,0.0,0.0,0.0,Good_L0_Bad_L1,0.0
Good_L0_Bad_L1 (rho=0.0),Height,0,60%,15,15,15C x 15K,10%,1,15,1C x 15K,30.0,0.0,0.0,0.0,29.333333333333332,0.0,0.0,0.0,30.0,0.0,0.0,0.0,Good_L0_Bad_L1,0.0
Good_L0_Bad_L1 (rho=0.0),Height,0,60%,15,15,15C x 15K,10%,4,6,4C x 6K,43.333333333333336,0.0,0.0,0.0,29.333333333333332,0.0,0.0,0.0,43.333333333333336,0.0,0.0,0.0,Good_L0_Bad_L1,0.0
Good_L0_Bad_L1 (rho=0.0),Height,0,60%,15,15,15C x 15K,20%,15,3,15C x 3K,46.666666666666664,0.0,0.0,0.0,29.333333333333332,0.0,0.0,0.0,46.666666666666664,0.0,0.0,0.0,Good_L0_Bad_L1,0.0
Good_L0_Bad_L1 (rho=0.0),Height,0,60%,15,15,15C x 15K,20%,3,15,3C x 15K,40.0,0.0,0.0,0.0,29.333333333333332,0.0,0.0,0.0,40.0,0.0,0.0,0.0,Good_L0_Bad_L1,0.0
Good_L0_Bad_L1 (rho=0.0),Height,0,60%,15,15,15C x 15K,30%,5,15,5C x 15K,46.666666666666664,0.0,0.0,0.0,29.333333333333332,0.0,0.0,0.0,46.666666666666664,0.0,0.0,0.0,Good_L0_Bad_L1,0.0
Good_L0_Bad_L1 (rho=0.0),Height,0,60%,15,15,15C x 15K,30%,8,8,8C x 8K,40.0,0.0,0.0,0.0,29.333333333333332,0.0,0.0,0.0,40.0,0.0,0.0,0.0,Good_L0_Bad_L1,0.0
Good_L0_Bad_L1 (rho=0.0),Height,0,60%,15,15,15C x 15K,40%,15,6,15C x 6K,46.666666666666664,0.0,0.0,0.0,29.333333333333332,0.0,0.0,0.0,46.666666666666664,0.0,0.0,0.0,Good_L0_Bad_L1,0.0
Good_L0_Bad_L1 (rho=0.0),Height,0,60%,15,15,15C x 15K,40%,6,15,6C x 15K,50.0,0.0,0.0,0.0,29.333333333333332,0.0,0.0,0.0,50.0,0.0,0.0,0.0,Good_L0_Bad_L1,0.0
Good_L0_Bad_L1 (rho=0.0),Height,0,60%,15,15,15C x 15K,50%,11,10,11C x 10K,40.0,0.0,0.0,0.0,29.333333333333332,0.0,0.0,0.0,40.0,0.0,0.0,0.0,Good_L0_Bad_L1,0.0
Good_L0_Bad_L1 (rho=0.0),Height,0,60%,15,15,15C x 15K,50%,7,15,7C x 15K,53.333333333333336,0.0,0.0,0.0,29.333333333333332,0.0,0.0,0.0,53.333333333333336,0.0,0.0,0.0,Good_L0_Bad_L1,0.0
Good_L0_Bad_L1 (rho=0.0),Height,0,60%,15,15,15C x 15K,60%,15,9,15C x 9K,40.0,0.0,0.0,0.0,29.333333333333332,0.0,0.0,0.0,40.0,0.0,0.0,0.0,Good_L0_Bad_L1,0.0
Good_L0_Bad_L1 (rho=0.0),Height,0,60%,15,15,15C x 15K,60%,9,15,9C x 15K,60.0,0.0,0.0,0.0,29.333333333333332,0.0,0.0,0.0,60.0,0.0,0.0,0.0,Good_L0_Bad_L1,0.0
Good_L0_Bad_L1 (rho=0.0),Height,0,60%,15,15,15C x 15K,70%,11,15,11C x 15K,60.0,0.0,0.0,0.0,29.333333333333332,0.0,0.0,0.0,60.0,0.0,0.0,0.0,Good_L0_Bad_L1,0.0
Good_L0_Bad_L1 (rho=0.0),Height,0,60%,15,15,15C x 15K,70%,13,12,13C x 12K,56.666666666666664,0.0,0.0,0.0,29.333333333333332,0.0,0.0,0.0,56.666666666666664,0.0,0.0,0.0,Good_L0_Bad_L1,0.0
Good_L0_Bad_L1 (rho=0.0),Height,0,60%,15,15,15C x 15K,80%,12,15,12C x 15K,56.666666666666664,0.0,0.0,0.0,29.333333333333332,0.0,0.0,0.0,56.666666666666664,0.0,0.0,0.0,Good_L0_Bad_L1,0.0
Good_L0_Bad_L1 (rho=0.0),Height,0,60%,15,15,15C x 15K,80%,15,12,15C x 12K,53.333333333333336,0.0,0.0,0.0,29.333333333333332,0.0,0.0,0.0,53.333333333333336,0.0,0.0,0.0,Good_L0_Bad_L1,0.0
Good_L0_Bad_L1 (rho=0.0),Height,0,60%,15,15,15C x 15K,90%,13,15,13C x 15K,60.0,0.0,0.0,0.0,29.333333333333332,0.0,0.0,0.0,60.0,0.0,0.0,0.0,Good_L0_Bad_L1,0.0
Good_L0_Bad_L1 (rho=0.0),Height,0,60%,15,15,15C x 15K,90%,14,14,14C x 14K,60.0,0.0,0.0,0.0,29.333333333333332,0.0,0.0,0.0,60.0,0.0,0.0,0.0,Good_L0_Bad_L1,0.0
Good_L0_Bad_L1 (rho=0.0),Height,0,60%,15,15,15C x 15K,100%,15,15,15C x 15K,26.666666666666668,0.0,0.0,0.0,7.333333333333333,0.0,0.0,0.0,26.666666666666668,0.0,0.0,0.0,Good_L0_Bad_L1,0.0
Good_L0_Bad_L1 (rho=0.0),Height,0,60%,25,9,25C x 9K,10%,22,1,22C x 1K,40.0,0.0,0.0,0.0,27.6,0.0,0.0,0.0,40.0,0.0,0.0,0.0,Good_L0_Bad_L1,0.0
Good_L0_Bad_L1 (rho=0.0),Height,0,60%,25,9,25C x 9K,10%,2,9,2C x 9K,43.333333333333336,0.0,0.0,0.0,27.6,0.0,0.0,0.0,43.333333333333336,0.0,0.0,0.0,Good_L0_Bad_L1,0.0
Good_L0_Bad_L1 (rho=0.0),Height,0,60%,25,9,25C x 9K,20%,11,4,11C x 4K,53.333333333333336,0.0,0.0,0.0,27.6,0.0,0.0,0.0,53.333333333333336,0.0,0.0,0.0,Good_L0_Bad_L1,0.0
Good_L0_Bad_L1 (rho=0.0),Height,0,60%,25,9,25C x 9K,20%,5,9,5C x 9K,50.0,0.0,0.0,0.0,27.6,0.0,0.0,0.0,50.0,0.0,0.0,0.0,Good_L0_Bad_L1,0.0
Good_L0_Bad_L1 (rho=0.0),Height,0,60%,25,9,25C x 9K,30%,17,4,17C x 4K,63.33333333333333,0.0,0.0,0.0,27.6,0.0,0.0,0.0,63.33333333333333,0.0,0.0,0.0,Good_L0_Bad_L1,0.0
Good_L0_Bad_L1 (rho=0.0),Height,0,60%,25,9,25C x 9K,30%,8,9,8C x 9K,60.0,0.0,0.0,0.0,27.6,0.0,0.0,0.0,60.0,0.0,0.0,0.0,Good_L0_Bad_L1,0.0
Good_L0_Bad_L1 (rho=0.0),Height,0,60%,25,9,25C x 9K,40%,10,9,10C x 9K,60.0,0.0,0.0,0.0,27.6,0.0,0.0,0.0,60.0,0.0,0.0,0.0,Good_L0_Bad_L1,0.0
Good_L0_Bad_L1 (rho=0.0),Height,0,60%,25,9,25C x 9K,40%,18,5,18C x 5K,53.333333333333336,0.0,0.0,0.0,27.6,0.0,0.0,0.0,53.333333333333336,0.0,0.0,0.0,Good_L0_Bad_L1,0.0
Good_L0_Bad_L1 (rho=0.0),Height,0,60%,25,9,25C x 9K,50%,12,9,12C x 9K,56.666666666666664,0.0,0.0,0.0,27.6,0.0,0.0,0.0,56.666666666666664,0.0,0.0,0.0,Good_L0_Bad_L1,0.0
Good_L0_Bad_L1 (rho=0.0),Height,0,60%,25,9,25C x 9K,50%,19,6,19C x 6K,63.33333333333333,0.0,0.0,0.0,27.6,0.0,0.0,0.0,63.33333333333333,0.0,0.0,0.0,Good_L0_Bad_L1,0.0
Good_L0_Bad_L1 (rho=0.0),Height,0,60%,25,9,25C x 9K,60%,15,9,15C x 9K,60.0,0.0,0.0,0.0,27.6,0.0,0.0,0.0,60.0,0.0,0.0,0.0,Good_L0_Bad_L1,0.0
Good_L0_Bad_L1 (rho=0.0),Height,0,60%,25,9,25C x 9K,60%,22,6,22C x 6K,70.0,0.0,0.0,0.0,27.6,0.0,0.0,0.0,70.0,0.0,0.0,0.0,Good_L0_Bad_L1,0.0
Good_L0_Bad_L1 (rho=0.0),Height,0,60%,25,9,25C x 9K,70%,18,9,18C x 9K,66.66666666666666,0.0,0.0,0.0,27.6,0.0,0.0,0.0,66.66666666666666,0.0,0.0,0.0,Good_L0_Bad_L1,0.0
Good_L0_Bad_L1 (rho=0.0),Height,0,60%,25,9,25C x 9K,70%,23,7,23C x 7K,63.33333333333333,0.0,0.0,0.0,27.6,0.0,0.0,0.0,63.33333333333333,0.0,0.0,0.0,Good_L0_Bad_L1,0.0
Good_L0_Bad_L1 (rho=0.0),Height,0,60%,25,9,25C x 9K,80%,20,9,20C x 9K,70.0,0.0,0.0,0.0,27.6,0.0,0.0,0.0,70.0,0.0,0.0,0.0,Good_L0_Bad_L1,0.0
Good_L0_Bad_L1 (rho=0.0),Height,0,60%,25,9,25C x 9K,80%,22,8,22C x 8K,73.33333333333333,0.0,0.0,0.0,27.6,0.0,0.0,0.0,73.33333333333333,0.0,0.0,0.0,Good_L0_Bad_L1,0.0
Good_L0_Bad_L1 (rho=0.0),Height,0,60%,25,9,25C x 9K,90%,22,9,22C x 9K,73.33333333333333,0.0,0.0,0.0,27.6,0.0,0.0,0.0,73.33333333333333,0.0,0.0,0.0,Good_L0_Bad_L1,0.0
Good_L0_Bad_L1 (rho=0.0),Height,0,60%,25,9,25C x 9K,90%,25,8,25C x 8K,76.66666666666667,0.0,0.0,0.0,27.6,0.0,0.0,0.0,76.66666666666667,0.0,0.0,0.0,Good_L0_Bad_L1,0.0
Good_L0_Bad_L1 (rho=0.0),Height,0,60%,25,9,25C x 9K,100%,25,9,25C x 9K,26.666666666666668,0.0,0.0,0.0,6.800000000000001,0.0,0.0,0.0,26.666666666666668,0.0,0.0,0.0,Good_L0_Bad_L1,0.0
Good_L0_Bad_L1 (rho=0.0),Height,0,70%,17,15,17C x 15K,10%,2,15,2C x 15K,46.666666666666664,0.0,0.0,0.0,29.607843137254903,0.0,0.0,0.0,46.666666666666664,0.0,0.0,0.0,Good_L0_Bad_L1,0.0
Good_L0_Bad_L1 (rho=0.0),Height,0,70%,17,15,17C x 15K,10%,4,6,4C x 6K,40.0,0.0,0.0,0.0,29.607843137254903,0.0,0.0,0.0,40.0,0.0,0.0,0.0,Good_L0_Bad_L1,0.0
Good_L0_Bad_L1 (rho=0.0),Height,0,70%,17,15,17C x 15K,20%,17,3,17C x 3K,60.0,0.0,0.0,0.0,29.607843137254903,0.0,0.0,0.0,60.0,0.0,0.0,0.0,Good_L0_Bad_L1,0.0
Good_L0_Bad_L1 (rho=0.0),Height,0,70%,17,15,17C x 15K,20%,3,15,3C x 15K,46.666666666666664,0.0,0.0,0.0,29.607843137254903,0.0,0.0,0.0,46.666666666666664,0.0,0.0,0.0,Good_L0_Bad_L1,0.0
Good_L0_Bad_L1 (rho=0.0),Height,0,70%,17,15,17C x 15K,30%,10,8,10C x 8K,40.0,0.0,0.0,0.0,29.607843137254903,0.0,0.0,0.0,40.0,0.0,0.0,0.0,Good_L0_Bad_L1,0.0
Good_L0_Bad_L1 (rho=0.0),Height,0,70%,17,15,17C x 15K,30%,5,15,5C x 15K,53.333333333333336,0.0,0.0,0.0,29.607843137254903,0.0,0.0,0.0,53.333333333333336,0.0,0.0,0.0,Good_L0_Bad_L1,0.0
Good_L0_Bad_L1 (rho=0.0),Height,0,70%,17,15,17C x 15K,40%,17,6,17C x 6K,63.33333333333333,0.0,0.0,0.0,29.607843137254903,0.0,0.0,0.0,63.33333333333333,0.0,0.0,0.0,Good_L0_Bad_L1,0.0
Good_L0_Bad_L1 (rho=0.0),Height,0,70%,17,15,17C x 15K,40%,7,15,7C x 15K,53.333333333333336,0.0,0.0,0.0,29.607843137254903,0.0,0.0,0.0,53.333333333333336,0.0,0.0,0.0,Good_L0_Bad_L1,0.0
Good_L0_Bad_L1 (rho=0.0),Height,0,70%,17,15,17C x 15K,50%,13,10,13C x 10K,60.0,0.0,0.0,0.0,29.607843137254903,0.0,0.0,0.0,60.0,0.0,0.0,0.0,Good_L0_Bad_L1,0.0
Good_L0_Bad_L1 (rho=0.0),Height,0,70%,17,15,17C x 15K,50%,9,15,9C x 15K,53.333333333333336,0.0,0.0,0.0,29.607843137254903,0.0,0.0,0.0,53.333333333333336,0.0,0.0,0.0,Good_L0_Bad_L1,0.0
Good_L0_Bad_L1 (rho=0.0),Height,0,70%,17,15,17C x 15K,60%,10,15,10C x 15K,56.666666666666664,0.0,0.0,0.0,29.607843137254903,0.0,0.0,0.0,56.666666666666664,0.0,0.0,0.0,Good_L0_Bad_L1,0.0
Good_L0_Bad_L1 (rho=0.0),Height,0,70%,17,15,17C x 15K,60%,17,9,17C x 9K,70.0,0.0,0.0,0.0,29.607843137254903,0.0,0.0,0.0,70.0,0.0,0.0,0.0,Good_L0_Bad_L1,0.0
Good_L0_Bad_L1 (rho=0.0),Height,0,70%,17,15,17C x 15K,70%,12,15,12C x 15K,66.66666666666666,0.0,0.0,0.0,29.607843137254903,0.0,0.0,0.0,66.66666666666666,0.0,0.0,0.0,Good_L0_Bad_L1,0.0
Good_L0_Bad_L1 (rho=0.0),Height,0,70%,17,15,17C x 15K,70%,15,12,15C x 12K,66.66666666666666,0.0,0.0,0.0,29.607843137254903,0.0,0.0,0.0,66.66666666666666,0.0,0.0,0.0,Good_L0_Bad_L1,0.0
Good_L0_Bad_L1 (rho=0.0),Height,0,70%,17,15,17C x 15K,80%,14,15,14C x 15K,70.0,0.0,0.0,0.0,29.607843137254903,0.0,0.0,0.0,70.0,0.0,0.0,0.0,Good_L0_Bad_L1,0.0
Good_L0_Bad_L1 (rho=0.0),Height,0,70%,17,15,17C x 15K,80%,17,12,17C x 12K,60.0,0.0,0.0,0.0,29.607843137254903,0.0,0.0,0.0,60.0,0.0,0.0,0.0,Good_L0_Bad_L1,0.0
Good_L0_Bad_L1 (rho=0.0),Height,0,70%,17,15,17C x 15K,90%,15,15,15C x 15K,73.33333333333333,0.0,0.0,0.0,29.607843137254903,0.0,0.0,0.0,73.33333333333333,0.0,0.0,0.0,Good_L0_Bad_L1,0.0
Good_L0_Bad_L1 (rho=0.0),Height,0,70%,17,15,17C x 15K,90%,16,14,16C x 14K,73.33333333333333,0.0,0.0,0.0,29.607843137254903,0.0,0.0,0.0,73.33333333333333,0.0,0.0,0.0,Good_L0_Bad_L1,0.0
Good_L0_Bad_L1 (rho=0.0),Height,0,70%,17,15,17C x 15K,100%,17,15,17C x 15K,33.33333333333333,0.0,0.0,0.0,7.0588235294117645,0.0,0.0,0.0,33.33333333333333,0.0,0.0,0.0,Good_L0_Bad_L1,0.0
Good_L0_Bad_L1 (rho=0.0),Height,0,70%,22,12,22C x 12K,10%,2,12,2C x 12K,46.666666666666664,0.0,0.0,0.0,29.545454545454547,0.0,0.0,0.0,46.666666666666664,0.0,0.0,0.0,Good_L0_Bad_L1,0.0
Good_L0_Bad_L1 (rho=0.0),Height,0,70%,22,12,22C x 12K,10%,5,5,5C x 5K,36.666666666666664,0.0,0.0,0.0,29.545454545454547,0.0,0.0,0.0,36.666666666666664,0.0,0.0,0.0,Good_L0_Bad_L1,0.0
Good_L0_Bad_L1 (rho=0.0),Height,0,70%,22,12,22C x 12K,20%,11,5,11C x 5K,50.0,0.0,0.0,0.0,29.545454545454547,0.0,0.0,0.0,50.0,0.0,0.0,0.0,Good_L0_Bad_L1,0.0
Good_L0_Bad_L1 (rho=0.0),Height,0,70%,22,12,22C x 12K,20%,4,12,4C x 12K,50.0,0.0,0.0,0.0,29.545454545454547,0.0,0.0,0.0,50.0,0.0,0.0,0.0,Good_L0_Bad_L1,0.0
Good_L0_Bad_L1 (rho=0.0),Height,0,70%,22,12,22C x 12K,30%,13,6,13C x 6K,40.0,0.0,0.0,0.0,29.545454545454547,0.0,0.0,0.0,40.0,0.0,0.0,0.0,Good_L0_Bad_L1,0.0
Good_L0_Bad_L1 (rho=0.0),Height,0,70%,22,12,22C x 12K,30%,7,12,7C x 12K,50.0,0.0,0.0,0.0,29.545454545454547,0.0,0.0,0.0,50.0,0.0,0.0,0.0,Good_L0_Bad_L1,0.0
Good_L0_Bad_L1 (rho=0.0),Height,0,70%,22,12,22C x 12K,40%,15,7,15C x 7K,60.0,0.0,0.0,0.0,29.545454545454547,0.0,0.0,0.0,60.0,0.0,0.0,0.0,Good_L0_Bad_L1,0.0
Good_L0_Bad_L1 (rho=0.0),Height,0,70%,22,12,22C x 12K,40%,9,12,9C x 12K,63.33333333333333,0.0,0.0,0.0,29.545454545454547,0.0,0.0,0.0,63.33333333333333,0.0,0.0,0.0,Good_L0_Bad_L1,0.0
Good_L0_Bad_L1 (rho=0.0),Height,0,70%,22,12,22C x 12K,50%,11,12,11C x 12K,63.33333333333333,0.0,0.0,0.0,29.545454545454547,0.0,0.0,0.0,63.33333333333333,0.0,0.0,0.0,Good_L0_Bad_L1,0.0
Good_L0_Bad_L1 (rho=0.0),Height,0,70%,22,12,22C x 12K,50%,22,6,22C x 6K,63.33333333333333,0.0,0.0,0.0,29.545454545454547,0.0,0.0,0.0,63.33333333333333,0.0,0.0,0.0,Good_L0_Bad_L1,0.0
Good_L0_Bad_L1 (rho=0.0),Height,0,70%,22,12,22C x 12K,60%,13,12,13C x 12K,56.666666666666664,0.0,0.0,0.0,29.545454545454547,0.0,0.0,0.0,56.666666666666664,0.0,0.0,0.0,Good_L0_Bad_L1,0.0
Good_L0_Bad_L1 (rho=0.0),Height,0,70%,22,12,22C x 12K,60%,18,9,18C x 9K,60.0,0.0,0.0,0.0,29.545454545454547,0.0,0.0,0.0,60.0,0.0,0.0,0.0,Good_L0_Bad_L1,0.0
Good_L0_Bad_L1 (rho=0.0),Height,0,70%,22,12,22C x 12K,70%,15,12,15C x 12K,56.666666666666664,0.0,0.0,0.0,29.545454545454547,0.0,0.0,0.0,56.666666666666664,0.0,0.0,0.0,Good_L0_Bad_L1,0.0
Good_L0_Bad_L1 (rho=0.0),Height,0,70%,22,12,22C x 12K,70%,21,9,21C x 9K,63.33333333333333,0.0,0.0,0.0,29.545454545454547,0.0,0.0,0.0,63.33333333333333,0.0,0.0,0.0,Good_L0_Bad_L1,0.0
Good_L0_Bad_L1 (rho=0.0),Height,0,70%,22,12,22C x 12K,80%,18,12,18C x 12K,63.33333333333333,0.0,0.0,0.0,29.545454545454547,0.0,0.0,0.0,63.33333333333333,0.0,0.0,0.0,Good_L0_Bad_L1,0.0
Good_L0_Bad_L1 (rho=0.0),Height,0,70%,22,12,22C x 12K,80%,21,10,21C x 10K,66.66666666666666,0.0,0.0,0.0,29.545454545454547,0.0,0.0,0.0,66.66666666666666,0.0,0.0,0.0,Good_L0_Bad_L1,0.0
Good_L0_Bad_L1 (rho=0.0),Height,0,70%,22,12,22C x 12K,90%,20,12,20C x 12K,60.0,0.0,0.0,0.0,29.545454545454547,0.0,0.0,0.0,60.0,0.0,0.0,0.0,Good_L0_Bad_L1,0.0
Good_L0_Bad_L1 (rho=0.0),Height,0,70%,22,12,22C x 12K,90%,22,11,22C x 11K,80.0,0.0,0.0,0.0,29.545454545454547,0.0,0.0,0.0,80.0,0.0,0.0,0.0,Good_L0_Bad_L1,0.0
Good_L0_Bad_L1 (rho=0.0),Height,0,70%,22,12,22C x 12K,100%,22,12,22C x 12K,40.0,0.0,0.0,0.0,5.909090909090909,0.0,0.0,0.0,40.0,0.0,0.0,0.0,Good_L0_Bad_L1,0.0
Good_L0_Bad_L1 (rho=0.0),Height,0,80%,20,15,20C x 15K,10%,2,15,2C x 15K,46.666666666666664,0.0,0.0,0.0,29.833333333333336,0.0,0.0,0.0,46.666666666666664,0.0,0.0,0.0,Good_L0_Bad_L1,0.0
Good_L0_Bad_L1 (rho=0.0),Height,0,80%,20,15,20C x 15K,10%,5,6,5C x 6K,50.0,0.0,0.0,0.0,29.833333333333336,0.0,0.0,0.0,50.0,0.0,0.0,0.0,Good_L0_Bad_L1,0.0
Good_L0_Bad_L1 (rho=0.0),Height,0,80%,20,15,20C x 15K,20%,20,3,20C x 3K,50.0,0.0,0.0,0.0,29.833333333333336,0.0,0.0,0.0,50.0,0.0,0.0,0.0,Good_L0_Bad_L1,0.0
Good_L0_Bad_L1 (rho=0.0),Height,0,80%,20,15,20C x 15K,20%,4,15,4C x 15K,50.0,0.0,0.0,0.0,29.833333333333336,0.0,0.0,0.0,50.0,0.0,0.0,0.0,Good_L0_Bad_L1,0.0
Good_L0_Bad_L1 (rho=0.0),Height,0,80%,20,15,20C x 15K,30%,11,8,11C x 8K,53.333333333333336,0.0,0.0,0.0,29.833333333333336,0.0,0.0,0.0,53.333333333333336,0.0,0.0,0.0,Good_L0_Bad_L1,0.0
Good_L0_Bad_L1 (rho=0.0),Height,0,80%,20,15,20C x 15K,30%,6,15,6C x 15K,60.0,0.0,0.0,0.0,29.833333333333336,0.0,0.0,0.0,60.0,0.0,0.0,0.0,Good_L0_Bad_L1,0.0
Good_L0_Bad_L1 (rho=0.0),Height,0,80%,20,15,20C x 15K,40%,20,6,20C x 6K,70.0,0.0,0.0,0.0,29.833333333333336,0.0,0.0,0.0,70.0,0.0,0.0,0.0,Good_L0_Bad_L1,0.0
Good_L0_Bad_L1 (rho=0.0),Height,0,80%,20,15,20C x 15K,40%,8,15,8C x 15K,56.666666666666664,0.0,0.0,0.0,29.833333333333336,0.0,0.0,0.0,56.666666666666664,0.0,0.0,0.0,Good_L0_Bad_L1,0.0
Good_L0_Bad_L1 (rho=0.0),Height,0,80%,20,15,20C x 15K,50%,10,15,10C x 15K,63.33333333333333,0.0,0.0,0.0,29.833333333333336,0.0,0.0,0.0,63.33333333333333,0.0,0.0,0.0,Good_L0_Bad_L1,0.0
Good_L0_Bad_L1 (rho=0.0),Height,0,80%,20,15,20C x 15K,50%,15,10,15C x 10K,63.33333333333333,0.0,0.0,0.0,29.833333333333336,0.0,0.0,0.0,63.33333333333333,0.0,0.0,0.0,Good_L0_Bad_L1,0.0
Good_L0_Bad_L1 (rho=0.0),Height,0,80%,20,15,20C x 15K,60%,12,15,12C x 15K,70.0,0.0,0.0,0.0,29.833333333333336,0.0,0.0,0.0,70.0,0.0,0.0,0.0,Good_L0_Bad_L1,0.0
Good_L0_Bad_L1 (rho=0.0),Height,0,80%,20,15,20C x 15K,60%,20,9,20C x 9K,66.66666666666666,0.0,0.0,0.0,29.833333333333336,0.0,0.0,0.0,66.66666666666666,0.0,0.0,0.0,Good_L0_Bad_L1,0.0
Good_L0_Bad_L1 (rho=0.0),Height,0,80%,20,15,20C x 15K,70%,14,15,14C x 15K,66.66666666666666,0.0,0.0,0.0,29.833333333333336,0.0,0.0,0.0,66.66666666666666,0.0,0.0,0.0,Good_L0_Bad_L1,0.0
Good_L0_Bad_L1 (rho=0.0),Height,0,80%,20,15,20C x 15K,70%,18,12,18C x 12K,63.33333333333333,0.0,0.0,0.0,29.833333333333336,0.0,0.0,0.0,63.33333333333333,0.0,0.0,0.0,Good_L0_Bad_L1,0.0
Good_L0_Bad_L1 (rho=0.0),Height,0,80%,20,15,20C x 15K,80%,16,15,16C x 15K,70.0,0.0,0.0,0.0,29.833333333333336,0.0,0.0,0.0,70.0,0.0,0.0,0.0,Good_L0_Bad_L1,0.0
Good_L0_Bad_L1 (rho=0.0),Height,0,80%,20,15,20C x 15K,80%,20,12,20C x 12K,76.66666666666667,0.0,0.0,0.0,29.833333333333336,0.0,0.0,0.0,76.66666666666667,0.0,0.0,0.0,Good_L0_Bad_L1,0.0
Good_L0_Bad_L1 (rho=0.0),Height,0,80%,20,15,20C x 15K,90%,18,15,18C x 15K,76.66666666666667,0.0,0.0,0.0,29.833333333333336,0.0,0.0,0.0,76.66666666666667,0.0,0.0,0.0,Good_L0_Bad_L1,0.0
Good_L0_Bad_L1 (rho=0.0),Height,0,80%,20,15,20C x 15K,90%,19,14,19C x 14K,76.66666666666667,0.0,0.0,0.0,29.833333333333336,0.0,0.0,0.0,76.66666666666667,0.0,0.0,0.0,Good_L0_Bad_L1,0.0
Good_L0_Bad_L1 (rho=0.0),Height,0,80%,20,15,20C x 15K,100%,20,15,20C x 15K,40.0,0.0,0.0,0.0,7.166666666666667,0.0,0.0,0.0,40.0,0.0,0.0,0.0,Good_L0_Bad_L1,0.0
Good_L0_Bad_L1 (rho=0.0),Height,0,80%,25,12,25C x 12K,10%,2,12,2C x 12K,43.333333333333336,0.0,0.0,0.0,27.6,0.0,0.0,0.0,43.333333333333336,0.0,0.0,0.0,Good_L0_Bad_L1,0.0
Good_L0_Bad_L1 (rho=0.0),Height,0,80%,25,12,25C x 12K,10%,6,5,6C x 5K,36.666666666666664,0.0,0.0,0.0,27.6,0.0,0.0,0.0,36.666666666666664,0.0,0.0,0.0,Good_L0_Bad_L1,0.0
Good_L0_Bad_L1 (rho=0.0),Height,0,80%,25,12,25C x 12K,20%,12,5,12C x 5K,40.0,0.0,0.0,0.0,27.6,0.0,0.0,0.0,40.0,0.0,0.0,0.0,Good_L0_Bad_L1,0.0
Good_L0_Bad_L1 (rho=0.0),Height,0,80%,25,12,25C x 12K,20%,5,12,5C x 12K,53.333333333333336,0.0,0.0,0.0,27.6,0.0,0.0,0.0,53.333333333333336,0.0,0.0,0.0,Good_L0_Bad_L1,0.0
Good_L0_Bad_L1 (rho=0.0),Height,0,80%,25,12,25C x 12K,30%,15,6,15C x 6K,46.666666666666664,0.0,0.0,0.0,27.6,0.0,0.0,0.0,46.666666666666664,0.0,0.0,0.0,Good_L0_Bad_L1,0.0
Good_L0_Bad_L1 (rho=0.0),Height,0,80%,25,12,25C x 12K,30%,8,12,8C x 12K,66.66666666666666,0.0,0.0,0.0,27.6,0.0,0.0,0.0,66.66666666666666,0.0,0.0,0.0,Good_L0_Bad_L1,0.0
Good_L0_Bad_L1 (rho=0.0),Height,0,80%,25,12,25C x 12K,40%,10,12,10C x 12K,56.666666666666664,0.0,0.0,0.0,27.6,0.0,0.0,0.0,56.666666666666664,0.0,0.0,0.0,Good_L0_Bad_L1,0.0
Good_L0_Bad_L1 (rho=0.0),Height,0,80%,25,12,25C x 12K,40%,17,7,17C x 7K,56.666666666666664,0.0,0.0,0.0,27.6,0.0,0.0,0.0,56.666666666666664,0.0,0.0,0.0,Good_L0_Bad_L1,0.0
Good_L0_Bad_L1 (rho=0.0),Height,0,80%,25,12,25C x 12K,50%,12,12,12C x 12K,56.666666666666664,0.0,0.0,0.0,27.6,0.0,0.0,0.0,56.666666666666664,0.0,0.0,0.0,Good_L0_Bad_L1,0.0
Good_L0_Bad_L1 (rho=0.0),Height,0,80%,25,12,25C x 12K,50%,25,6,25C x 6K,66.66666666666666,0.0,0.0,0.0,27.6,0.0,0.0,0.0,66.66666666666666,0.0,0.0,0.0,Good_L0_Bad_L1,0.0
Good_L0_Bad_L1 (rho=0.0),Height,0,80%,25,12,25C x 12K,60%,15,12,15C x 12K,70.0,0.0,0.0,0.0,27.6,0.0,0.0,0.0,70.0,0.0,0.0,0.0,Good_L0_Bad_L1,0.0
Good_L0_Bad_L1 (rho=0.0),Height,0,80%,25,12,25C x 12K,60%,20,9,20C x 9K,66.66666666666666,0.0,0.0,0.0,27.6,0.0,0.0,0.0,66.66666666666666,0.0,0.0,0.0,Good_L0_Bad_L1,0.0
Good_L0_Bad_L1 (rho=0.0),Height,0,80%,25,12,25C x 12K,70%,18,12,18C x 12K,70.0,0.0,0.0,0.0,27.6,0.0,0.0,0.0,70.0,0.0,0.0,0.0,Good_L0_Bad_L1,0.0
Good_L0_Bad_L1 (rho=0.0),Height,0,80%,25,12,25C x 12K,70%,23,9,23C x 9K,60.0,0.0,0.0,0.0,27.6,0.0,0.0,0.0,60.0,0.0,0.0,0.0,Good_L0_Bad_L1,0.0
Good_L0_Bad_L1 (rho=0.0),Height,0,80%,25,12,25C x 12K,80%,20,12,20C x 12K,73.33333333333333,0.0,0.0,0.0,27.6,0.0,0.0,0.0,73.33333333333333,0.0,0.0,0.0,Good_L0_Bad_L1,0.0
Good_L0_Bad_L1 (rho=0.0),Height,0,80%,25,12,25C x 12K,80%,24,10,24C x 10K,70.0,0.0,0.0,0.0,27.6,0.0,0.0,0.0,70.0,0.0,0.0,0.0,Good_L0_Bad_L1,0.0
Good_L0_Bad_L1 (rho=0.0),Height,0,80%,25,12,25C x 12K,90%,22,12,22C x 12K,73.33333333333333,0.0,0.0,0.0,27.6,0.0,0.0,0.0,73.33333333333333,0.0,0.0,0.0,Good_L0_Bad_L1,0.0
Good_L0_Bad_L1 (rho=0.0),Height,0,80%,25,12,25C x 12K,90%,25,11,25C x 11K,73.33333333333333,0.0,0.0,0.0,27.6,0.0,0.0,0.0,73.33333333333333,0.0,0.0,0.0,Good_L0_Bad_L1,0.0
Good_L0_Bad_L1 (rho=0.0),Height,0,80%,25,12,25C x 12K,100%,25,12,25C x 12K,33.33333333333333,0.0,0.0,0.0,6.933333333333333,0.0,0.0,0.0,33.33333333333333,0.0,0.0,0.0,Good_L0_Bad_L1,0.0
Good_L0_Bad_L1 (rho=0.0),Height,0,90%,23,15,23C x 15K,10%,2,15,2C x 15K,40.0,0.0,0.0,0.0,28.840579710144926,0.0,0.0,0.0,40.0,0.0,0.0,0.0,Good_L0_Bad_L1,0.0
Good_L0_Bad_L1 (rho=0.0),Height,0,90%,23,15,23C x 15K,10%,6,6,6C x 6K,43.333333333333336,0.0,0.0,0.0,28.840579710144926,0.0,0.0,0.0,43.333333333333336,0.0,0.0,0.0,Good_L0_Bad_L1,0.0
Good_L0_Bad_L1 (rho=0.0),Height,0,90%,23,15,23C x 15K,20%,23,3,23C x 3K,63.33333333333333,0.0,0.0,0.0,28.840579710144926,0.0,0.0,0.0,63.33333333333333,0.0,0.0,0.0,Good_L0_Bad_L1,0.0
Good_L0_Bad_L1 (rho=0.0),Height,0,90%,23,15,23C x 15K,20%,5,15,5C x 15K,66.66666666666666,0.0,0.0,0.0,28.840579710144926,0.0,0.0,0.0,66.66666666666666,0.0,0.0,0.0,Good_L0_Bad_L1,0.0
Good_L0_Bad_L1 (rho=0.0),Height,0,90%,23,15,23C x 15K,30%,13,8,13C x 8K,60.0,0.0,0.0,0.0,28.840579710144926,0.0,0.0,0.0,60.0,0.0,0.0,0.0,Good_L0_Bad_L1,0.0
Good_L0_Bad_L1 (rho=0.0),Height,0,90%,23,15,23C x 15K,30%,7,15,7C x 15K,53.333333333333336,0.0,0.0,0.0,28.840579710144926,0.0,0.0,0.0,53.333333333333336,0.0,0.0,0.0,Good_L0_Bad_L1,0.0
Good_L0_Bad_L1 (rho=0.0),Height,0,90%,23,15,23C x 15K,40%,23,6,23C x 6K,66.66666666666666,0.0,0.0,0.0,28.840579710144926,0.0,0.0,0.0,66.66666666666666,0.0,0.0,0.0,Good_L0_Bad_L1,0.0
Good_L0_Bad_L1 (rho=0.0),Height,0,90%,23,15,23C x 15K,40%,9,15,9C x 15K,63.33333333333333,0.0,0.0,0.0,28.840579710144926,0.0,0.0,0.0,63.33333333333333,0.0,0.0,0.0,Good_L0_Bad_L1,0.0
Good_L0_Bad_L1 (rho=0.0),Height,0,90%,23,15,23C x 15K,50%,11,15,11C x 15K,66.66666666666666,0.0,0.0,0.0,28.840579710144926,0.0,0.0,0.0,66.66666666666666,0.0,0.0,0.0,Good_L0_Bad_L1,0.0
Good_L0_Bad_L1 (rho=0.0),Height,0,90%,23,15,23C x 15K,50%,17,10,17C x 10K,63.33333333333333,0.0,0.0,0.0,28.840579710144926,0.0,0.0,0.0,63.33333333333333,0.0,0.0,0.0,Good_L0_Bad_L1,0.0
Good_L0_Bad_L1 (rho=0.0),Height,0,90%,23,15,23C x 15K,60%,14,15,14C x 15K,66.66666666666666,0.0,0.0,0.0,28.840579710144926,0.0,0.0,0.0,66.66666666666666,0.0,0.0,0.0,Good_L0_Bad_L1,0.0
Good_L0_Bad_L1 (rho=0.0),Height,0,90%,23,15,23C x 15K,60%,23,9,23C x 9K,70.0,0.0,0.0,0.0,28.840579710144926,0.0,0.0,0.0,70.0,0.0,0.0,0.0,Good_L0_Bad_L1,0.0
Good_L0_Bad_L1 (rho=0.0),Height,0,90%,23,15,23C x 15K,70%,16,15,16C x 15K,76.66666666666667,0.0,0.0,0.0,28.840579710144926,0.0,0.0,0.0,76.66666666666667,0.0,0.0,0.0,Good_L0_Bad_L1,0.0
Good_L0_Bad_L1 (rho=0.0),Height,0,90%,23,15,23C x 15K,70%,20,12,20C x 12K,63.33333333333333,0.0,0.0,0.0,28.840579710144926,0.0,0.0,0.0,63.33333333333333,0.0,0.0,0.0,Good_L0_Bad_L1,0.0
Good_L0_Bad_L1 (rho=0.0),Height,0,90%,23,15,23C x 15K,80%,18,15,18C x 15K,73.33333333333333,0.0,0.0,0.0,28.840579710144926,0.0,0.0,0.0,73.33333333333333,0.0,0.0,0.0,Good_L0_Bad_L1,0.0
Good_L0_Bad_L1 (rho=0.0),Height,0,90%,23,15,23C x 15K,80%,23,12,23C x 12K,90.0,0.0,0.0,0.0,28.840579710144926,0.0,0.0,0.0,90.0,0.0,0.0,0.0,Good_L0_Bad_L1,0.0
Good_L0_Bad_L1 (rho=0.0),Height,0,90%,23,15,23C x 15K,90%,21,15,21C x 15K,86.66666666666667,0.0,0.0,0.0,28.840579710144926,0.0,0.0,0.0,86.66666666666667,0.0,0.0,0.0,Good_L0_Bad_L1,0.0
Good_L0_Bad_L1 (rho=0.0),Height,0,90%,23,15,23C x 15K,90%,22,14,22C x 14K,73.33333333333333,0.0,0.0,0.0,28.840579710144926,0.0,0.0,0.0,73.33333333333333,0.0,0.0,0.0,Good_L0_Bad_L1,0.0
Good_L0_Bad_L1 (rho=0.0),Height,0,90%,23,15,23C x 15K,100%,23,15,23C x 15K,46.666666666666664,0.0,0.0,0.0,6.666666666666667,0.0,0.0,0.0,46.666666666666664,0.0,0.0,0.0,Good_L0_Bad_L1,0.0
Good_L0_Bad_L1 (rho=0.0),Height,0,90%,24,14,24C x 14K,10%,2,14,2C x 14K,36.666666666666664,0.0,0.0,0.0,29.166666666666668,0.0,0.0,0.0,36.666666666666664,0.0,0.0,0.0,Good_L0_Bad_L1,0.0
Good_L0_Bad_L1 (rho=0.0),Height,0,90%,24,14,24C x 14K,10%,7,5,7C x 5K,53.333333333333336,0.0,0.0,0.0,29.166666666666668,0.0,0.0,0.0,53.333333333333336,0.0,0.0,0.0,Good_L0_Bad_L1,0.0
Good_L0_Bad_L1 (rho=0.0),Height,0,90%,24,14,24C x 14K,20%,11,6,11C x 6K,56.666666666666664,0.0,0.0,0.0,29.166666666666668,0.0,0.0,0.0,56.666666666666664,0.0,0.0,0.0,Good_L0_Bad_L1,0.0
Good_L0_Bad_L1 (rho=0.0),Height,0,90%,24,14,24C x 14K,20%,5,14,5C x 14K,50.0,0.0,0.0,0.0,29.166666666666668,0.0,0.0,0.0,50.0,0.0,0.0,0.0,Good_L0_Bad_L1,0.0
Good_L0_Bad_L1 (rho=0.0),Height,0,90%,24,14,24C x 14K,30%,14,7,14C x 7K,46.666666666666664,0.0,0.0,0.0,29.166666666666668,0.0,0.0,0.0,46.666666666666664,0.0,0.0,0.0,Good_L0_Bad_L1,0.0
Good_L0_Bad_L1 (rho=0.0),Height,0,90%,24,14,24C x 14K,30%,7,14,7C x 14K,53.333333333333336,0.0,0.0,0.0,29.166666666666668,0.0,0.0,0.0,53.333333333333336,0.0,0.0,0.0,Good_L0_Bad_L1,0.0
Good_L0_Bad_L1 (rho=0.0),Height,0,90%,24,14,24C x 14K,40%,10,14,10C x 14K,63.33333333333333,0.0,0.0,0.0,29.166666666666668,0.0,0.0,0.0,63.33333333333333,0.0,0.0,0.0,Good_L0_Bad_L1,0.0
Good_L0_Bad_L1 (rho=0.0),Height,0,90%,24,14,24C x 14K,40%,17,8,17C x 8K,53.333333333333336,0.0,0.0,0.0,29.166666666666668,0.0,0.0,0.0,53.333333333333336,0.0,0.0,0.0,Good_L0_Bad_L1,0.0
Good_L0_Bad_L1 (rho=0.0),Height,0,90%,24,14,24C x 14K,50%,12,14,12C x 14K,70.0,0.0,0.0,0.0,29.166666666666668,0.0,0.0,0.0,70.0,0.0,0.0,0.0,Good_L0_Bad_L1,0.0
Good_L0_Bad_L1 (rho=0.0),Height,0,90%,24,14,24C x 14K,50%,24,7,24C x 7K,63.33333333333333,0.0,0.0,0.0,29.166666666666668,0.0,0.0,0.0,63.33333333333333,0.0,0.0,0.0,Good_L0_Bad_L1,0.0
Good_L0_Bad_L1 (rho=0.0),Height,0,90%,24,14,24C x 14K,60%,14,14,14C x 14K,73.33333333333333,0.0,0.0,0.0,29.166666666666668,0.0,0.0,0.0,73.33333333333333,0.0,0.0,0.0,Good_L0_Bad_L1,0.0
Good_L0_Bad_L1 (rho=0.0),Height,0,90%,24,14,24C x 14K,60%,20,10,20C x 10K,60.0,0.0,0.0,0.0,29.166666666666668,0.0,0.0,0.0,60.0,0.0,0.0,0.0,Good_L0_Bad_L1,0.0
Good_L0_Bad_L1 (rho=0.0),Height,0,90%,24,14,24C x 14K,70%,17,14,17C x 14K,76.66666666666667,0.0,0.0,0.0,29.166666666666668,0.0,0.0,0.0,76.66666666666667,0.0,0.0,0.0,Good_L0_Bad_L1,0.0
Good_L0_Bad_L1 (rho=0.0),Height,0,90%,24,14,24C x 14K,70%,21,11,21C x 11K,70.0,0.0,0.0,0.0,29.166666666666668,0.0,0.0,0.0,70.0,0.0,0.0,0.0,Good_L0_Bad_L1,0.0
Good_L0_Bad_L1 (rho=0.0),Height,0,90%,24,14,24C x 14K,80%,19,14,19C x 14K,80.0,0.0,0.0,0.0,29.166666666666668,0.0,0.0,0.0,80.0,0.0,0.0,0.0,Good_L0_Bad_L1,0.0
Good_L0_Bad_L1 (rho=0.0),Height,0,90%,24,14,24C x 14K,80%,24,11,24C x 11K,76.66666666666667,0.0,0.0,0.0,29.166666666666668,0.0,0.0,0.0,76.66666666666667,0.0,0.0,0.0,Good_L0_Bad_L1,0.0
Good_L0_Bad_L1 (rho=0.0),Height,0,90%,24,14,24C x 14K,90%,22,14,22C x 14K,86.66666666666667,0.0,0.0,0.0,29.166666666666668,0.0,0.0,0.0,86.66666666666667,0.0,0.0,0.0,Good_L0_Bad_L1,0.0
Good_L0_Bad_L1 (rho=0.0),Height,0,90%,24,14,24C x 14K,90%,23,13,23C x 13K,90.0,0.0,0.0,0.0,29.166666666666668,0.0,0.0,0.0,90.0,0.0,0.0,0.0,Good_L0_Bad_L1,0.0
Good_L0_Bad_L1 (rho=0.0),Height,0,90%,24,14,24C x 14K,100%,24,14,24C x 14K,43.333333333333336,0.0,0.0,0.0,7.222222222222221,0.0,0.0,0.0,43.333333333333336,0.0,0.0,0.0,Good_L0_Bad_L1,0.0
Good_L0_Bad_L1 (rho=0.0),Height,0,100%,25,15,25C x 15K,10%,3,15,3C x 15K,16.666666666666664,0.0,0.0,0.0,6.533333333333332,0.0,0.0,0.0,16.666666666666664,0.0,0.0,0.0,Good_L0_Bad_L1,0.0
Good_L0_Bad_L1 (rho=0.0),Height,0,100%,25,15,25C x 15K,10%,6,6,6C x 6K,13.333333333333334,0.0,0.0,0.0,6.533333333333332,0.0,0.0,0.0,13.333333333333334,0.0,0.0,0.0,Good_L0_Bad_L1,0.0
Good_L0_Bad_L1 (rho=0.0),Height,0,100%,25,15,25C x 15K,20%,25,3,25C x 3K,20.0,0.0,0.0,0.0,6.533333333333332,0.0,0.0,0.0,20.0,0.0,0.0,0.0,Good_L0_Bad_L1,0.0
Good_L0_Bad_L1 (rho=0.0),Height,0,100%,25,15,25C x 15K,20%,5,15,5C x 15K,26.666666666666668,0.0,0.0,0.0,6.533333333333332,0.0,0.0,0.0,26.666666666666668,0.0,0.0,0.0,Good_L0_Bad_L1,0.0
Good_L0_Bad_L1 (rho=0.0),Height,0,100%,25,15,25C x 15K,30%,14,8,14C x 8K,20.0,0.0,0.0,0.0,6.533333333333332,0.0,0.0,0.0,20.0,0.0,0.0,0.0,Good_L0_Bad_L1,0.0
Good_L0_Bad_L1 (rho=0.0),Height,0,100%,25,15,25C x 15K,30%,7,15,7C x 15K,23.333333333333332,0.0,0.0,0.0,6.533333333333332,0.0,0.0,0.0,23.333333333333332,0.0,0.0,0.0,Good_L0_Bad_L1,0.0
Good_L0_Bad_L1 (rho=0.0),Height,0,100%,25,15,25C x 15K,40%,10,15,10C x 15K,26.666666666666668,0.0,0.0,0.0,6.533333333333332,0.0,0.0,0.0,26.666666666666668,0.0,0.0,0.0,Good_L0_Bad_L1,0.0
Good_L0_Bad_L1 (rho=0.0),Height,0,100%,25,15,25C x 15K,40%,25,6,25C x 6K,20.0,0.0,0.0,0.0,6.533333333333332,0.0,0.0,0.0,20.0,0.0,0.0,0.0,Good_L0_Bad_L1,0.0
Good_L0_Bad_L1 (rho=0.0),Height,0,100%,25,15,25C x 15K,50%,13,15,13C x 15K,23.333333333333332,0.0,0.0,0.0,6.533333333333332,0.0,0.0,0.0,23.333333333333332,0.0,0.0,0.0,Good_L0_Bad_L1,0.0
Good_L0_Bad_L1 (rho=0.0),Height,0,100%,25,15,25C x 15K,50%,19,10,19C x 10K,30.0,0.0,0.0,0.0,6.533333333333332,0.0,0.0,0.0,30.0,0.0,0.0,0.0,Good_L0_Bad_L1,0.0
Good_L0_Bad_L1 (rho=0.0),Height,0,100%,25,15,25C x 15K,60%,15,15,15C x 15K,30.0,0.0,0.0,0.0,6.533333333333332,0.0,0.0,0.0,30.0,0.0,0.0,0.0,Good_L0_Bad_L1,0.0
Good_L0_Bad_L1 (rho=0.0),Height,0,100%,25,15,25C x 15K,60%,25,9,25C x 9K,30.0,0.0,0.0,0.0,6.533333333333332,0.0,0.0,0.0,30.0,0.0,0.0,0.0,Good_L0_Bad_L1,0.0
Good_L0_Bad_L1 (rho=0.0),Height,0,100%,25,15,25C x 15K,70%,17,15,17C x 15K,33.33333333333333,0.0,0.0,0.0,6.533333333333332,0.0,0.0,0.0,33.33333333333333,0.0,0.0,0.0,Good_L0_Bad_L1,0.0
Good_L0_Bad_L1 (rho=0.0),Height,0,100%,25,15,25C x 15K,70%,22,12,22C x 12K,30.0,0.0,0.0,0.0,6.533333333333332,0.0,0.0,0.0,30.0,0.0,0.0,0.0,Good_L0_Bad_L1,0.0
Good_L0_Bad_L1 (rho=0.0),Height,0,100%,25,15,25C x 15K,80%,20,15,20C x 15K,36.666666666666664,0.0,0.0,0.0,6.533333333333332,0.0,0.0,0.0,36.666666666666664,0.0,0.0,0.0,Good_L0_Bad_L1,0.0
Good_L0_Bad_L1 (rho=0.0),Height,0,100%,25,15,25C x 15K,80%,25,12,25C x 12K,40.0,0.0,0.0,0.0,6.533333333333332,0.0,0.0,0.0,40.0,0.0,0.0,0.0,Good_L0_Bad_L1,0.0
Good_L0_Bad_L1 (rho=0.0),Height,0,100%,25,15,25C x 15K,90%,23,15,23C x 15K,43.333333333333336,0.0,0.0,0.0,6.533333333333332,0.0,0.0,0.0,43.333333333333336,0.0,0.0,0.0,Good_L0_Bad_L1,0.0
Good_L0_Bad_L1 (rho=0.0),Height,0,100%,25,15,25C x 15K,90%,24,14,24C x 14K,33.33333333333333,0.0,0.0,0.0,6.533333333333332,0.0,0.0,0.0,33.33333333333333,0.0,0.0,0.0,Good_L0_Bad_L1,0.0
Good_L0_Bad_L1 (rho=0.0),Height,0,100%,25,15,25C x 15K,100%,25,15,25C x 15K,26.666666666666668,0.0,0.0,0.0,1.4666666666666666,0.0,0.0,0.0,26.666666666666668,0.0,0.0,0.0,Good_L0_Bad_L1,0.0
Good_L0_Bad_L1 (rho=0.0),Weight,0,10%,3,15,3C x 15K,10%,1,4,1C x 4K,40.0,0.0,0.0,0.0,26.666666666666668,0.0,0.0,0.0,40.0,0.0,0.0,0.0,Good_L0_Bad_L1,0.0
Good_L0_Bad_L1 (rho=0.0),Weight,0,10%,3,15,3C x 15K,10%,2,2,2C x 2K,40.0,0.0,0.0,0.0,26.666666666666668,0.0,0.0,0.0,40.0,0.0,0.0,0.0,Good_L0_Bad_L1,0.0
Good_L0_Bad_L1 (rho=0.0),Weight,0,10%,3,15,3C x 15K,20%,1,9,1C x 9K,36.666666666666664,0.0,0.0,0.0,26.666666666666668,0.0,0.0,0.0,36.666666666666664,0.0,0.0,0.0,Good_L0_Bad_L1,0.0
Good_L0_Bad_L1 (rho=0.0),Weight,0,10%,3,15,3C x 15K,20%,3,3,3C x 3K,40.0,0.0,0.0,0.0,26.666666666666668,0.0,0.0,0.0,40.0,0.0,0.0,0.0,Good_L0_Bad_L1,0.0
Good_L0_Bad_L1 (rho=0.0),Weight,0,10%,3,15,3C x 15K,30%,1,14,1C x 14K,50.0,0.0,0.0,0.0,26.666666666666668,0.0,0.0,0.0,50.0,0.0,0.0,0.0,Good_L0_Bad_L1,0.0
Good_L0_Bad_L1 (rho=0.0),Weight,0,10%,3,15,3C x 15K,30%,2,7,2C x 7K,43.333333333333336,0.0,0.0,0.0,26.666666666666668,0.0,0.0,0.0,43.333333333333336,0.0,0.0,0.0,Good_L0_Bad_L1,0.0
Good_L0_Bad_L1 (rho=0.0),Weight,0,10%,3,15,3C x 15K,40%,1,15,1C x 15K,53.333333333333336,0.0,0.0,0.0,26.666666666666668,0.0,0.0,0.0,53.333333333333336,0.0,0.0,0.0,Good_L0_Bad_L1,0.0
Good_L0_Bad_L1 (rho=0.0),Weight,0,10%,3,15,3C x 15K,40%,3,6,3C x 6K,43.333333333333336,0.0,0.0,0.0,26.666666666666668,0.0,0.0,0.0,43.333333333333336,0.0,0.0,0.0,Good_L0_Bad_L1,0.0
Good_L0_Bad_L1 (rho=0.0),Weight,0,10%,3,15,3C x 15K,50%,1,15,1C x 15K,53.333333333333336,0.0,0.0,0.0,26.666666666666668,0.0,0.0,0.0,53.333333333333336,0.0,0.0,0.0,Good_L0_Bad_L1,0.0
Good_L0_Bad_L1 (rho=0.0),Weight,0,10%,3,15,3C x 15K,50%,3,7,3C x 7K,43.333333333333336,0.0,0.0,0.0,26.666666666666668,0.0,0.0,0.0,43.333333333333336,0.0,0.0,0.0,Good_L0_Bad_L1,0.0
Good_L0_Bad_L1 (rho=0.0),Weight,0,10%,3,15,3C x 15K,60%,2,15,2C x 15K,46.666666666666664,0.0,0.0,0.0,26.666666666666668,0.0,0.0,0.0,46.666666666666664,0.0,0.0,0.0,Good_L0_Bad_L1,0.0
Good_L0_Bad_L1 (rho=0.0),Weight,0,10%,3,15,3C x 15K,60%,3,9,3C x 9K,40.0,0.0,0.0,0.0,26.666666666666668,0.0,0.0,0.0,40.0,0.0,0.0,0.0,Good_L0_Bad_L1,0.0
Good_L0_Bad_L1 (rho=0.0),Weight,0,10%,3,15,3C x 15K,70%,2,15,2C x 15K,46.666666666666664,0.0,0.0,0.0,26.666666666666668,0.0,0.0,0.0,46.666666666666664,0.0,0.0,0.0,Good_L0_Bad_L1,0.0
Good_L0_Bad_L1 (rho=0.0),Weight,0,10%,3,15,3C x 15K,70%,3,10,3C x 10K,40.0,0.0,0.0,0.0,26.666666666666668,0.0,0.0,0.0,40.0,0.0,0.0,0.0,Good_L0_Bad_L1,0.0
Good_L0_Bad_L1 (rho=0.0),Weight,0,10%,3,15,3C x 15K,80%,2,15,2C x 15K,46.666666666666664,0.0,0.0,0.0,26.666666666666668,0.0,0.0,0.0,46.666666666666664,0.0,0.0,0.0,Good_L0_Bad_L1,0.0
Good_L0_Bad_L1 (rho=0.0),Weight,0,10%,3,15,3C x 15K,80%,3,12,3C x 12K,46.666666666666664,0.0,0.0,0.0,26.666666666666668,0.0,0.0,0.0,46.666666666666664,0.0,0.0,0.0,Good_L0_Bad_L1,0.0
Good_L0_Bad_L1 (rho=0.0),Weight,0,10%,3,15,3C x 15K,90%,3,13,3C x 13K,46.666666666666664,0.0,0.0,0.0,26.666666666666668,0.0,0.0,0.0,46.666666666666664,0.0,0.0,0.0,Good_L0_Bad_L1,0.0
Good_L0_Bad_L1 (rho=0.0),Weight,0,10%,3,15,3C x 15K,90%,3,15,3C x 15K,36.666666666666664,0.0,0.0,0.0,26.666666666666668,0.0,0.0,0.0,36.666666666666664,0.0,0.0,0.0,Good_L0_Bad_L1,0.0
Good_L0_Bad_L1 (rho=0.0),Weight,0,10%,3,15,3C x 15K,100%,3,15,3C x 15K,16.666666666666664,0.0,0.0,0.0,4.444444444444445,0.0,0.0,0.0,16.666666666666664,0.0,0.0,0.0,Good_L0_Bad_L1,0.0
Good_L0_Bad_L1 (rho=0.0),Weight,0,10%,6,6,6C x 6K,10%,1,4,1C x 4K,36.666666666666664,0.0,0.0,0.0,31.11111111111111,0.0,0.0,0.0,36.666666666666664,0.0,0.0,0.0,Good_L0_Bad_L1,0.0
Good_L0_Bad_L1 (rho=0.0),Weight,0,10%,6,6,6C x 6K,10%,4,1,4C x 1K,43.333333333333336,0.0,0.0,0.0,31.11111111111111,0.0,0.0,0.0,43.333333333333336,0.0,0.0,0.0,Good_L0_Bad_L1,0.0
Good_L0_Bad_L1 (rho=0.0),Weight,0,10%,6,6,6C x 6K,20%,1,6,1C x 6K,33.33333333333333,0.0,0.0,0.0,31.11111111111111,0.0,0.0,0.0,33.33333333333333,0.0,0.0,0.0,Good_L0_Bad_L1,0.0
Good_L0_Bad_L1 (rho=0.0),Weight,0,10%,6,6,6C x 6K,20%,2,3,2C x 3K,36.666666666666664,0.0,0.0,0.0,31.11111111111111,0.0,0.0,0.0,36.666666666666664,0.0,0.0,0.0,Good_L0_Bad_L1,0.0
Good_L0_Bad_L1 (rho=0.0),Weight,0,10%,6,6,6C x 6K,30%,2,6,2C x 6K,33.33333333333333,0.0,0.0,0.0,31.11111111111111,0.0,0.0,0.0,33.33333333333333,0.0,0.0,0.0,Good_L0_Bad_L1,0.0
Good_L0_Bad_L1 (rho=0.0),Weight,0,10%,6,6,6C x 6K,30%,4,3,4C x 3K,43.333333333333336,0.0,0.0,0.0,31.11111111111111,0.0,0.0,0.0,43.333333333333336,0.0,0.0,0.0,Good_L0_Bad_L1,0.0
Good_L0_Bad_L1 (rho=0.0),Weight,0,10%,6,6,6C x 6K,40%,2,6,2C x 6K,33.33333333333333,0.0,0.0,0.0,31.11111111111111,0.0,0.0,0.0,33.33333333333333,0.0,0.0,0.0,Good_L0_Bad_L1,0.0
Good_L0_Bad_L1 (rho=0.0),Weight,0,10%,6,6,6C x 6K,40%,5,3,5C x 3K,33.33333333333333,0.0,0.0,0.0,31.11111111111111,0.0,0.0,0.0,33.33333333333333,0.0,0.0,0.0,Good_L0_Bad_L1,0.0
Good_L0_Bad_L1 (rho=0.0),Weight,0,10%,6,6,6C x 6K,50%,3,6,3C x 6K,40.0,0.0,0.0,0.0,31.11111111111111,0.0,0.0,0.0,40.0,0.0,0.0,0.0,Good_L0_Bad_L1,0.0
Good_L0_Bad_L1 (rho=0.0),Weight,0,10%,6,6,6C x 6K,50%,6,3,6C x 3K,23.333333333333332,0.0,0.0,0.0,31.11111111111111,0.0,0.0,0.0,23.333333333333332,0.0,0.0,0.0,Good_L0_Bad_L1,0.0
Good_L0_Bad_L1 (rho=0.0),Weight,0,10%,6,6,6C x 6K,60%,4,6,4C x 6K,40.0,0.0,0.0,0.0,31.11111111111111,0.0,0.0,0.0,40.0,0.0,0.0,0.0,Good_L0_Bad_L1,0.0
Good_L0_Bad_L1 (rho=0.0),Weight,0,10%,6,6,6C x 6K,60%,6,4,6C x 4K,36.666666666666664,0.0,0.0,0.0,31.11111111111111,0.0,0.0,0.0,36.666666666666664,0.0,0.0,0.0,Good_L0_Bad_L1,0.0
Good_L0_Bad_L1 (rho=0.0),Weight,0,10%,6,6,6C x 6K,70%,4,6,4C x 6K,40.0,0.0,0.0,0.0,31.11111111111111,0.0,0.0,0.0,40.0,0.0,0.0,0.0,Good_L0_Bad_L1,0.0
Good_L0_Bad_L1 (rho=0.0),Weight,0,10%,6,6,6C x 6K,70%,6,4,6C x 4K,36.666666666666664,0.0,0.0,0.0,31.11111111111111,0.0,0.0,0.0,36.666666666666664,0.0,0.0,0.0,Good_L0_Bad_L1,0.0
Good_L0_Bad_L1 (rho=0.0),Weight,0,10%,6,6,6C x 6K,80%,5,6,5C x 6K,40.0,0.0,0.0,0.0,31.11111111111111,0.0,0.0,0.0,40.0,0.0,0.0,0.0,Good_L0_Bad_L1,0.0
Good_L0_Bad_L1 (rho=0.0),Weight,0,10%,6,6,6C x 6K,80%,6,5,6C x 5K,36.666666666666664,0.0,0.0,0.0,31.11111111111111,0.0,0.0,0.0,36.666666666666664,0.0,0.0,0.0,Good_L0_Bad_L1,0.0
Good_L0_Bad_L1 (rho=0.0),Weight,0,10%,6,6,6C x 6K,90%,5,6,5C x 6K,40.0,0.0,0.0,0.0,31.11111111111111,0.0,0.0,0.0,40.0,0.0,0.0,0.0,Good_L0_Bad_L1,0.0
Good_L0_Bad_L1 (rho=0.0),Weight,0,10%,6,6,6C x 6K,90%,6,5,6C x 5K,36.666666666666664,0.0,0.0,0.0,31.11111111111111,0.0,0.0,0.0,36.666666666666664,0.0,0.0,0.0,Good_L0_Bad_L1,0.0
Good_L0_Bad_L1 (rho=0.0),Weight,0,10%,6,6,6C x 6K,100%,6,6,6C x 6K,6.666666666666667,0.0,0.0,0.0,5.555555555555555,0.0,0.0,0.0,6.666666666666667,0.0,0.0,0.0,Good_L0_Bad_L1,0.0
Good_L0_Bad_L1 (rho=0.0),Weight,0,20%,25,3,25C x 3K,10%,3,3,3C x 3K,50.0,0.0,0.0,0.0,29.86666666666667,0.0,0.0,0.0,50.0,0.0,0.0,0.0,Good_L0_Bad_L1,0.0
Good_L0_Bad_L1 (rho=0.0),Weight,0,20%,25,3,25C x 3K,10%,8,1,8C x 1K,40.0,0.0,0.0,0.0,29.86666666666667,0.0,0.0,0.0,40.0,0.0,0.0,0.0,Good_L0_Bad_L1,0.0
Good_L0_Bad_L1 (rho=0.0),Weight,0,20%,25,3,25C x 3K,20%,15,1,15C x 1K,50.0,0.0,0.0,0.0,29.86666666666667,0.0,0.0,0.0,50.0,0.0,0.0,0.0,Good_L0_Bad_L1,0.0
Good_L0_Bad_L1 (rho=0.0),Weight,0,20%,25,3,25C x 3K,20%,5,3,5C x 3K,53.333333333333336,0.0,0.0,0.0,29.86666666666667,0.0,0.0,0.0,53.333333333333336,0.0,0.0,0.0,Good_L0_Bad_L1,0.0
Good_L0_Bad_L1 (rho=0.0),Weight,0,20%,25,3,25C x 3K,30%,22,1,22C x 1K,53.333333333333336,0.0,0.0,0.0,29.86666666666667,0.0,0.0,0.0,53.333333333333336,0.0,0.0,0.0,Good_L0_Bad_L1,0.0
Good_L0_Bad_L1 (rho=0.0),Weight,0,20%,25,3,25C x 3K,30%,7,3,7C x 3K,56.666666666666664,0.0,0.0,0.0,29.86666666666667,0.0,0.0,0.0,56.666666666666664,0.0,0.0,0.0,Good_L0_Bad_L1,0.0
Good_L0_Bad_L1 (rho=0.0),Weight,0,20%,25,3,25C x 3K,40%,10,3,10C x 3K,53.333333333333336,0.0,0.0,0.0,29.86666666666667,0.0,0.0,0.0,53.333333333333336,0.0,0.0,0.0,Good_L0_Bad_L1,0.0
Good_L0_Bad_L1 (rho=0.0),Weight,0,20%,25,3,25C x 3K,40%,15,2,15C x 2K,56.666666666666664,0.0,0.0,0.0,29.86666666666667,0.0,0.0,0.0,56.666666666666664,0.0,0.0,0.0,Good_L0_Bad_L1,0.0
Good_L0_Bad_L1 (rho=0.0),Weight,0,20%,25,3,25C x 3K,50%,13,3,13C x 3K,60.0,0.0,0.0,0.0,29.86666666666667,0.0,0.0,0.0,60.0,0.0,0.0,0.0,Good_L0_Bad_L1,0.0
Good_L0_Bad_L1 (rho=0.0),Weight,0,20%,25,3,25C x 3K,50%,19,2,19C x 2K,63.33333333333333,0.0,0.0,0.0,29.86666666666667,0.0,0.0,0.0,63.33333333333333,0.0,0.0,0.0,Good_L0_Bad_L1,0.0
Good_L0_Bad_L1 (rho=0.0),Weight,0,20%,25,3,25C x 3K,60%,15,3,15C x 3K,60.0,0.0,0.0,0.0,29.86666666666667,0.0,0.0,0.0,60.0,0.0,0.0,0.0,Good_L0_Bad_L1,0.0
Good_L0_Bad_L1 (rho=0.0),Weight,0,20%,25,3,25C x 3K,60%,22,2,22C x 2K,56.666666666666664,0.0,0.0,0.0,29.86666666666667,0.0,0.0,0.0,56.666666666666664,0.0,0.0,0.0,Good_L0_Bad_L1,0.0
Good_L0_Bad_L1 (rho=0.0),Weight,0,20%,25,3,25C x 3K,70%,17,3,17C x 3K,23.333333333333332,0.0,0.0,0.0,7.733333333333333,0.0,0.0,0.0,23.333333333333332,0.0,0.0,0.0,Good_L0_Bad_L1,0.0
Good_L0_Bad_L1 (rho=0.0),Weight,0,20%,25,3,25C x 3K,80%,20,3,20C x 3K,30.0,0.0,0.0,0.0,7.733333333333333,0.0,0.0,0.0,30.0,0.0,0.0,0.0,Good_L0_Bad_L1,0.0
Good_L0_Bad_L1 (rho=0.0),Weight,0,20%,25,3,25C x 3K,90%,23,3,23C x 3K,26.666666666666668,0.0,0.0,0.0,7.733333333333333,0.0,0.0,0.0,26.666666666666668,0.0,0.0,0.0,Good_L0_Bad_L1,0.0
Good_L0_Bad_L1 (rho=0.0),Weight,0,20%,25,3,25C x 3K,100%,25,3,25C x 3K,30.0,0.0,0.0,0.0,7.733333333333333,0.0,0.0,0.0,30.0,0.0,0.0,0.0,Good_L0_Bad_L1,0.0
Good_L0_Bad_L1 (rho=0.0),Weight,0,20%,5,15,5C x 15K,10%,1,8,1C x 8K,43.333333333333336,0.0,0.0,0.0,25.333333333333336,0.0,0.0,0.0,43.333333333333336,0.0,0.0,0.0,Good_L0_Bad_L1,0.0
Good_L0_Bad_L1 (rho=0.0),Weight,0,20%,5,15,5C x 15K,10%,3,3,3C x 3K,26.666666666666668,0.0,0.0,0.0,25.333333333333336,0.0,0.0,0.0,26.666666666666668,0.0,0.0,0.0,Good_L0_Bad_L1,0.0
Good_L0_Bad_L1 (rho=0.0),Weight,0,20%,5,15,5C x 15K,20%,1,15,1C x 15K,36.666666666666664,0.0,0.0,0.0,25.333333333333336,0.0,0.0,0.0,36.666666666666664,0.0,0.0,0.0,Good_L0_Bad_L1,0.0
Good_L0_Bad_L1 (rho=0.0),Weight,0,20%,5,15,5C x 15K,20%,5,3,5C x 3K,36.666666666666664,0.0,0.0,0.0,25.333333333333336,0.0,0.0,0.0,36.666666666666664,0.0,0.0,0.0,Good_L0_Bad_L1,0.0
Good_L0_Bad_L1 (rho=0.0),Weight,0,20%,5,15,5C x 15K,30%,1,15,1C x 15K,36.666666666666664,0.0,0.0,0.0,25.333333333333336,0.0,0.0,0.0,36.666666666666664,0.0,0.0,0.0,Good_L0_Bad_L1,0.0
Good_L0_Bad_L1 (rho=0.0),Weight,0,20%,5,15,5C x 15K,30%,3,8,3C x 8K,33.33333333333333,0.0,0.0,0.0,25.333333333333336,0.0,0.0,0.0,33.33333333333333,0.0,0.0,0.0,Good_L0_Bad_L1,0.0
Good_L0_Bad_L1 (rho=0.0),Weight,0,20%,5,15,5C x 15K,40%,2,15,2C x 15K,33.33333333333333,0.0,0.0,0.0,25.333333333333336,0.0,0.0,0.0,33.33333333333333,0.0,0.0,0.0,Good_L0_Bad_L1,0.0
Good_L0_Bad_L1 (rho=0.0),Weight,0,20%,5,15,5C x 15K,40%,5,6,5C x 6K,40.0,0.0,0.0,0.0,25.333333333333336,0.0,0.0,0.0,40.0,0.0,0.0,0.0,Good_L0_Bad_L1,0.0
Good_L0_Bad_L1 (rho=0.0),Weight,0,20%,5,15,5C x 15K,50%,3,15,3C x 15K,43.333333333333336,0.0,0.0,0.0,25.333333333333336,0.0,0.0,0.0,43.333333333333336,0.0,0.0,0.0,Good_L0_Bad_L1,0.0
Good_L0_Bad_L1 (rho=0.0),Weight,0,20%,5,15,5C x 15K,50%,5,7,5C x 7K,46.666666666666664,0.0,0.0,0.0,25.333333333333336,0.0,0.0,0.0,46.666666666666664,0.0,0.0,0.0,Good_L0_Bad_L1,0.0
Good_L0_Bad_L1 (rho=0.0),Weight,0,20%,5,15,5C x 15K,60%,3,15,3C x 15K,43.333333333333336,0.0,0.0,0.0,25.333333333333336,0.0,0.0,0.0,43.333333333333336,0.0,0.0,0.0,Good_L0_Bad_L1,0.0
Good_L0_Bad_L1 (rho=0.0),Weight,0,20%,5,15,5C x 15K,60%,5,9,5C x 9K,46.666666666666664,0.0,0.0,0.0,25.333333333333336,0.0,0.0,0.0,46.666666666666664,0.0,0.0,0.0,Good_L0_Bad_L1,0.0
Good_L0_Bad_L1 (rho=0.0),Weight,0,20%,5,15,5C x 15K,70%,3,15,3C x 15K,43.333333333333336,0.0,0.0,0.0,25.333333333333336,0.0,0.0,0.0,43.333333333333336,0.0,0.0,0.0,Good_L0_Bad_L1,0.0
Good_L0_Bad_L1 (rho=0.0),Weight,0,20%,5,15,5C x 15K,70%,5,10,5C x 10K,50.0,0.0,0.0,0.0,25.333333333333336,0.0,0.0,0.0,50.0,0.0,0.0,0.0,Good_L0_Bad_L1,0.0
Good_L0_Bad_L1 (rho=0.0),Weight,0,20%,5,15,5C x 15K,80%,4,15,4C x 15K,33.33333333333333,0.0,0.0,0.0,25.333333333333336,0.0,0.0,0.0,33.33333333333333,0.0,0.0,0.0,Good_L0_Bad_L1,0.0
Good_L0_Bad_L1 (rho=0.0),Weight,0,20%,5,15,5C x 15K,80%,5,12,5C x 12K,46.666666666666664,0.0,0.0,0.0,25.333333333333336,0.0,0.0,0.0,46.666666666666664,0.0,0.0,0.0,Good_L0_Bad_L1,0.0
Good_L0_Bad_L1 (rho=0.0),Weight,0,20%,5,15,5C x 15K,90%,5,13,5C x 13K,40.0,0.0,0.0,0.0,25.333333333333336,0.0,0.0,0.0,40.0,0.0,0.0,0.0,Good_L0_Bad_L1,0.0
Good_L0_Bad_L1 (rho=0.0),Weight,0,20%,5,15,5C x 15K,90%,5,15,5C x 15K,46.666666666666664,0.0,0.0,0.0,25.333333333333336,0.0,0.0,0.0,46.666666666666664,0.0,0.0,0.0,Good_L0_Bad_L1,0.0
Good_L0_Bad_L1 (rho=0.0),Weight,0,20%,5,15,5C x 15K,100%,5,15,5C x 15K,16.666666666666664,0.0,0.0,0.0,4.666666666666667,0.0,0.0,0.0,16.666666666666664,0.0,0.0,0.0,Good_L0_Bad_L1,0.0
Good_L0_Bad_L1 (rho=0.0),Weight,0,30%,14,8,14C x 8K,10%,11,1,11C x 1K,40.0,0.0,0.0,0.0,27.380952380952383,0.0,0.0,0.0,40.0,0.0,0.0,0.0,Good_L0_Bad_L1,0.0
Good_L0_Bad_L1 (rho=0.0),Weight,0,30%,14,8,14C x 8K,10%,1,8,1C x 8K,23.333333333333332,0.0,0.0,0.0,27.380952380952383,0.0,0.0,0.0,23.333333333333332,0.0,0.0,0.0,Good_L0_Bad_L1,0.0
Good_L0_Bad_L1 (rho=0.0),Weight,0,30%,14,8,14C x 8K,20%,3,8,3C x 8K,46.666666666666664,0.0,0.0,0.0,27.380952380952383,0.0,0.0,0.0,46.666666666666664,0.0,0.0,0.0,Good_L0_Bad_L1,0.0
Good_L0_Bad_L1 (rho=0.0),Weight,0,30%,14,8,14C x 8K,20%,7,3,7C x 3K,26.666666666666668,0.0,0.0,0.0,27.380952380952383,0.0,0.0,0.0,26.666666666666668,0.0,0.0,0.0,Good_L0_Bad_L1,0.0
Good_L0_Bad_L1 (rho=0.0),Weight,0,30%,14,8,14C x 8K,30%,4,8,4C x 8K,46.666666666666664,0.0,0.0,0.0,27.380952380952383,0.0,0.0,0.0,46.666666666666664,0.0,0.0,0.0,Good_L0_Bad_L1,0.0
Good_L0_Bad_L1 (rho=0.0),Weight,0,30%,14,8,14C x 8K,30%,8,4,8C x 4K,53.333333333333336,0.0,0.0,0.0,27.380952380952383,0.0,0.0,0.0,53.333333333333336,0.0,0.0,0.0,Good_L0_Bad_L1,0.0
Good_L0_Bad_L1 (rho=0.0),Weight,0,30%,14,8,14C x 8K,40%,6,8,6C x 8K,36.666666666666664,0.0,0.0,0.0,27.380952380952383,0.0,0.0,0.0,36.666666666666664,0.0,0.0,0.0,Good_L0_Bad_L1,0.0
Good_L0_Bad_L1 (rho=0.0),Weight,0,30%,14,8,14C x 8K,40%,9,5,9C x 5K,46.666666666666664,0.0,0.0,0.0,27.380952380952383,0.0,0.0,0.0,46.666666666666664,0.0,0.0,0.0,Good_L0_Bad_L1,0.0
Good_L0_Bad_L1 (rho=0.0),Weight,0,30%,14,8,14C x 8K,50%,14,4,14C x 4K,53.333333333333336,0.0,0.0,0.0,27.380952380952383,0.0,0.0,0.0,53.333333333333336,0.0,0.0,0.0,Good_L0_Bad_L1,0.0
Good_L0_Bad_L1 (rho=0.0),Weight,0,30%,14,8,14C x 8K,50%,7,8,7C x 8K,30.0,0.0,0.0,0.0,27.380952380952383,0.0,0.0,0.0,30.0,0.0,0.0,0.0,Good_L0_Bad_L1,0.0
Good_L0_Bad_L1 (rho=0.0),Weight,0,30%,14,8,14C x 8K,60%,13,5,13C x 5K,60.0,0.0,0.0,0.0,27.380952380952383,0.0,0.0,0.0,60.0,0.0,0.0,0.0,Good_L0_Bad_L1,0.0
Good_L0_Bad_L1 (rho=0.0),Weight,0,30%,14,8,14C x 8K,60%,8,8,8C x 8K,36.666666666666664,0.0,0.0,0.0,27.380952380952383,0.0,0.0,0.0,36.666666666666664,0.0,0.0,0.0,Good_L0_Bad_L1,0.0
Good_L0_Bad_L1 (rho=0.0),Weight,0,30%,14,8,14C x 8K,70%,10,8,10C x 8K,50.0,0.0,0.0,0.0,27.380952380952383,0.0,0.0,0.0,50.0,0.0,0.0,0.0,Good_L0_Bad_L1,0.0
Good_L0_Bad_L1 (rho=0.0),Weight,0,30%,14,8,14C x 8K,70%,13,6,13C x 6K,53.333333333333336,0.0,0.0,0.0,27.380952380952383,0.0,0.0,0.0,53.333333333333336,0.0,0.0,0.0,Good_L0_Bad_L1,0.0
Good_L0_Bad_L1 (rho=0.0),Weight,0,30%,14,8,14C x 8K,80%,11,8,11C x 8K,56.666666666666664,0.0,0.0,0.0,27.380952380952383,0.0,0.0,0.0,56.666666666666664,0.0,0.0,0.0,Good_L0_Bad_L1,0.0
Good_L0_Bad_L1 (rho=0.0),Weight,0,30%,14,8,14C x 8K,80%,13,7,13C x 7K,56.666666666666664,0.0,0.0,0.0,27.380952380952383,0.0,0.0,0.0,56.666666666666664,0.0,0.0,0.0,Good_L0_Bad_L1,0.0
Good_L0_Bad_L1 (rho=0.0),Weight,0,30%,14,8,14C x 8K,90%,13,8,13C x 8K,60.0,0.0,0.0,0.0,27.380952380952383,0.0,0.0,0.0,60.0,0.0,0.0,0.0,Good_L0_Bad_L1,0.0
Good_L0_Bad_L1 (rho=0.0),Weight,0,30%,14,8,14C x 8K,90%,14,7,14C x 7K,63.33333333333333,0.0,0.0,0.0,27.380952380952383,0.0,0.0,0.0,63.33333333333333,0.0,0.0,0.0,Good_L0_Bad_L1,0.0
Good_L0_Bad_L1 (rho=0.0),Weight,0,30%,14,8,14C x 8K,100%,14,8,14C x 8K,23.333333333333332,0.0,0.0,0.0,6.904761904761905,0.0,0.0,0.0,23.333333333333332,0.0,0.0,0.0,Good_L0_Bad_L1,0.0
Good_L0_Bad_L1 (rho=0.0),Weight,0,30%,7,15,7C x 15K,10%,1,10,1C x 10K,30.0,0.0,0.0,0.0,26.190476190476193,0.0,0.0,0.0,30.0,0.0,0.0,0.0,Good_L0_Bad_L1,0.0
Good_L0_Bad_L1 (rho=0.0),Weight,0,30%,7,15,7C x 15K,10%,2,4,2C x 4K,33.33333333333333,0.0,0.0,0.0,26.190476190476193,0.0,0.0,0.0,33.33333333333333,0.0,0.0,0.0,Good_L0_Bad_L1,0.0
Good_L0_Bad_L1 (rho=0.0),Weight,0,30%,7,15,7C x 15K,20%,1,15,1C x 15K,33.33333333333333,0.0,0.0,0.0,26.190476190476193,0.0,0.0,0.0,33.33333333333333,0.0,0.0,0.0,Good_L0_Bad_L1,0.0
Good_L0_Bad_L1 (rho=0.0),Weight,0,30%,7,15,7C x 15K,20%,7,3,7C x 3K,30.0,0.0,0.0,0.0,26.190476190476193,0.0,0.0,0.0,30.0,0.0,0.0,0.0,Good_L0_Bad_L1,0.0
Good_L0_Bad_L1 (rho=0.0),Weight,0,30%,7,15,7C x 15K,30%,2,15,2C x 15K,43.333333333333336,0.0,0.0,0.0,26.190476190476193,0.0,0.0,0.0,43.333333333333336,0.0,0.0,0.0,Good_L0_Bad_L1,0.0
Good_L0_Bad_L1 (rho=0.0),Weight,0,30%,7,15,7C x 15K,30%,4,8,4C x 8K,40.0,0.0,0.0,0.0,26.190476190476193,0.0,0.0,0.0,40.0,0.0,0.0,0.0,Good_L0_Bad_L1,0.0
Good_L0_Bad_L1 (rho=0.0),Weight,0,30%,7,15,7C x 15K,40%,3,15,3C x 15K,40.0,0.0,0.0,0.0,26.190476190476193,0.0,0.0,0.0,40.0,0.0,0.0,0.0,Good_L0_Bad_L1,0.0
Good_L0_Bad_L1 (rho=0.0),Weight,0,30%,7,15,7C x 15K,40%,7,6,7C x 6K,40.0,0.0,0.0,0.0,26.190476190476193,0.0,0.0,0.0,40.0,0.0,0.0,0.0,Good_L0_Bad_L1,0.0
Good_L0_Bad_L1 (rho=0.0),Weight,0,30%,7,15,7C x 15K,50%,3,15,3C x 15K,40.0,0.0,0.0,0.0,26.190476190476193,0.0,0.0,0.0,40.0,0.0,0.0,0.0,Good_L0_Bad_L1,0.0
Good_L0_Bad_L1 (rho=0.0),Weight,0,30%,7,15,7C x 15K,50%,7,7,7C x 7K,33.33333333333333,0.0,0.0,0.0,26.190476190476193,0.0,0.0,0.0,33.33333333333333,0.0,0.0,0.0,Good_L0_Bad_L1,0.0
Good_L0_Bad_L1 (rho=0.0),Weight,0,30%,7,15,7C x 15K,60%,4,15,4C x 15K,46.666666666666664,0.0,0.0,0.0,26.190476190476193,0.0,0.0,0.0,46.666666666666664,0.0,0.0,0.0,Good_L0_Bad_L1,0.0
Good_L0_Bad_L1 (rho=0.0),Weight,0,30%,7,15,7C x 15K,60%,7,9,7C x 9K,30.0,0.0,0.0,0.0,26.190476190476193,0.0,0.0,0.0,30.0,0.0,0.0,0.0,Good_L0_Bad_L1,0.0
Good_L0_Bad_L1 (rho=0.0),Weight,0,30%,7,15,7C x 15K,70%,5,15,5C x 15K,40.0,0.0,0.0,0.0,26.190476190476193,0.0,0.0,0.0,40.0,0.0,0.0,0.0,Good_L0_Bad_L1,0.0
Good_L0_Bad_L1 (rho=0.0),Weight,0,30%,7,15,7C x 15K,70%,7,10,7C x 10K,36.666666666666664,0.0,0.0,0.0,26.190476190476193,0.0,0.0,0.0,36.666666666666664,0.0,0.0,0.0,Good_L0_Bad_L1,0.0
Good_L0_Bad_L1 (rho=0.0),Weight,0,30%,7,15,7C x 15K,80%,6,15,6C x 15K,53.333333333333336,0.0,0.0,0.0,26.190476190476193,0.0,0.0,0.0,53.333333333333336,0.0,0.0,0.0,Good_L0_Bad_L1,0.0
Good_L0_Bad_L1 (rho=0.0),Weight,0,30%,7,15,7C x 15K,80%,7,12,7C x 12K,43.333333333333336,0.0,0.0,0.0,26.190476190476193,0.0,0.0,0.0,43.333333333333336,0.0,0.0,0.0,Good_L0_Bad_L1,0.0
Good_L0_Bad_L1 (rho=0.0),Weight,0,30%,7,15,7C x 15K,90%,6,15,6C x 15K,53.333333333333336,0.0,0.0,0.0,26.190476190476193,0.0,0.0,0.0,53.333333333333336,0.0,0.0,0.0,Good_L0_Bad_L1,0.0
Good_L0_Bad_L1 (rho=0.0),Weight,0,30%,7,15,7C x 15K,90%,7,13,7C x 13K,40.0,0.0,0.0,0.0,26.190476190476193,0.0,0.0,0.0,40.0,0.0,0.0,0.0,Good_L0_Bad_L1,0.0
Good_L0_Bad_L1 (rho=0.0),Weight,0,30%,7,15,7C x 15K,100%,7,15,7C x 15K,13.333333333333334,0.0,0.0,0.0,6.190476190476191,0.0,0.0,0.0,13.333333333333334,0.0,0.0,0.0,Good_L0_Bad_L1,0.0
Good_L0_Bad_L1 (rho=0.0),Weight,0,40%,10,15,10C x 15K,10%,1,15,1C x 15K,36.666666666666664,0.0,0.0,0.0,28.000000000000004,0.0,0.0,0.0,36.666666666666664,0.0,0.0,0.0,Good_L0_Bad_L1,0.0
Good_L0_Bad_L1 (rho=0.0),Weight,0,40%,10,15,10C x 15K,10%,2,6,2C x 6K,43.333333333333336,0.0,0.0,0.0,28.000000000000004,0.0,0.0,0.0,43.333333333333336,0.0,0.0,0.0,Good_L0_Bad_L1,0.0
Good_L0_Bad_L1 (rho=0.0),Weight,0,40%,10,15,10C x 15K,20%,10,3,10C x 3K,46.666666666666664,0.0,0.0,0.0,28.000000000000004,0.0,0.0,0.0,46.666666666666664,0.0,0.0,0.0,Good_L0_Bad_L1,0.0
Good_L0_Bad_L1 (rho=0.0),Weight,0,40%,10,15,10C x 15K,20%,2,15,2C x 15K,36.666666666666664,0.0,0.0,0.0,28.000000000000004,0.0,0.0,0.0,36.666666666666664,0.0,0.0,0.0,Good_L0_Bad_L1,0.0
Good_L0_Bad_L1 (rho=0.0),Weight,0,40%,10,15,10C x 15K,30%,3,15,3C x 15K,30.0,0.0,0.0,0.0,28.000000000000004,0.0,0.0,0.0,30.0,0.0,0.0,0.0,Good_L0_Bad_L1,0.0
Good_L0_Bad_L1 (rho=0.0),Weight,0,40%,10,15,10C x 15K,30%,6,8,6C x 8K,33.33333333333333,0.0,0.0,0.0,28.000000000000004,0.0,0.0,0.0,33.33333333333333,0.0,0.0,0.0,Good_L0_Bad_L1,0.0
Good_L0_Bad_L1 (rho=0.0),Weight,0,40%,10,15,10C x 15K,40%,10,6,10C x 6K,46.666666666666664,0.0,0.0,0.0,28.000000000000004,0.0,0.0,0.0,46.666666666666664,0.0,0.0,0.0,Good_L0_Bad_L1,0.0
Good_L0_Bad_L1 (rho=0.0),Weight,0,40%,10,15,10C x 15K,40%,4,15,4C x 15K,43.333333333333336,0.0,0.0,0.0,28.000000000000004,0.0,0.0,0.0,43.333333333333336,0.0,0.0,0.0,Good_L0_Bad_L1,0.0
Good_L0_Bad_L1 (rho=0.0),Weight,0,40%,10,15,10C x 15K,50%,5,15,5C x 15K,40.0,0.0,0.0,0.0,28.000000000000004,0.0,0.0,0.0,40.0,0.0,0.0,0.0,Good_L0_Bad_L1,0.0
Good_L0_Bad_L1 (rho=0.0),Weight,0,40%,10,15,10C x 15K,50%,8,10,8C x 10K,50.0,0.0,0.0,0.0,28.000000000000004,0.0,0.0,0.0,50.0,0.0,0.0,0.0,Good_L0_Bad_L1,0.0
Good_L0_Bad_L1 (rho=0.0),Weight,0,40%,10,15,10C x 15K,60%,10,9,10C x 9K,50.0,0.0,0.0,0.0,28.000000000000004,0.0,0.0,0.0,50.0,0.0,0.0,0.0,Good_L0_Bad_L1,0.0
Good_L0_Bad_L1 (rho=0.0),Weight,0,40%,10,15,10C x 15K,60%,6,15,6C x 15K,46.666666666666664,0.0,0.0,0.0,28.000000000000004,0.0,0.0,0.0,46.666666666666664,0.0,0.0,0.0,Good_L0_Bad_L1,0.0
Good_L0_Bad_L1 (rho=0.0),Weight,0,40%,10,15,10C x 15K,70%,10,10,10C x 10K,53.333333333333336,0.0,0.0,0.0,28.000000000000004,0.0,0.0,0.0,53.333333333333336,0.0,0.0,0.0,Good_L0_Bad_L1,0.0
Good_L0_Bad_L1 (rho=0.0),Weight,0,40%,10,15,10C x 15K,70%,7,15,7C x 15K,43.333333333333336,0.0,0.0,0.0,28.000000000000004,0.0,0.0,0.0,43.333333333333336,0.0,0.0,0.0,Good_L0_Bad_L1,0.0
Good_L0_Bad_L1 (rho=0.0),Weight,0,40%,10,15,10C x 15K,80%,10,12,10C x 12K,50.0,0.0,0.0,0.0,28.000000000000004,0.0,0.0,0.0,50.0,0.0,0.0,0.0,Good_L0_Bad_L1,0.0
Good_L0_Bad_L1 (rho=0.0),Weight,0,40%,10,15,10C x 15K,80%,8,15,8C x 15K,46.666666666666664,0.0,0.0,0.0,28.000000000000004,0.0,0.0,0.0,46.666666666666664,0.0,0.0,0.0,Good_L0_Bad_L1,0.0
Good_L0_Bad_L1 (rho=0.0),Weight,0,40%,10,15,10C x 15K,90%,10,13,10C x 13K,56.666666666666664,0.0,0.0,0.0,28.000000000000004,0.0,0.0,0.0,56.666666666666664,0.0,0.0,0.0,Good_L0_Bad_L1,0.0
Good_L0_Bad_L1 (rho=0.0),Weight,0,40%,10,15,10C x 15K,90%,9,15,9C x 15K,53.333333333333336,0.0,0.0,0.0,28.000000000000004,0.0,0.0,0.0,53.333333333333336,0.0,0.0,0.0,Good_L0_Bad_L1,0.0
Good_L0_Bad_L1 (rho=0.0),Weight,0,40%,10,15,10C x 15K,100%,10,15,10C x 15K,13.333333333333334,0.0,0.0,0.0,7.000000000000001,0.0,0.0,0.0,13.333333333333334,0.0,0.0,0.0,Good_L0_Bad_L1,0.0
Good_L0_Bad_L1 (rho=0.0),Weight,0,40%,25,6,25C x 6K,10%,15,1,15C x 1K,43.333333333333336,0.0,0.0,0.0,30.133333333333333,0.0,0.0,0.0,43.333333333333336,0.0,0.0,0.0,Good_L0_Bad_L1,0.0
Good_L0_Bad_L1 (rho=0.0),Weight,0,40%,25,6,25C x 6K,10%,2,6,2C x 6K,43.333333333333336,0.0,0.0,0.0,30.133333333333333,0.0,0.0,0.0,43.333333333333336,0.0,0.0,0.0,Good_L0_Bad_L1,0.0
Good_L0_Bad_L1 (rho=0.0),Weight,0,40%,25,6,25C x 6K,20%,10,3,10C x 3K,60.0,0.0,0.0,0.0,30.133333333333333,0.0,0.0,0.0,60.0,0.0,0.0,0.0,Good_L0_Bad_L1,0.0
Good_L0_Bad_L1 (rho=0.0),Weight,0,40%,25,6,25C x 6K,20%,5,6,5C x 6K,46.666666666666664,0.0,0.0,0.0,30.133333333333333,0.0,0.0,0.0,46.666666666666664,0.0,0.0,0.0,Good_L0_Bad_L1,0.0
Good_L0_Bad_L1 (rho=0.0),Weight,0,40%,25,6,25C x 6K,30%,15,3,15C x 3K,63.33333333333333,0.0,0.0,0.0,30.133333333333333,0.0,0.0,0.0,63.33333333333333,0.0,0.0,0.0,Good_L0_Bad_L1,0.0
Good_L0_Bad_L1 (rho=0.0),Weight,0,40%,25,6,25C x 6K,30%,8,6,8C x 6K,60.0,0.0,0.0,0.0,30.133333333333333,0.0,0.0,0.0,60.0,0.0,0.0,0.0,Good_L0_Bad_L1,0.0
Good_L0_Bad_L1 (rho=0.0),Weight,0,40%,25,6,25C x 6K,40%,10,6,10C x 6K,56.666666666666664,0.0,0.0,0.0,30.133333333333333,0.0,0.0,0.0,56.666666666666664,0.0,0.0,0.0,Good_L0_Bad_L1,0.0
Good_L0_Bad_L1 (rho=0.0),Weight,0,40%,25,6,25C x 6K,40%,20,3,20C x 3K,53.333333333333336,0.0,0.0,0.0,30.133333333333333,0.0,0.0,0.0,53.333333333333336,0.0,0.0,0.0,Good_L0_Bad_L1,0.0
Good_L0_Bad_L1 (rho=0.0),Weight,0,40%,25,6,25C x 6K,50%,12,6,12C x 6K,63.33333333333333,0.0,0.0,0.0,30.133333333333333,0.0,0.0,0.0,63.33333333333333,0.0,0.0,0.0,Good_L0_Bad_L1,0.0
Good_L0_Bad_L1 (rho=0.0),Weight,0,40%,25,6,25C x 6K,50%,25,3,25C x 3K,56.666666666666664,0.0,0.0,0.0,30.133333333333333,0.0,0.0,0.0,56.666666666666664,0.0,0.0,0.0,Good_L0_Bad_L1,0.0
Good_L0_Bad_L1 (rho=0.0),Weight,0,40%,25,6,25C x 6K,60%,15,6,15C x 6K,66.66666666666666,0.0,0.0,0.0,30.133333333333333,0.0,0.0,0.0,66.66666666666666,0.0,0.0,0.0,Good_L0_Bad_L1,0.0
Good_L0_Bad_L1 (rho=0.0),Weight,0,40%,25,6,25C x 6K,60%,22,4,22C x 4K,53.333333333333336,0.0,0.0,0.0,30.133333333333333,0.0,0.0,0.0,53.333333333333336,0.0,0.0,0.0,Good_L0_Bad_L1,0.0
Good_L0_Bad_L1 (rho=0.0),Weight,0,40%,25,6,25C x 6K,70%,18,6,18C x 6K,56.666666666666664,0.0,0.0,0.0,30.133333333333333,0.0,0.0,0.0,56.666666666666664,0.0,0.0,0.0,Good_L0_Bad_L1,0.0
Good_L0_Bad_L1 (rho=0.0),Weight,0,40%,25,6,25C x 6K,70%,21,5,21C x 5K,60.0,0.0,0.0,0.0,30.133333333333333,0.0,0.0,0.0,60.0,0.0,0.0,0.0,Good_L0_Bad_L1,0.0
Good_L0_Bad_L1 (rho=0.0),Weight,0,40%,25,6,25C x 6K,80%,20,6,20C x 6K,63.33333333333333,0.0,0.0,0.0,30.133333333333333,0.0,0.0,0.0,63.33333333333333,0.0,0.0,0.0,Good_L0_Bad_L1,0.0
Good_L0_Bad_L1 (rho=0.0),Weight,0,40%,25,6,25C x 6K,80%,24,5,24C x 5K,53.333333333333336,0.0,0.0,0.0,30.133333333333333,0.0,0.0,0.0,53.333333333333336,0.0,0.0,0.0,Good_L0_Bad_L1,0.0
Good_L0_Bad_L1 (rho=0.0),Weight,0,40%,25,6,25C x 6K,90%,22,6,22C x 6K,26.666666666666668,0.0,0.0,0.0,7.733333333333333,0.0,0.0,0.0,26.666666666666668,0.0,0.0,0.0,Good_L0_Bad_L1,0.0
Good_L0_Bad_L1 (rho=0.0),Weight,0,40%,25,6,25C x 6K,100%,25,6,25C x 6K,33.33333333333333,0.0,0.0,0.0,7.733333333333333,0.0,0.0,0.0,33.33333333333333,0.0,0.0,0.0,Good_L0_Bad_L1,0.0
Good_L0_Bad_L1 (rho=0.0),Weight,0,50%,13,15,13C x 15K,10%,1,15,1C x 15K,36.666666666666664,0.0,0.0,0.0,27.94871794871795,0.0,0.0,0.0,36.666666666666664,0.0,0.0,0.0,Good_L0_Bad_L1,0.0
Good_L0_Bad_L1 (rho=0.0),Weight,0,50%,13,15,13C x 15K,10%,3,6,3C x 6K,43.333333333333336,0.0,0.0,0.0,27.94871794871795,0.0,0.0,0.0,43.333333333333336,0.0,0.0,0.0,Good_L0_Bad_L1,0.0
Good_L0_Bad_L1 (rho=0.0),Weight,0,50%,13,15,13C x 15K,20%,13,3,13C x 3K,46.666666666666664,0.0,0.0,0.0,27.94871794871795,0.0,0.0,0.0,46.666666666666664,0.0,0.0,0.0,Good_L0_Bad_L1,0.0
Good_L0_Bad_L1 (rho=0.0),Weight,0,50%,13,15,13C x 15K,20%,3,15,3C x 15K,43.333333333333336,0.0,0.0,0.0,27.94871794871795,0.0,0.0,0.0,43.333333333333336,0.0,0.0,0.0,Good_L0_Bad_L1,0.0
Good_L0_Bad_L1 (rho=0.0),Weight,0,50%,13,15,13C x 15K,30%,4,15,4C x 15K,60.0,0.0,0.0,0.0,27.94871794871795,0.0,0.0,0.0,60.0,0.0,0.0,0.0,Good_L0_Bad_L1,0.0
Good_L0_Bad_L1 (rho=0.0),Weight,0,50%,13,15,13C x 15K,30%,7,8,7C x 8K,40.0,0.0,0.0,0.0,27.94871794871795,0.0,0.0,0.0,40.0,0.0,0.0,0.0,Good_L0_Bad_L1,0.0
Good_L0_Bad_L1 (rho=0.0),Weight,0,50%,13,15,13C x 15K,40%,13,6,13C x 6K,46.666666666666664,0.0,0.0,0.0,27.94871794871795,0.0,0.0,0.0,46.666666666666664,0.0,0.0,0.0,Good_L0_Bad_L1,0.0
Good_L0_Bad_L1 (rho=0.0),Weight,0,50%,13,15,13C x 15K,40%,5,15,5C x 15K,50.0,0.0,0.0,0.0,27.94871794871795,0.0,0.0,0.0,50.0,0.0,0.0,0.0,Good_L0_Bad_L1,0.0
Good_L0_Bad_L1 (rho=0.0),Weight,0,50%,13,15,13C x 15K,50%,10,10,10C x 10K,50.0,0.0,0.0,0.0,27.94871794871795,0.0,0.0,0.0,50.0,0.0,0.0,0.0,Good_L0_Bad_L1,0.0
Good_L0_Bad_L1 (rho=0.0),Weight,0,50%,13,15,13C x 15K,50%,7,15,7C x 15K,50.0,0.0,0.0,0.0,27.94871794871795,0.0,0.0,0.0,50.0,0.0,0.0,0.0,Good_L0_Bad_L1,0.0
Good_L0_Bad_L1 (rho=0.0),Weight,0,50%,13,15,13C x 15K,60%,13,9,13C x 9K,60.0,0.0,0.0,0.0,27.94871794871795,0.0,0.0,0.0,60.0,0.0,0.0,0.0,Good_L0_Bad_L1,0.0
Good_L0_Bad_L1 (rho=0.0),Weight,0,50%,13,15,13C x 15K,60%,8,15,8C x 15K,53.333333333333336,0.0,0.0,0.0,27.94871794871795,0.0,0.0,0.0,53.333333333333336,0.0,0.0,0.0,Good_L0_Bad_L1,0.0
Good_L0_Bad_L1 (rho=0.0),Weight,0,50%,13,15,13C x 15K,70%,11,12,11C x 12K,63.33333333333333,0.0,0.0,0.0,27.94871794871795,0.0,0.0,0.0,63.33333333333333,0.0,0.0,0.0,Good_L0_Bad_L1,0.0
Good_L0_Bad_L1 (rho=0.0),Weight,0,50%,13,15,13C x 15K,70%,9,15,9C x 15K,50.0,0.0,0.0,0.0,27.94871794871795,0.0,0.0,0.0,50.0,0.0,0.0,0.0,Good_L0_Bad_L1,0.0
Good_L0_Bad_L1 (rho=0.0),Weight,0,50%,13,15,13C x 15K,80%,10,15,10C x 15K,53.333333333333336,0.0,0.0,0.0,27.94871794871795,0.0,0.0,0.0,53.333333333333336,0.0,0.0,0.0,Good_L0_Bad_L1,0.0
Good_L0_Bad_L1 (rho=0.0),Weight,0,50%,13,15,13C x 15K,80%,13,12,13C x 12K,66.66666666666666,0.0,0.0,0.0,27.94871794871795,0.0,0.0,0.0,66.66666666666666,0.0,0.0,0.0,Good_L0_Bad_L1,0.0
Good_L0_Bad_L1 (rho=0.0),Weight,0,50%,13,15,13C x 15K,90%,12,15,12C x 15K,56.666666666666664,0.0,0.0,0.0,27.94871794871795,0.0,0.0,0.0,56.666666666666664,0.0,0.0,0.0,Good_L0_Bad_L1,0.0
Good_L0_Bad_L1 (rho=0.0),Weight,0,50%,13,15,13C x 15K,90%,13,14,13C x 14K,63.33333333333333,0.0,0.0,0.0,27.94871794871795,0.0,0.0,0.0,63.33333333333333,0.0,0.0,0.0,Good_L0_Bad_L1,0.0
Good_L0_Bad_L1 (rho=0.0),Weight,0,50%,13,15,13C x 15K,100%,13,15,13C x 15K,20.0,0.0,0.0,0.0,6.153846153846154,0.0,0.0,0.0,20.0,0.0,0.0,0.0,Good_L0_Bad_L1,0.0
Good_L0_Bad_L1 (rho=0.0),Weight,0,50%,19,10,19C x 10K,10%,19,1,19C x 1K,36.666666666666664,0.0,0.0,0.0,27.719298245614034,0.0,0.0,0.0,36.666666666666664,0.0,0.0,0.0,Good_L0_Bad_L1,0.0
Good_L0_Bad_L1 (rho=0.0),Weight,0,50%,19,10,19C x 10K,10%,2,10,2C x 10K,40.0,0.0,0.0,0.0,27.719298245614034,0.0,0.0,0.0,40.0,0.0,0.0,0.0,Good_L0_Bad_L1,0.0
Good_L0_Bad_L1 (rho=0.0),Weight,0,50%,19,10,19C x 10K,20%,19,2,19C x 2K,30.0,0.0,0.0,0.0,27.719298245614034,0.0,0.0,0.0,30.0,0.0,0.0,0.0,Good_L0_Bad_L1,0.0
Good_L0_Bad_L1 (rho=0.0),Weight,0,50%,19,10,19C x 10K,20%,4,10,4C x 10K,53.333333333333336,0.0,0.0,0.0,27.719298245614034,0.0,0.0,0.0,53.333333333333336,0.0,0.0,0.0,Good_L0_Bad_L1,0.0
Good_L0_Bad_L1 (rho=0.0),Weight,0,50%,19,10,19C x 10K,30%,19,3,19C x 3K,40.0,0.0,0.0,0.0,27.719298245614034,0.0,0.0,0.0,40.0,0.0,0.0,0.0,Good_L0_Bad_L1,0.0
Good_L0_Bad_L1 (rho=0.0),Weight,0,50%,19,10,19C x 10K,30%,6,10,6C x 10K,53.333333333333336,0.0,0.0,0.0,27.719298245614034,0.0,0.0,0.0,53.333333333333336,0.0,0.0,0.0,Good_L0_Bad_L1,0.0
Good_L0_Bad_L1 (rho=0.0),Weight,0,50%,19,10,19C x 10K,40%,19,4,19C x 4K,56.666666666666664,0.0,0.0,0.0,27.719298245614034,0.0,0.0,0.0,56.666666666666664,0.0,0.0,0.0,Good_L0_Bad_L1,0.0
Good_L0_Bad_L1 (rho=0.0),Weight,0,50%,19,10,19C x 10K,40%,8,10,8C x 10K,53.333333333333336,0.0,0.0,0.0,27.719298245614034,0.0,0.0,0.0,53.333333333333336,0.0,0.0,0.0,Good_L0_Bad_L1,0.0
Good_L0_Bad_L1 (rho=0.0),Weight,0,50%,19,10,19C x 10K,50%,10,10,10C x 10K,60.0,0.0,0.0,0.0,27.719298245614034,0.0,0.0,0.0,60.0,0.0,0.0,0.0,Good_L0_Bad_L1,0.0
Good_L0_Bad_L1 (rho=0.0),Weight,0,50%,19,10,19C x 10K,50%,19,5,19C x 5K,63.33333333333333,0.0,0.0,0.0,27.719298245614034,0.0,0.0,0.0,63.33333333333333,0.0,0.0,0.0,Good_L0_Bad_L1,0.0
Good_L0_Bad_L1 (rho=0.0),Weight,0,50%,19,10,19C x 10K,60%,11,10,11C x 10K,56.666666666666664,0.0,0.0,0.0,27.719298245614034,0.0,0.0,0.0,56.666666666666664,0.0,0.0,0.0,Good_L0_Bad_L1,0.0
Good_L0_Bad_L1 (rho=0.0),Weight,0,50%,19,10,19C x 10K,60%,19,6,19C x 6K,63.33333333333333,0.0,0.0,0.0,27.719298245614034,0.0,0.0,0.0,63.33333333333333,0.0,0.0,0.0,Good_L0_Bad_L1,0.0
Good_L0_Bad_L1 (rho=0.0),Weight,0,50%,19,10,19C x 10K,70%,13,10,13C x 10K,60.0,0.0,0.0,0.0,27.719298245614034,0.0,0.0,0.0,60.0,0.0,0.0,0.0,Good_L0_Bad_L1,0.0
Good_L0_Bad_L1 (rho=0.0),Weight,0,50%,19,10,19C x 10K,70%,19,7,19C x 7K,66.66666666666666,0.0,0.0,0.0,27.719298245614034,0.0,0.0,0.0,66.66666666666666,0.0,0.0,0.0,Good_L0_Bad_L1,0.0
Good_L0_Bad_L1 (rho=0.0),Weight,0,50%,19,10,19C x 10K,80%,15,10,15C x 10K,60.0,0.0,0.0,0.0,27.719298245614034,0.0,0.0,0.0,60.0,0.0,0.0,0.0,Good_L0_Bad_L1,0.0
Good_L0_Bad_L1 (rho=0.0),Weight,0,50%,19,10,19C x 10K,80%,19,8,19C x 8K,63.33333333333333,0.0,0.0,0.0,27.719298245614034,0.0,0.0,0.0,63.33333333333333,0.0,0.0,0.0,Good_L0_Bad_L1,0.0
Good_L0_Bad_L1 (rho=0.0),Weight,0,50%,19,10,19C x 10K,90%,17,10,17C x 10K,63.33333333333333,0.0,0.0,0.0,27.719298245614034,0.0,0.0,0.0,63.33333333333333,0.0,0.0,0.0,Good_L0_Bad_L1,0.0
Good_L0_Bad_L1 (rho=0.0),Weight,0,50%,19,10,19C x 10K,90%,19,9,19C x 9K,66.66666666666666,0.0,0.0,0.0,27.719298245614034,0.0,0.0,0.0,66.66666666666666,0.0,0.0,0.0,Good_L0_Bad_L1,0.0
Good_L0_Bad_L1 (rho=0.0),Weight,0,50%,19,10,19C x 10K,100%,19,10,19C x 10K,33.33333333333333,0.0,0.0,0.0,7.368421052631578,0.0,0.0,0.0,33.33333333333333,0.0,0.0,0.0,Good_L0_Bad_L1,0.0
Good_L0_Bad_L1 (rho=0.0),Weight,0,60%,15,15,15C x 15K,10%,1,15,1C x 15K,33.33333333333333,0.0,0.0,0.0,28.22222222222222,0.0,0.0,0.0,33.33333333333333,0.0,0.0,0.0,Good_L0_Bad_L1,0.0
Good_L0_Bad_L1 (rho=0.0),Weight,0,60%,15,15,15C x 15K,10%,4,6,4C x 6K,40.0,0.0,0.0,0.0,28.22222222222222,0.0,0.0,0.0,40.0,0.0,0.0,0.0,Good_L0_Bad_L1,0.0
Good_L0_Bad_L1 (rho=0.0),Weight,0,60%,15,15,15C x 15K,20%,15,3,15C x 3K,43.333333333333336,0.0,0.0,0.0,28.22222222222222,0.0,0.0,0.0,43.333333333333336,0.0,0.0,0.0,Good_L0_Bad_L1,0.0
Good_L0_Bad_L1 (rho=0.0),Weight,0,60%,15,15,15C x 15K,20%,3,15,3C x 15K,43.333333333333336,0.0,0.0,0.0,28.22222222222222,0.0,0.0,0.0,43.333333333333336,0.0,0.0,0.0,Good_L0_Bad_L1,0.0
Good_L0_Bad_L1 (rho=0.0),Weight,0,60%,15,15,15C x 15K,30%,5,15,5C x 15K,53.333333333333336,0.0,0.0,0.0,28.22222222222222,0.0,0.0,0.0,53.333333333333336,0.0,0.0,0.0,Good_L0_Bad_L1,0.0
Good_L0_Bad_L1 (rho=0.0),Weight,0,60%,15,15,15C x 15K,30%,8,8,8C x 8K,40.0,0.0,0.0,0.0,28.22222222222222,0.0,0.0,0.0,40.0,0.0,0.0,0.0,Good_L0_Bad_L1,0.0
Good_L0_Bad_L1 (rho=0.0),Weight,0,60%,15,15,15C x 15K,40%,15,6,15C x 6K,50.0,0.0,0.0,0.0,28.22222222222222,0.0,0.0,0.0,50.0,0.0,0.0,0.0,Good_L0_Bad_L1,0.0
Good_L0_Bad_L1 (rho=0.0),Weight,0,60%,15,15,15C x 15K,40%,6,15,6C x 15K,50.0,0.0,0.0,0.0,28.22222222222222,0.0,0.0,0.0,50.0,0.0,0.0,0.0,Good_L0_Bad_L1,0.0
Good_L0_Bad_L1 (rho=0.0),Weight,0,60%,15,15,15C x 15K,50%,11,10,11C x 10K,43.333333333333336,0.0,0.0,0.0,28.22222222222222,0.0,0.0,0.0,43.333333333333336,0.0,0.0,0.0,Good_L0_Bad_L1,0.0
Good_L0_Bad_L1 (rho=0.0),Weight,0,60%,15,15,15C x 15K,50%,7,15,7C x 15K,60.0,0.0,0.0,0.0,28.22222222222222,0.0,0.0,0.0,60.0,0.0,0.0,0.0,Good_L0_Bad_L1,0.0
Good_L0_Bad_L1 (rho=0.0),Weight,0,60%,15,15,15C x 15K,60%,15,9,15C x 9K,56.666666666666664,0.0,0.0,0.0,28.22222222222222,0.0,0.0,0.0,56.666666666666664,0.0,0.0,0.0,Good_L0_Bad_L1,0.0
Good_L0_Bad_L1 (rho=0.0),Weight,0,60%,15,15,15C x 15K,60%,9,15,9C x 15K,53.333333333333336,0.0,0.0,0.0,28.22222222222222,0.0,0.0,0.0,53.333333333333336,0.0,0.0,0.0,Good_L0_Bad_L1,0.0
Good_L0_Bad_L1 (rho=0.0),Weight,0,60%,15,15,15C x 15K,70%,11,15,11C x 15K,56.666666666666664,0.0,0.0,0.0,28.22222222222222,0.0,0.0,0.0,56.666666666666664,0.0,0.0,0.0,Good_L0_Bad_L1,0.0
Good_L0_Bad_L1 (rho=0.0),Weight,0,60%,15,15,15C x 15K,70%,13,12,13C x 12K,63.33333333333333,0.0,0.0,0.0,28.22222222222222,0.0,0.0,0.0,63.33333333333333,0.0,0.0,0.0,Good_L0_Bad_L1,0.0
Good_L0_Bad_L1 (rho=0.0),Weight,0,60%,15,15,15C x 15K,80%,12,15,12C x 15K,66.66666666666666,0.0,0.0,0.0,28.22222222222222,0.0,0.0,0.0,66.66666666666666,0.0,0.0,0.0,Good_L0_Bad_L1,0.0
Good_L0_Bad_L1 (rho=0.0),Weight,0,60%,15,15,15C x 15K,80%,15,12,15C x 12K,56.666666666666664,0.0,0.0,0.0,28.22222222222222,0.0,0.0,0.0,56.666666666666664,0.0,0.0,0.0,Good_L0_Bad_L1,0.0
Good_L0_Bad_L1 (rho=0.0),Weight,0,60%,15,15,15C x 15K,90%,13,15,13C x 15K,66.66666666666666,0.0,0.0,0.0,28.22222222222222,0.0,0.0,0.0,66.66666666666666,0.0,0.0,0.0,Good_L0_Bad_L1,0.0
Good_L0_Bad_L1 (rho=0.0),Weight,0,60%,15,15,15C x 15K,90%,14,14,14C x 14K,66.66666666666666,0.0,0.0,0.0,28.22222222222222,0.0,0.0,0.0,66.66666666666666,0.0,0.0,0.0,Good_L0_Bad_L1,0.0
Good_L0_Bad_L1 (rho=0.0),Weight,0,60%,15,15,15C x 15K,100%,15,15,15C x 15K,30.0,0.0,0.0,0.0,6.444444444444445,0.0,0.0,0.0,30.0,0.0,0.0,0.0,Good_L0_Bad_L1,0.0
Good_L0_Bad_L1 (rho=0.0),Weight,0,60%,25,9,25C x 9K,10%,22,1,22C x 1K,33.33333333333333,0.0,0.0,0.0,28.000000000000004,0.0,0.0,0.0,33.33333333333333,0.0,0.0,0.0,Good_L0_Bad_L1,0.0
Good_L0_Bad_L1 (rho=0.0),Weight,0,60%,25,9,25C x 9K,10%,2,9,2C x 9K,36.666666666666664,0.0,0.0,0.0,28.000000000000004,0.0,0.0,0.0,36.666666666666664,0.0,0.0,0.0,Good_L0_Bad_L1,0.0
Good_L0_Bad_L1 (rho=0.0),Weight,0,60%,25,9,25C x 9K,20%,11,4,11C x 4K,53.333333333333336,0.0,0.0,0.0,28.000000000000004,0.0,0.0,0.0,53.333333333333336,0.0,0.0,0.0,Good_L0_Bad_L1,0.0
Good_L0_Bad_L1 (rho=0.0),Weight,0,60%,25,9,25C x 9K,20%,5,9,5C x 9K,53.333333333333336,0.0,0.0,0.0,28.000000000000004,0.0,0.0,0.0,53.333333333333336,0.0,0.0,0.0,Good_L0_Bad_L1,0.0
Good_L0_Bad_L1 (rho=0.0),Weight,0,60%,25,9,25C x 9K,30%,17,4,17C x 4K,56.666666666666664,0.0,0.0,0.0,28.000000000000004,0.0,0.0,0.0,56.666666666666664,0.0,0.0,0.0,Good_L0_Bad_L1,0.0
Good_L0_Bad_L1 (rho=0.0),Weight,0,60%,25,9,25C x 9K,30%,8,9,8C x 9K,53.333333333333336,0.0,0.0,0.0,28.000000000000004,0.0,0.0,0.0,53.333333333333336,0.0,0.0,0.0,Good_L0_Bad_L1,0.0
Good_L0_Bad_L1 (rho=0.0),Weight,0,60%,25,9,25C x 9K,40%,10,9,10C x 9K,53.333333333333336,0.0,0.0,0.0,28.000000000000004,0.0,0.0,0.0,53.333333333333336,0.0,0.0,0.0,Good_L0_Bad_L1,0.0
Good_L0_Bad_L1 (rho=0.0),Weight,0,60%,25,9,25C x 9K,40%,18,5,18C x 5K,53.333333333333336,0.0,0.0,0.0,28.000000000000004,0.0,0.0,0.0,53.333333333333336,0.0,0.0,0.0,Good_L0_Bad_L1,0.0
Good_L0_Bad_L1 (rho=0.0),Weight,0,60%,25,9,25C x 9K,50%,12,9,12C x 9K,53.333333333333336,0.0,0.0,0.0,28.000000000000004,0.0,0.0,0.0,53.333333333333336,0.0,0.0,0.0,Good_L0_Bad_L1,0.0
Good_L0_Bad_L1 (rho=0.0),Weight,0,60%,25,9,25C x 9K,50%,19,6,19C x 6K,50.0,0.0,0.0,0.0,28.000000000000004,0.0,0.0,0.0,50.0,0.0,0.0,0.0,Good_L0_Bad_L1,0.0
Good_L0_Bad_L1 (rho=0.0),Weight,0,60%,25,9,25C x 9K,60%,15,9,15C x 9K,60.0,0.0,0.0,0.0,28.000000000000004,0.0,0.0,0.0,60.0,0.0,0.0,0.0,Good_L0_Bad_L1,0.0
Good_L0_Bad_L1 (rho=0.0),Weight,0,60%,25,9,25C x 9K,60%,22,6,22C x 6K,60.0,0.0,0.0,0.0,28.000000000000004,0.0,0.0,0.0,60.0,0.0,0.0,0.0,Good_L0_Bad_L1,0.0
Good_L0_Bad_L1 (rho=0.0),Weight,0,60%,25,9,25C x 9K,70%,18,9,18C x 9K,53.333333333333336,0.0,0.0,0.0,28.000000000000004,0.0,0.0,0.0,53.333333333333336,0.0,0.0,0.0,Good_L0_Bad_L1,0.0
Good_L0_Bad_L1 (rho=0.0),Weight,0,60%,25,9,25C x 9K,70%,23,7,23C x 7K,56.666666666666664,0.0,0.0,0.0,28.000000000000004,0.0,0.0,0.0,56.666666666666664,0.0,0.0,0.0,Good_L0_Bad_L1,0.0
Good_L0_Bad_L1 (rho=0.0),Weight,0,60%,25,9,25C x 9K,80%,20,9,20C x 9K,60.0,0.0,0.0,0.0,28.000000000000004,0.0,0.0,0.0,60.0,0.0,0.0,0.0,Good_L0_Bad_L1,0.0
Good_L0_Bad_L1 (rho=0.0),Weight,0,60%,25,9,25C x 9K,80%,22,8,22C x 8K,70.0,0.0,0.0,0.0,28.000000000000004,0.0,0.0,0.0,70.0,0.0,0.0,0.0,Good_L0_Bad_L1,0.0
Good_L0_Bad_L1 (rho=0.0),Weight,0,60%,25,9,25C x 9K,90%,22,9,22C x 9K,70.0,0.0,0.0,0.0,28.000000000000004,0.0,0.0,0.0,70.0,0.0,0.0,0.0,Good_L0_Bad_L1,0.0
Good_L0_Bad_L1 (rho=0.0),Weight,0,60%,25,9,25C x 9K,90%,25,8,25C x 8K,70.0,0.0,0.0,0.0,28.000000000000004,0.0,0.0,0.0,70.0,0.0,0.0,0.0,Good_L0_Bad_L1,0.0
Good_L0_Bad_L1 (rho=0.0),Weight,0,60%,25,9,25C x 9K,100%,25,9,25C x 9K,30.0,0.0,0.0,0.0,7.466666666666668,0.0,0.0,0.0,30.0,0.0,0.0,0.0,Good_L0_Bad_L1,0.0
Good_L0_Bad_L1 (rho=0.0),Weight,0,70%,17,15,17C x 15K,10%,2,15,2C x 15K,40.0,0.0,0.0,0.0,28.431372549019606,0.0,0.0,0.0,40.0,0.0,0.0,0.0,Good_L0_Bad_L1,0.0
Good_L0_Bad_L1 (rho=0.0),Weight,0,70%,17,15,17C x 15K,10%,4,6,4C x 6K,30.0,0.0,0.0,0.0,28.431372549019606,0.0,0.0,0.0,30.0,0.0,0.0,0.0,Good_L0_Bad_L1,0.0
Good_L0_Bad_L1 (rho=0.0),Weight,0,70%,17,15,17C x 15K,20%,17,3,17C x 3K,46.666666666666664,0.0,0.0,0.0,28.431372549019606,0.0,0.0,0.0,46.666666666666664,0.0,0.0,0.0,Good_L0_Bad_L1,0.0
Good_L0_Bad_L1 (rho=0.0),Weight,0,70%,17,15,17C x 15K,20%,3,15,3C x 15K,46.666666666666664,0.0,0.0,0.0,28.431372549019606,0.0,0.0,0.0,46.666666666666664,0.0,0.0,0.0,Good_L0_Bad_L1,0.0
Good_L0_Bad_L1 (rho=0.0),Weight,0,70%,17,15,17C x 15K,30%,10,8,10C x 8K,46.666666666666664,0.0,0.0,0.0,28.431372549019606,0.0,0.0,0.0,46.666666666666664,0.0,0.0,0.0,Good_L0_Bad_L1,0.0
Good_L0_Bad_L1 (rho=0.0),Weight,0,70%,17,15,17C x 15K,30%,5,15,5C x 15K,50.0,0.0,0.0,0.0,28.431372549019606,0.0,0.0,0.0,50.0,0.0,0.0,0.0,Good_L0_Bad_L1,0.0
Good_L0_Bad_L1 (rho=0.0),Weight,0,70%,17,15,17C x 15K,40%,17,6,17C x 6K,66.66666666666666,0.0,0.0,0.0,28.431372549019606,0.0,0.0,0.0,66.66666666666666,0.0,0.0,0.0,Good_L0_Bad_L1,0.0
Good_L0_Bad_L1 (rho=0.0),Weight,0,70%,17,15,17C x 15K,40%,7,15,7C x 15K,50.0,0.0,0.0,0.0,28.431372549019606,0.0,0.0,0.0,50.0,0.0,0.0,0.0,Good_L0_Bad_L1,0.0
Good_L0_Bad_L1 (rho=0.0),Weight,0,70%,17,15,17C x 15K,50%,13,10,13C x 10K,53.333333333333336,0.0,0.0,0.0,28.431372549019606,0.0,0.0,0.0,53.333333333333336,0.0,0.0,0.0,Good_L0_Bad_L1,0.0
Good_L0_Bad_L1 (rho=0.0),Weight,0,70%,17,15,17C x 15K,50%,9,15,9C x 15K,46.666666666666664,0.0,0.0,0.0,28.431372549019606,0.0,0.0,0.0,46.666666666666664,0.0,0.0,0.0,Good_L0_Bad_L1,0.0
Good_L0_Bad_L1 (rho=0.0),Weight,0,70%,17,15,17C x 15K,60%,10,15,10C x 15K,50.0,0.0,0.0,0.0,28.431372549019606,0.0,0.0,0.0,50.0,0.0,0.0,0.0,Good_L0_Bad_L1,0.0
Good_L0_Bad_L1 (rho=0.0),Weight,0,70%,17,15,17C x 15K,60%,17,9,17C x 9K,66.66666666666666,0.0,0.0,0.0,28.431372549019606,0.0,0.0,0.0,66.66666666666666,0.0,0.0,0.0,Good_L0_Bad_L1,0.0
Good_L0_Bad_L1 (rho=0.0),Weight,0,70%,17,15,17C x 15K,70%,12,15,12C x 15K,60.0,0.0,0.0,0.0,28.431372549019606,0.0,0.0,0.0,60.0,0.0,0.0,0.0,Good_L0_Bad_L1,0.0
Good_L0_Bad_L1 (rho=0.0),Weight,0,70%,17,15,17C x 15K,70%,15,12,15C x 12K,63.33333333333333,0.0,0.0,0.0,28.431372549019606,0.0,0.0,0.0,63.33333333333333,0.0,0.0,0.0,Good_L0_Bad_L1,0.0
Good_L0_Bad_L1 (rho=0.0),Weight,0,70%,17,15,17C x 15K,80%,14,15,14C x 15K,66.66666666666666,0.0,0.0,0.0,28.431372549019606,0.0,0.0,0.0,66.66666666666666,0.0,0.0,0.0,Good_L0_Bad_L1,0.0
Good_L0_Bad_L1 (rho=0.0),Weight,0,70%,17,15,17C x 15K,80%,17,12,17C x 12K,70.0,0.0,0.0,0.0,28.431372549019606,0.0,0.0,0.0,70.0,0.0,0.0,0.0,Good_L0_Bad_L1,0.0
Good_L0_Bad_L1 (rho=0.0),Weight,0,70%,17,15,17C x 15K,90%,15,15,15C x 15K,76.66666666666667,0.0,0.0,0.0,28.431372549019606,0.0,0.0,0.0,76.66666666666667,0.0,0.0,0.0,Good_L0_Bad_L1,0.0
Good_L0_Bad_L1 (rho=0.0),Weight,0,70%,17,15,17C x 15K,90%,16,14,16C x 14K,73.33333333333333,0.0,0.0,0.0,28.431372549019606,0.0,0.0,0.0,73.33333333333333,0.0,0.0,0.0,Good_L0_Bad_L1,0.0
Good_L0_Bad_L1 (rho=0.0),Weight,0,70%,17,15,17C x 15K,100%,17,15,17C x 15K,33.33333333333333,0.0,0.0,0.0,6.2745098039215685,0.0,0.0,0.0,33.33333333333333,0.0,0.0,0.0,Good_L0_Bad_L1,0.0
Good_L0_Bad_L1 (rho=0.0),Weight,0,70%,22,12,22C x 12K,10%,2,12,2C x 12K,53.333333333333336,0.0,0.0,0.0,26.060606060606062,0.0,0.0,0.0,53.333333333333336,0.0,0.0,0.0,Good_L0_Bad_L1,0.0
Good_L0_Bad_L1 (rho=0.0),Weight,0,70%,22,12,22C x 12K,10%,5,5,5C x 5K,50.0,0.0,0.0,0.0,26.060606060606062,0.0,0.0,0.0,50.0,0.0,0.0,0.0,Good_L0_Bad_L1,0.0
Good_L0_Bad_L1 (rho=0.0),Weight,0,70%,22,12,22C x 12K,20%,11,5,11C x 5K,60.0,0.0,0.0,0.0,26.060606060606062,0.0,0.0,0.0,60.0,0.0,0.0,0.0,Good_L0_Bad_L1,0.0
Good_L0_Bad_L1 (rho=0.0),Weight,0,70%,22,12,22C x 12K,20%,4,12,4C x 12K,53.333333333333336,0.0,0.0,0.0,26.060606060606062,0.0,0.0,0.0,53.333333333333336,0.0,0.0,0.0,Good_L0_Bad_L1,0.0
Good_L0_Bad_L1 (rho=0.0),Weight,0,70%,22,12,22C x 12K,30%,13,6,13C x 6K,46.666666666666664,0.0,0.0,0.0,26.060606060606062,0.0,0.0,0.0,46.666666666666664,0.0,0.0,0.0,Good_L0_Bad_L1,0.0
Good_L0_Bad_L1 (rho=0.0),Weight,0,70%,22,12,22C x 12K,30%,7,12,7C x 12K,56.666666666666664,0.0,0.0,0.0,26.060606060606062,0.0,0.0,0.0,56.666666666666664,0.0,0.0,0.0,Good_L0_Bad_L1,0.0
Good_L0_Bad_L1 (rho=0.0),Weight,0,70%,22,12,22C x 12K,40%,15,7,15C x 7K,56.666666666666664,0.0,0.0,0.0,26.060606060606062,0.0,0.0,0.0,56.666666666666664,0.0,0.0,0.0,Good_L0_Bad_L1,0.0
Good_L0_Bad_L1 (rho=0.0),Weight,0,70%,22,12,22C x 12K,40%,9,12,9C x 12K,63.33333333333333,0.0,0.0,0.0,26.060606060606062,0.0,0.0,0.0,63.33333333333333,0.0,0.0,0.0,Good_L0_Bad_L1,0.0
Good_L0_Bad_L1 (rho=0.0),Weight,0,70%,22,12,22C x 12K,50%,11,12,11C x 12K,60.0,0.0,0.0,0.0,26.060606060606062,0.0,0.0,0.0,60.0,0.0,0.0,0.0,Good_L0_Bad_L1,0.0
Good_L0_Bad_L1 (rho=0.0),Weight,0,70%,22,12,22C x 12K,50%,22,6,22C x 6K,66.66666666666666,0.0,0.0,0.0,26.060606060606062,0.0,0.0,0.0,66.66666666666666,0.0,0.0,0.0,Good_L0_Bad_L1,0.0
Good_L0_Bad_L1 (rho=0.0),Weight,0,70%,22,12,22C x 12K,60%,13,12,13C x 12K,56.666666666666664,0.0,0.0,0.0,26.060606060606062,0.0,0.0,0.0,56.666666666666664,0.0,0.0,0.0,Good_L0_Bad_L1,0.0
Good_L0_Bad_L1 (rho=0.0),Weight,0,70%,22,12,22C x 12K,60%,18,9,18C x 9K,63.33333333333333,0.0,0.0,0.0,26.060606060606062,0.0,0.0,0.0,63.33333333333333,0.0,0.0,0.0,Good_L0_Bad_L1,0.0
Good_L0_Bad_L1 (rho=0.0),Weight,0,70%,22,12,22C x 12K,70%,15,12,15C x 12K,63.33333333333333,0.0,0.0,0.0,26.060606060606062,0.0,0.0,0.0,63.33333333333333,0.0,0.0,0.0,Good_L0_Bad_L1,0.0
Good_L0_Bad_L1 (rho=0.0),Weight,0,70%,22,12,22C x 12K,70%,21,9,21C x 9K,63.33333333333333,0.0,0.0,0.0,26.060606060606062,0.0,0.0,0.0,63.33333333333333,0.0,0.0,0.0,Good_L0_Bad_L1,0.0
Good_L0_Bad_L1 (rho=0.0),Weight,0,70%,22,12,22C x 12K,80%,18,12,18C x 12K,63.33333333333333,0.0,0.0,0.0,26.060606060606062,0.0,0.0,0.0,63.33333333333333,0.0,0.0,0.0,Good_L0_Bad_L1,0.0
Good_L0_Bad_L1 (rho=0.0),Weight,0,70%,22,12,22C x 12K,80%,21,10,21C x 10K,66.66666666666666,0.0,0.0,0.0,26.060606060606062,0.0,0.0,0.0,66.66666666666666,0.0,0.0,0.0,Good_L0_Bad_L1,0.0
Good_L0_Bad_L1 (rho=0.0),Weight,0,70%,22,12,22C x 12K,90%,20,12,20C x 12K,70.0,0.0,0.0,0.0,26.060606060606062,0.0,0.0,0.0,70.0,0.0,0.0,0.0,Good_L0_Bad_L1,0.0
Good_L0_Bad_L1 (rho=0.0),Weight,0,70%,22,12,22C x 12K,90%,22,11,22C x 11K,70.0,0.0,0.0,0.0,26.060606060606062,0.0,0.0,0.0,70.0,0.0,0.0,0.0,Good_L0_Bad_L1,0.0
Good_L0_Bad_L1 (rho=0.0),Weight,0,70%,22,12,22C x 12K,100%,22,12,22C x 12K,36.666666666666664,0.0,0.0,0.0,7.2727272727272725,0.0,0.0,0.0,36.666666666666664,0.0,0.0,0.0,Good_L0_Bad_L1,0.0
Good_L0_Bad_L1 (rho=0.0),Weight,0,80%,20,15,20C x 15K,10%,2,15,2C x 15K,43.333333333333336,0.0,0.0,0.0,29.5,0.0,0.0,0.0,43.333333333333336,0.0,0.0,0.0,Good_L0_Bad_L1,0.0
Good_L0_Bad_L1 (rho=0.0),Weight,0,80%,20,15,20C x 15K,10%,5,6,5C x 6K,46.666666666666664,0.0,0.0,0.0,29.5,0.0,0.0,0.0,46.666666666666664,0.0,0.0,0.0,Good_L0_Bad_L1,0.0
Good_L0_Bad_L1 (rho=0.0),Weight,0,80%,20,15,20C x 15K,20%,20,3,20C x 3K,56.666666666666664,0.0,0.0,0.0,29.5,0.0,0.0,0.0,56.666666666666664,0.0,0.0,0.0,Good_L0_Bad_L1,0.0
Good_L0_Bad_L1 (rho=0.0),Weight,0,80%,20,15,20C x 15K,20%,4,15,4C x 15K,43.333333333333336,0.0,0.0,0.0,29.5,0.0,0.0,0.0,43.333333333333336,0.0,0.0,0.0,Good_L0_Bad_L1,0.0
Good_L0_Bad_L1 (rho=0.0),Weight,0,80%,20,15,20C x 15K,30%,11,8,11C x 8K,46.666666666666664,0.0,0.0,0.0,29.5,0.0,0.0,0.0,46.666666666666664,0.0,0.0,0.0,Good_L0_Bad_L1,0.0
Good_L0_Bad_L1 (rho=0.0),Weight,0,80%,20,15,20C x 15K,30%,6,15,6C x 15K,50.0,0.0,0.0,0.0,29.5,0.0,0.0,0.0,50.0,0.0,0.0,0.0,Good_L0_Bad_L1,0.0
Good_L0_Bad_L1 (rho=0.0),Weight,0,80%,20,15,20C x 15K,40%,20,6,20C x 6K,66.66666666666666,0.0,0.0,0.0,29.5,0.0,0.0,0.0,66.66666666666666,0.0,0.0,0.0,Good_L0_Bad_L1,0.0
Good_L0_Bad_L1 (rho=0.0),Weight,0,80%,20,15,20C x 15K,40%,8,15,8C x 15K,46.666666666666664,0.0,0.0,0.0,29.5,0.0,0.0,0.0,46.666666666666664,0.0,0.0,0.0,Good_L0_Bad_L1,0.0
Good_L0_Bad_L1 (rho=0.0),Weight,0,80%,20,15,20C x 15K,50%,10,15,10C x 15K,53.333333333333336,0.0,0.0,0.0,29.5,0.0,0.0,0.0,53.333333333333336,0.0,0.0,0.0,Good_L0_Bad_L1,0.0
Good_L0_Bad_L1 (rho=0.0),Weight,0,80%,20,15,20C x 15K,50%,15,10,15C x 10K,60.0,0.0,0.0,0.0,29.5,0.0,0.0,0.0,60.0,0.0,0.0,0.0,Good_L0_Bad_L1,0.0
Good_L0_Bad_L1 (rho=0.0),Weight,0,80%,20,15,20C x 15K,60%,12,15,12C x 15K,70.0,0.0,0.0,0.0,29.5,0.0,0.0,0.0,70.0,0.0,0.0,0.0,Good_L0_Bad_L1,0.0
Good_L0_Bad_L1 (rho=0.0),Weight,0,80%,20,15,20C x 15K,60%,20,9,20C x 9K,66.66666666666666,0.0,0.0,0.0,29.5,0.0,0.0,0.0,66.66666666666666,0.0,0.0,0.0,Good_L0_Bad_L1,0.0
Good_L0_Bad_L1 (rho=0.0),Weight,0,80%,20,15,20C x 15K,70%,14,15,14C x 15K,70.0,0.0,0.0,0.0,29.5,0.0,0.0,0.0,70.0,0.0,0.0,0.0,Good_L0_Bad_L1,0.0
Good_L0_Bad_L1 (rho=0.0),Weight,0,80%,20,15,20C x 15K,70%,18,12,18C x 12K,63.33333333333333,0.0,0.0,0.0,29.5,0.0,0.0,0.0,63.33333333333333,0.0,0.0,0.0,Good_L0_Bad_L1,0.0
Good_L0_Bad_L1 (rho=0.0),Weight,0,80%,20,15,20C x 15K,80%,16,15,16C x 15K,66.66666666666666,0.0,0.0,0.0,29.5,0.0,0.0,0.0,66.66666666666666,0.0,0.0,0.0,Good_L0_Bad_L1,0.0
Good_L0_Bad_L1 (rho=0.0),Weight,0,80%,20,15,20C x 15K,80%,20,12,20C x 12K,73.33333333333333,0.0,0.0,0.0,29.5,0.0,0.0,0.0,73.33333333333333,0.0,0.0,0.0,Good_L0_Bad_L1,0.0
Good_L0_Bad_L1 (rho=0.0),Weight,0,80%,20,15,20C x 15K,90%,18,15,18C x 15K,76.66666666666667,0.0,0.0,0.0,29.5,0.0,0.0,0.0,76.66666666666667,0.0,0.0,0.0,Good_L0_Bad_L1,0.0
Good_L0_Bad_L1 (rho=0.0),Weight,0,80%,20,15,20C x 15K,90%,19,14,19C x 14K,80.0,0.0,0.0,0.0,29.5,0.0,0.0,0.0,80.0,0.0,0.0,0.0,Good_L0_Bad_L1,0.0
Good_L0_Bad_L1 (rho=0.0),Weight,0,80%,20,15,20C x 15K,100%,20,15,20C x 15K,36.666666666666664,0.0,0.0,0.0,7.333333333333333,0.0,0.0,0.0,36.666666666666664,0.0,0.0,0.0,Good_L0_Bad_L1,0.0
Good_L0_Bad_L1 (rho=0.0),Weight,0,80%,25,12,25C x 12K,10%,2,12,2C x 12K,33.33333333333333,0.0,0.0,0.0,29.46666666666667,0.0,0.0,0.0,33.33333333333333,0.0,0.0,0.0,Good_L0_Bad_L1,0.0
Good_L0_Bad_L1 (rho=0.0),Weight,0,80%,25,12,25C x 12K,10%,6,5,6C x 5K,43.333333333333336,0.0,0.0,0.0,29.46666666666667,0.0,0.0,0.0,43.333333333333336,0.0,0.0,0.0,Good_L0_Bad_L1,0.0
Good_L0_Bad_L1 (rho=0.0),Weight,0,80%,25,12,25C x 12K,20%,12,5,12C x 5K,40.0,0.0,0.0,0.0,29.46666666666667,0.0,0.0,0.0,40.0,0.0,0.0,0.0,Good_L0_Bad_L1,0.0
Good_L0_Bad_L1 (rho=0.0),Weight,0,80%,25,12,25C x 12K,20%,5,12,5C x 12K,50.0,0.0,0.0,0.0,29.46666666666667,0.0,0.0,0.0,50.0,0.0,0.0,0.0,Good_L0_Bad_L1,0.0
Good_L0_Bad_L1 (rho=0.0),Weight,0,80%,25,12,25C x 12K,30%,15,6,15C x 6K,46.666666666666664,0.0,0.0,0.0,29.46666666666667,0.0,0.0,0.0,46.666666666666664,0.0,0.0,0.0,Good_L0_Bad_L1,0.0
Good_L0_Bad_L1 (rho=0.0),Weight,0,80%,25,12,25C x 12K,30%,8,12,8C x 12K,60.0,0.0,0.0,0.0,29.46666666666667,0.0,0.0,0.0,60.0,0.0,0.0,0.0,Good_L0_Bad_L1,0.0
Good_L0_Bad_L1 (rho=0.0),Weight,0,80%,25,12,25C x 12K,40%,10,12,10C x 12K,50.0,0.0,0.0,0.0,29.46666666666667,0.0,0.0,0.0,50.0,0.0,0.0,0.0,Good_L0_Bad_L1,0.0
Good_L0_Bad_L1 (rho=0.0),Weight,0,80%,25,12,25C x 12K,40%,17,7,17C x 7K,60.0,0.0,0.0,0.0,29.46666666666667,0.0,0.0,0.0,60.0,0.0,0.0,0.0,Good_L0_Bad_L1,0.0
Good_L0_Bad_L1 (rho=0.0),Weight,0,80%,25,12,25C x 12K,50%,12,12,12C x 12K,50.0,0.0,0.0,0.0,29.46666666666667,0.0,0.0,0.0,50.0,0.0,0.0,0.0,Good_L0_Bad_L1,0.0
Good_L0_Bad_L1 (rho=0.0),Weight,0,80%,25,12,25C x 12K,50%,25,6,25C x 6K,63.33333333333333,0.0,0.0,0.0,29.46666666666667,0.0,0.0,0.0,63.33333333333333,0.0,0.0,0.0,Good_L0_Bad_L1,0.0
Good_L0_Bad_L1 (rho=0.0),Weight,0,80%,25,12,25C x 12K,60%,15,12,15C x 12K,63.33333333333333,0.0,0.0,0.0,29.46666666666667,0.0,0.0,0.0,63.33333333333333,0.0,0.0,0.0,Good_L0_Bad_L1,0.0
Good_L0_Bad_L1 (rho=0.0),Weight,0,80%,25,12,25C x 12K,60%,20,9,20C x 9K,60.0,0.0,0.0,0.0,29.46666666666667,0.0,0.0,0.0,60.0,0.0,0.0,0.0,Good_L0_Bad_L1,0.0
Good_L0_Bad_L1 (rho=0.0),Weight,0,80%,25,12,25C x 12K,70%,18,12,18C x 12K,63.33333333333333,0.0,0.0,0.0,29.46666666666667,0.0,0.0,0.0,63.33333333333333,0.0,0.0,0.0,Good_L0_Bad_L1,0.0
Good_L0_Bad_L1 (rho=0.0),Weight,0,80%,25,12,25C x 12K,70%,23,9,23C x 9K,63.33333333333333,0.0,0.0,0.0,29.46666666666667,0.0,0.0,0.0,63.33333333333333,0.0,0.0,0.0,Good_L0_Bad_L1,0.0
Good_L0_Bad_L1 (rho=0.0),Weight,0,80%,25,12,25C x 12K,80%,20,12,20C x 12K,66.66666666666666,0.0,0.0,0.0,29.46666666666667,0.0,0.0,0.0,66.66666666666666,0.0,0.0,0.0,Good_L0_Bad_L1,0.0
Good_L0_Bad_L1 (rho=0.0),Weight,0,80%,25,12,25C x 12K,80%,24,10,24C x 10K,73.33333333333333,0.0,0.0,0.0,29.46666666666667,0.0,0.0,0.0,73.33333333333333,0.0,0.0,0.0,Good_L0_Bad_L1,0.0
Good_L0_Bad_L1 (rho=0.0),Weight,0,80%,25,12,25C x 12K,90%,22,12,22C x 12K,70.0,0.0,0.0,0.0,29.46666666666667,0.0,0.0,0.0,70.0,0.0,0.0,0.0,Good_L0_Bad_L1,0.0
Good_L0_Bad_L1 (rho=0.0),Weight,0,80%,25,12,25C x 12K,90%,25,11,25C x 11K,76.66666666666667,0.0,0.0,0.0,29.46666666666667,0.0,0.0,0.0,76.66666666666667,0.0,0.0,0.0,Good_L0_Bad_L1,0.0
Good_L0_Bad_L1 (rho=0.0),Weight,0,80%,25,12,25C x 12K,100%,25,12,25C x 12K,30.0,0.0,0.0,0.0,8.0,0.0,0.0,0.0,30.0,0.0,0.0,0.0,Good_L0_Bad_L1,0.0
Good_L0_Bad_L1 (rho=0.0),Weight,0,90%,23,15,23C x 15K,10%,2,15,2C x 15K,50.0,0.0,0.0,0.0,28.840579710144926,0.0,0.0,0.0,50.0,0.0,0.0,0.0,Good_L0_Bad_L1,0.0
Good_L0_Bad_L1 (rho=0.0),Weight,0,90%,23,15,23C x 15K,10%,6,6,6C x 6K,40.0,0.0,0.0,0.0,28.840579710144926,0.0,0.0,0.0,40.0,0.0,0.0,0.0,Good_L0_Bad_L1,0.0
Good_L0_Bad_L1 (rho=0.0),Weight,0,90%,23,15,23C x 15K,20%,23,3,23C x 3K,63.33333333333333,0.0,0.0,0.0,28.840579710144926,0.0,0.0,0.0,63.33333333333333,0.0,0.0,0.0,Good_L0_Bad_L1,0.0
Good_L0_Bad_L1 (rho=0.0),Weight,0,90%,23,15,23C x 15K,20%,5,15,5C x 15K,73.33333333333333,0.0,0.0,0.0,28.840579710144926,0.0,0.0,0.0,73.33333333333333,0.0,0.0,0.0,Good_L0_Bad_L1,0.0
Good_L0_Bad_L1 (rho=0.0),Weight,0,90%,23,15,23C x 15K,30%,13,8,13C x 8K,66.66666666666666,0.0,0.0,0.0,28.840579710144926,0.0,0.0,0.0,66.66666666666666,0.0,0.0,0.0,Good_L0_Bad_L1,0.0
Good_L0_Bad_L1 (rho=0.0),Weight,0,90%,23,15,23C x 15K,30%,7,15,7C x 15K,56.666666666666664,0.0,0.0,0.0,28.840579710144926,0.0,0.0,0.0,56.666666666666664,0.0,0.0,0.0,Good_L0_Bad_L1,0.0
Good_L0_Bad_L1 (rho=0.0),Weight,0,90%,23,15,23C x 15K,40%,23,6,23C x 6K,60.0,0.0,0.0,0.0,28.840579710144926,0.0,0.0,0.0,60.0,0.0,0.0,0.0,Good_L0_Bad_L1,0.0
Good_L0_Bad_L1 (rho=0.0),Weight,0,90%,23,15,23C x 15K,40%,9,15,9C x 15K,56.666666666666664,0.0,0.0,0.0,28.840579710144926,0.0,0.0,0.0,56.666666666666664,0.0,0.0,0.0,Good_L0_Bad_L1,0.0
Good_L0_Bad_L1 (rho=0.0),Weight,0,90%,23,15,23C x 15K,50%,11,15,11C x 15K,66.66666666666666,0.0,0.0,0.0,28.840579710144926,0.0,0.0,0.0,66.66666666666666,0.0,0.0,0.0,Good_L0_Bad_L1,0.0
Good_L0_Bad_L1 (rho=0.0),Weight,0,90%,23,15,23C x 15K,50%,17,10,17C x 10K,73.33333333333333,0.0,0.0,0.0,28.840579710144926,0.0,0.0,0.0,73.33333333333333,0.0,0.0,0.0,Good_L0_Bad_L1,0.0
Good_L0_Bad_L1 (rho=0.0),Weight,0,90%,23,15,23C x 15K,60%,14,15,14C x 15K,63.33333333333333,0.0,0.0,0.0,28.840579710144926,0.0,0.0,0.0,63.33333333333333,0.0,0.0,0.0,Good_L0_Bad_L1,0.0
Good_L0_Bad_L1 (rho=0.0),Weight,0,90%,23,15,23C x 15K,60%,23,9,23C x 9K,70.0,0.0,0.0,0.0,28.840579710144926,0.0,0.0,0.0,70.0,0.0,0.0,0.0,Good_L0_Bad_L1,0.0
Good_L0_Bad_L1 (rho=0.0),Weight,0,90%,23,15,23C x 15K,70%,16,15,16C x 15K,76.66666666666667,0.0,0.0,0.0,28.840579710144926,0.0,0.0,0.0,76.66666666666667,0.0,0.0,0.0,Good_L0_Bad_L1,0.0
Good_L0_Bad_L1 (rho=0.0),Weight,0,90%,23,15,23C x 15K,70%,20,12,20C x 12K,76.66666666666667,0.0,0.0,0.0,28.840579710144926,0.0,0.0,0.0,76.66666666666667,0.0,0.0,0.0,Good_L0_Bad_L1,0.0
Good_L0_Bad_L1 (rho=0.0),Weight,0,90%,23,15,23C x 15K,80%,18,15,18C x 15K,73.33333333333333,0.0,0.0,0.0,28.840579710144926,0.0,0.0,0.0,73.33333333333333,0.0,0.0,0.0,Good_L0_Bad_L1,0.0
Good_L0_Bad_L1 (rho=0.0),Weight,0,90%,23,15,23C x 15K,80%,23,12,23C x 12K,86.66666666666667,0.0,0.0,0.0,28.840579710144926,0.0,0.0,0.0,86.66666666666667,0.0,0.0,0.0,Good_L0_Bad_L1,0.0
Good_L0_Bad_L1 (rho=0.0),Weight,0,90%,23,15,23C x 15K,90%,21,15,21C x 15K,80.0,0.0,0.0,0.0,28.840579710144926,0.0,0.0,0.0,80.0,0.0,0.0,0.0,Good_L0_Bad_L1,0.0
Good_L0_Bad_L1 (rho=0.0),Weight,0,90%,23,15,23C x 15K,90%,22,14,22C x 14K,76.66666666666667,0.0,0.0,0.0,28.840579710144926,0.0,0.0,0.0,76.66666666666667,0.0,0.0,0.0,Good_L0_Bad_L1,0.0
Good_L0_Bad_L1 (rho=0.0),Weight,0,90%,23,15,23C x 15K,100%,23,15,23C x 15K,40.0,0.0,0.0,0.0,7.101449275362319,0.0,0.0,0.0,40.0,0.0,0.0,0.0,Good_L0_Bad_L1,0.0
Good_L0_Bad_L1 (rho=0.0),Weight,0,90%,24,14,24C x 14K,10%,2,14,2C x 14K,36.666666666666664,0.0,0.0,0.0,28.749999999999996,0.0,0.0,0.0,36.666666666666664,0.0,0.0,0.0,Good_L0_Bad_L1,0.0
Good_L0_Bad_L1 (rho=0.0),Weight,0,90%,24,14,24C x 14K,10%,7,5,7C x 5K,46.666666666666664,0.0,0.0,0.0,28.749999999999996,0.0,0.0,0.0,46.666666666666664,0.0,0.0,0.0,Good_L0_Bad_L1,0.0
Good_L0_Bad_L1 (rho=0.0),Weight,0,90%,24,14,24C x 14K,20%,11,6,11C x 6K,56.666666666666664,0.0,0.0,0.0,28.749999999999996,0.0,0.0,0.0,56.666666666666664,0.0,0.0,0.0,Good_L0_Bad_L1,0.0
Good_L0_Bad_L1 (rho=0.0),Weight,0,90%,24,14,24C x 14K,20%,5,14,5C x 14K,46.666666666666664,0.0,0.0,0.0,28.749999999999996,0.0,0.0,0.0,46.666666666666664,0.0,0.0,0.0,Good_L0_Bad_L1,0.0
Good_L0_Bad_L1 (rho=0.0),Weight,0,90%,24,14,24C x 14K,30%,14,7,14C x 7K,50.0,0.0,0.0,0.0,28.749999999999996,0.0,0.0,0.0,50.0,0.0,0.0,0.0,Good_L0_Bad_L1,0.0
Good_L0_Bad_L1 (rho=0.0),Weight,0,90%,24,14,24C x 14K,30%,7,14,7C x 14K,46.666666666666664,0.0,0.0,0.0,28.749999999999996,0.0,0.0,0.0,46.666666666666664,0.0,0.0,0.0,Good_L0_Bad_L1,0.0
Good_L0_Bad_L1 (rho=0.0),Weight,0,90%,24,14,24C x 14K,40%,10,14,10C x 14K,60.0,0.0,0.0,0.0,28.749999999999996,0.0,0.0,0.0,60.0,0.0,0.0,0.0,Good_L0_Bad_L1,0.0
Good_L0_Bad_L1 (rho=0.0),Weight,0,90%,24,14,24C x 14K,40%,17,8,17C x 8K,53.333333333333336,0.0,0.0,0.0,28.749999999999996,0.0,0.0,0.0,53.333333333333336,0.0,0.0,0.0,Good_L0_Bad_L1,0.0
Good_L0_Bad_L1 (rho=0.0),Weight,0,90%,24,14,24C x 14K,50%,12,14,12C x 14K,66.66666666666666,0.0,0.0,0.0,28.749999999999996,0.0,0.0,0.0,66.66666666666666,0.0,0.0,0.0,Good_L0_Bad_L1,0.0
Good_L0_Bad_L1 (rho=0.0),Weight,0,90%,24,14,24C x 14K,50%,24,7,24C x 7K,63.33333333333333,0.0,0.0,0.0,28.749999999999996,0.0,0.0,0.0,63.33333333333333,0.0,0.0,0.0,Good_L0_Bad_L1,0.0
Good_L0_Bad_L1 (rho=0.0),Weight,0,90%,24,14,24C x 14K,60%,14,14,14C x 14K,63.33333333333333,0.0,0.0,0.0,28.749999999999996,0.0,0.0,0.0,63.33333333333333,0.0,0.0,0.0,Good_L0_Bad_L1,0.0
Good_L0_Bad_L1 (rho=0.0),Weight,0,90%,24,14,24C x 14K,60%,20,10,20C x 10K,63.33333333333333,0.0,0.0,0.0,28.749999999999996,0.0,0.0,0.0,63.33333333333333,0.0,0.0,0.0,Good_L0_Bad_L1,0.0
Good_L0_Bad_L1 (rho=0.0),Weight,0,90%,24,14,24C x 14K,70%,17,14,17C x 14K,66.66666666666666,0.0,0.0,0.0,28.749999999999996,0.0,0.0,0.0,66.66666666666666,0.0,0.0,0.0,Good_L0_Bad_L1,0.0
Good_L0_Bad_L1 (rho=0.0),Weight,0,90%,24,14,24C x 14K,70%,21,11,21C x 11K,70.0,0.0,0.0,0.0,28.749999999999996,0.0,0.0,0.0,70.0,0.0,0.0,0.0,Good_L0_Bad_L1,0.0
Good_L0_Bad_L1 (rho=0.0),Weight,0,90%,24,14,24C x 14K,80%,19,14,19C x 14K,73.33333333333333,0.0,0.0,0.0,28.749999999999996,0.0,0.0,0.0,73.33333333333333,0.0,0.0,0.0,Good_L0_Bad_L1,0.0
Good_L0_Bad_L1 (rho=0.0),Weight,0,90%,24,14,24C x 14K,80%,24,11,24C x 11K,73.33333333333333,0.0,0.0,0.0,28.749999999999996,0.0,0.0,0.0,73.33333333333333,0.0,0.0,0.0,Good_L0_Bad_L1,0.0
Good_L0_Bad_L1 (rho=0.0),Weight,0,90%,24,14,24C x 14K,90%,22,14,22C x 14K,83.33333333333334,0.0,0.0,0.0,28.749999999999996,0.0,0.0,0.0,83.33333333333334,0.0,0.0,0.0,Good_L0_Bad_L1,0.0
Good_L0_Bad_L1 (rho=0.0),Weight,0,90%,24,14,24C x 14K,90%,23,13,23C x 13K,76.66666666666667,0.0,0.0,0.0,28.749999999999996,0.0,0.0,0.0,76.66666666666667,0.0,0.0,0.0,Good_L0_Bad_L1,0.0
Good_L0_Bad_L1 (rho=0.0),Weight,0,90%,24,14,24C x 14K,100%,24,14,24C x 14K,43.333333333333336,0.0,0.0,0.0,6.388888888888888,0.0,0.0,0.0,43.333333333333336,0.0,0.0,0.0,Good_L0_Bad_L1,0.0
Good_L0_Bad_L1 (rho=0.0),Weight,0,100%,25,15,25C x 15K,10%,3,15,3C x 15K,16.666666666666664,0.0,0.0,0.0,7.066666666666667,0.0,0.0,0.0,16.666666666666664,0.0,0.0,0.0,Good_L0_Bad_L1,0.0
Good_L0_Bad_L1 (rho=0.0),Weight,0,100%,25,15,25C x 15K,10%,6,6,6C x 6K,16.666666666666664,0.0,0.0,0.0,7.066666666666667,0.0,0.0,0.0,16.666666666666664,0.0,0.0,0.0,Good_L0_Bad_L1,0.0
Good_L0_Bad_L1 (rho=0.0),Weight,0,100%,25,15,25C x 15K,20%,25,3,25C x 3K,20.0,0.0,0.0,0.0,7.066666666666667,0.0,0.0,0.0,20.0,0.0,0.0,0.0,Good_L0_Bad_L1,0.0
Good_L0_Bad_L1 (rho=0.0),Weight,0,100%,25,15,25C x 15K,20%,5,15,5C x 15K,26.666666666666668,0.0,0.0,0.0,7.066666666666667,0.0,0.0,0.0,26.666666666666668,0.0,0.0,0.0,Good_L0_Bad_L1,0.0
Good_L0_Bad_L1 (rho=0.0),Weight,0,100%,25,15,25C x 15K,30%,14,8,14C x 8K,20.0,0.0,0.0,0.0,7.066666666666667,0.0,0.0,0.0,20.0,0.0,0.0,0.0,Good_L0_Bad_L1,0.0
Good_L0_Bad_L1 (rho=0.0),Weight,0,100%,25,15,25C x 15K,30%,7,15,7C x 15K,26.666666666666668,0.0,0.0,0.0,7.066666666666667,0.0,0.0,0.0,26.666666666666668,0.0,0.0,0.0,Good_L0_Bad_L1,0.0
Good_L0_Bad_L1 (rho=0.0),Weight,0,100%,25,15,25C x 15K,40%,10,15,10C x 15K,20.0,0.0,0.0,0.0,7.066666666666667,0.0,0.0,0.0,20.0,0.0,0.0,0.0,Good_L0_Bad_L1,0.0
Good_L0_Bad_L1 (rho=0.0),Weight,0,100%,25,15,25C x 15K,40%,25,6,25C x 6K,26.666666666666668,0.0,0.0,0.0,7.066666666666667,0.0,0.0,0.0,26.666666666666668,0.0,0.0,0.0,Good_L0_Bad_L1,0.0
Good_L0_Bad_L1 (rho=0.0),Weight,0,100%,25,15,25C x 15K,50%,13,15,13C x 15K,26.666666666666668,0.0,0.0,0.0,7.066666666666667,0.0,0.0,0.0,26.666666666666668,0.0,0.0,0.0,Good_L0_Bad_L1,0.0
Good_L0_Bad_L1 (rho=0.0),Weight,0,100%,25,15,25C x 15K,50%,19,10,19C x 10K,36.666666666666664,0.0,0.0,0.0,7.066666666666667,0.0,0.0,0.0,36.666666666666664,0.0,0.0,0.0,Good_L0_Bad_L1,0.0
Good_L0_Bad_L1 (rho=0.0),Weight,0,100%,25,15,25C x 15K,60%,15,15,15C x 15K,33.33333333333333,0.0,0.0,0.0,7.066666666666667,0.0,0.0,0.0,33.33333333333333,0.0,0.0,0.0,Good_L0_Bad_L1,0.0
Good_L0_Bad_L1 (rho=0.0),Weight,0,100%,25,15,25C x 15K,60%,25,9,25C x 9K,40.0,0.0,0.0,0.0,7.066666666666667,0.0,0.0,0.0,40.0,0.0,0.0,0.0,Good_L0_Bad_L1,0.0
Good_L0_Bad_L1 (rho=0.0),Weight,0,100%,25,15,25C x 15K,70%,17,15,17C x 15K,30.0,0.0,0.0,0.0,7.066666666666667,0.0,0.0,0.0,30.0,0.0,0.0,0.0,Good_L0_Bad_L1,0.0
Good_L0_Bad_L1 (rho=0.0),Weight,0,100%,25,15,25C x 15K,70%,22,12,22C x 12K,33.33333333333333,0.0,0.0,0.0,7.066666666666667,0.0,0.0,0.0,33.33333333333333,0.0,0.0,0.0,Good_L0_Bad_L1,0.0
Good_L0_Bad_L1 (rho=0.0),Weight,0,100%,25,15,25C x 15K,80%,20,15,20C x 15K,40.0,0.0,0.0,0.0,7.066666666666667,0.0,0.0,0.0,40.0,0.0,0.0,0.0,Good_L0_Bad_L1,0.0
Good_L0_Bad_L1 (rho=0.0),Weight,0,100%,25,15,25C x 15K,80%,25,12,25C x 12K,43.333333333333336,0.0,0.0,0.0,7.066666666666667,0.0,0.0,0.0,43.333333333333336,0.0,0.0,0.0,Good_L0_Bad_L1,0.0
Good_L0_Bad_L1 (rho=0.0),Weight,0,100%,25,15,25C x 15K,90%,23,15,23C x 15K,46.666666666666664,0.0,0.0,0.0,7.066666666666667,0.0,0.0,0.0,46.666666666666664,0.0,0.0,0.0,Good_L0_Bad_L1,0.0
Good_L0_Bad_L1 (rho=0.0),Weight,0,100%,25,15,25C x 15K,90%,24,14,24C x 14K,40.0,0.0,0.0,0.0,7.066666666666667,0.0,0.0,0.0,40.0,0.0,0.0,0.0,Good_L0_Bad_L1,0.0
Good_L0_Bad_L1 (rho=0.0),Weight,0,100%,25,15,25C x 15K,100%,25,15,25C x 15K,26.666666666666668,0.0,0.0,0.0,2.8000000000000003,0.0,0.0,0.0,26.666666666666668,0.0,0.0,0.0,Good_L0_Bad_L1,0.0
Good_L0_Good_L1 (rho=0.0),Height,0,10%,3,15,3C x 15K,10%,1,4,1C x 4K,46.666666666666664,0.0,0.0,0.0,51.11111111111111,0.0,0.0,0.0,46.666666666666664,0.0,0.0,0.0,Good_L0_Good_L1,0.0
Good_L0_Good_L1 (rho=0.0),Height,0,10%,3,15,3C x 15K,10%,2,2,2C x 2K,33.33333333333333,0.0,0.0,0.0,51.11111111111111,0.0,0.0,0.0,33.33333333333333,0.0,0.0,0.0,Good_L0_Good_L1,0.0
Good_L0_Good_L1 (rho=0.0),Height,0,10%,3,15,3C x 15K,20%,1,9,1C x 9K,50.0,0.0,0.0,0.0,51.11111111111111,0.0,0.0,0.0,50.0,0.0,0.0,0.0,Good_L0_Good_L1,0.0
Good_L0_Good_L1 (rho=0.0),Height,0,10%,3,15,3C x 15K,20%,3,3,3C x 3K,33.33333333333333,0.0,0.0,0.0,51.11111111111111,0.0,0.0,0.0,33.33333333333333,0.0,0.0,0.0,Good_L0_Good_L1,0.0
Good_L0_Good_L1 (rho=0.0),Height,0,10%,3,15,3C x 15K,30%,1,14,1C x 14K,53.333333333333336,0.0,0.0,0.0,51.11111111111111,0.0,0.0,0.0,53.333333333333336,0.0,0.0,0.0,Good_L0_Good_L1,0.0
Good_L0_Good_L1 (rho=0.0),Height,0,10%,3,15,3C x 15K,30%,2,7,2C x 7K,56.666666666666664,0.0,0.0,0.0,51.11111111111111,0.0,0.0,0.0,56.666666666666664,0.0,0.0,0.0,Good_L0_Good_L1,0.0
Good_L0_Good_L1 (rho=0.0),Height,0,10%,3,15,3C x 15K,40%,1,15,1C x 15K,53.333333333333336,0.0,0.0,0.0,51.11111111111111,0.0,0.0,0.0,53.333333333333336,0.0,0.0,0.0,Good_L0_Good_L1,0.0
Good_L0_Good_L1 (rho=0.0),Height,0,10%,3,15,3C x 15K,40%,3,6,3C x 6K,40.0,0.0,0.0,0.0,51.11111111111111,0.0,0.0,0.0,40.0,0.0,0.0,0.0,Good_L0_Good_L1,0.0
Good_L0_Good_L1 (rho=0.0),Height,0,10%,3,15,3C x 15K,50%,1,15,1C x 15K,53.333333333333336,0.0,0.0,0.0,51.11111111111111,0.0,0.0,0.0,53.333333333333336,0.0,0.0,0.0,Good_L0_Good_L1,0.0
Good_L0_Good_L1 (rho=0.0),Height,0,10%,3,15,3C x 15K,50%,3,7,3C x 7K,46.666666666666664,0.0,0.0,0.0,51.11111111111111,0.0,0.0,0.0,46.666666666666664,0.0,0.0,0.0,Good_L0_Good_L1,0.0
Good_L0_Good_L1 (rho=0.0),Height,0,10%,3,15,3C x 15K,60%,2,15,2C x 15K,60.0,0.0,0.0,0.0,51.11111111111111,0.0,0.0,0.0,60.0,0.0,0.0,0.0,Good_L0_Good_L1,0.0
Good_L0_Good_L1 (rho=0.0),Height,0,10%,3,15,3C x 15K,60%,3,9,3C x 9K,60.0,0.0,0.0,0.0,51.11111111111111,0.0,0.0,0.0,60.0,0.0,0.0,0.0,Good_L0_Good_L1,0.0
Good_L0_Good_L1 (rho=0.0),Height,0,10%,3,15,3C x 15K,70%,2,15,2C x 15K,60.0,0.0,0.0,0.0,51.11111111111111,0.0,0.0,0.0,60.0,0.0,0.0,0.0,Good_L0_Good_L1,0.0
Good_L0_Good_L1 (rho=0.0),Height,0,10%,3,15,3C x 15K,70%,3,10,3C x 10K,56.666666666666664,0.0,0.0,0.0,51.11111111111111,0.0,0.0,0.0,56.666666666666664,0.0,0.0,0.0,Good_L0_Good_L1,0.0
Good_L0_Good_L1 (rho=0.0),Height,0,10%,3,15,3C x 15K,80%,2,15,2C x 15K,60.0,0.0,0.0,0.0,51.11111111111111,0.0,0.0,0.0,60.0,0.0,0.0,0.0,Good_L0_Good_L1,0.0
Good_L0_Good_L1 (rho=0.0),Height,0,10%,3,15,3C x 15K,80%,3,12,3C x 12K,63.33333333333333,0.0,0.0,0.0,51.11111111111111,0.0,0.0,0.0,63.33333333333333,0.0,0.0,0.0,Good_L0_Good_L1,0.0
Good_L0_Good_L1 (rho=0.0),Height,0,10%,3,15,3C x 15K,90%,3,13,3C x 13K,63.33333333333333,0.0,0.0,0.0,51.11111111111111,0.0,0.0,0.0,63.33333333333333,0.0,0.0,0.0,Good_L0_Good_L1,0.0
Good_L0_Good_L1 (rho=0.0),Height,0,10%,3,15,3C x 15K,90%,3,15,3C x 15K,60.0,0.0,0.0,0.0,51.11111111111111,0.0,0.0,0.0,60.0,0.0,0.0,0.0,Good_L0_Good_L1,0.0
Good_L0_Good_L1 (rho=0.0),Height,0,10%,3,15,3C x 15K,100%,3,15,3C x 15K,36.666666666666664,0.0,0.0,0.0,15.555555555555555,0.0,0.0,0.0,36.666666666666664,0.0,0.0,0.0,Good_L0_Good_L1,0.0
Good_L0_Good_L1 (rho=0.0),Height,0,10%,6,6,6C x 6K,10%,1,4,1C x 4K,40.0,0.0,0.0,0.0,45.55555555555556,0.0,0.0,0.0,40.0,0.0,0.0,0.0,Good_L0_Good_L1,0.0
Good_L0_Good_L1 (rho=0.0),Height,0,10%,6,6,6C x 6K,10%,4,1,4C x 1K,33.33333333333333,0.0,0.0,0.0,45.55555555555556,0.0,0.0,0.0,33.33333333333333,0.0,0.0,0.0,Good_L0_Good_L1,0.0
Good_L0_Good_L1 (rho=0.0),Height,0,10%,6,6,6C x 6K,20%,1,6,1C x 6K,43.333333333333336,0.0,0.0,0.0,45.55555555555556,0.0,0.0,0.0,43.333333333333336,0.0,0.0,0.0,Good_L0_Good_L1,0.0
Good_L0_Good_L1 (rho=0.0),Height,0,10%,6,6,6C x 6K,20%,2,3,2C x 3K,36.666666666666664,0.0,0.0,0.0,45.55555555555556,0.0,0.0,0.0,36.666666666666664,0.0,0.0,0.0,Good_L0_Good_L1,0.0
Good_L0_Good_L1 (rho=0.0),Height,0,10%,6,6,6C x 6K,30%,2,6,2C x 6K,46.666666666666664,0.0,0.0,0.0,45.55555555555556,0.0,0.0,0.0,46.666666666666664,0.0,0.0,0.0,Good_L0_Good_L1,0.0
Good_L0_Good_L1 (rho=0.0),Height,0,10%,6,6,6C x 6K,30%,4,3,4C x 3K,33.33333333333333,0.0,0.0,0.0,45.55555555555556,0.0,0.0,0.0,33.33333333333333,0.0,0.0,0.0,Good_L0_Good_L1,0.0
Good_L0_Good_L1 (rho=0.0),Height,0,10%,6,6,6C x 6K,40%,2,6,2C x 6K,46.666666666666664,0.0,0.0,0.0,45.55555555555556,0.0,0.0,0.0,46.666666666666664,0.0,0.0,0.0,Good_L0_Good_L1,0.0
Good_L0_Good_L1 (rho=0.0),Height,0,10%,6,6,6C x 6K,40%,5,3,5C x 3K,50.0,0.0,0.0,0.0,45.55555555555556,0.0,0.0,0.0,50.0,0.0,0.0,0.0,Good_L0_Good_L1,0.0
Good_L0_Good_L1 (rho=0.0),Height,0,10%,6,6,6C x 6K,50%,3,6,3C x 6K,46.666666666666664,0.0,0.0,0.0,45.55555555555556,0.0,0.0,0.0,46.666666666666664,0.0,0.0,0.0,Good_L0_Good_L1,0.0
Good_L0_Good_L1 (rho=0.0),Height,0,10%,6,6,6C x 6K,50%,6,3,6C x 3K,53.333333333333336,0.0,0.0,0.0,45.55555555555556,0.0,0.0,0.0,53.333333333333336,0.0,0.0,0.0,Good_L0_Good_L1,0.0
Good_L0_Good_L1 (rho=0.0),Height,0,10%,6,6,6C x 6K,60%,4,6,4C x 6K,50.0,0.0,0.0,0.0,45.55555555555556,0.0,0.0,0.0,50.0,0.0,0.0,0.0,Good_L0_Good_L1,0.0
Good_L0_Good_L1 (rho=0.0),Height,0,10%,6,6,6C x 6K,60%,6,4,6C x 4K,56.666666666666664,0.0,0.0,0.0,45.55555555555556,0.0,0.0,0.0,56.666666666666664,0.0,0.0,0.0,Good_L0_Good_L1,0.0
Good_L0_Good_L1 (rho=0.0),Height,0,10%,6,6,6C x 6K,70%,4,6,4C x 6K,50.0,0.0,0.0,0.0,45.55555555555556,0.0,0.0,0.0,50.0,0.0,0.0,0.0,Good_L0_Good_L1,0.0
Good_L0_Good_L1 (rho=0.0),Height,0,10%,6,6,6C x 6K,70%,6,4,6C x 4K,56.666666666666664,0.0,0.0,0.0,45.55555555555556,0.0,0.0,0.0,56.666666666666664,0.0,0.0,0.0,Good_L0_Good_L1,0.0
Good_L0_Good_L1 (rho=0.0),Height,0,10%,6,6,6C x 6K,80%,5,6,5C x 6K,50.0,0.0,0.0,0.0,45.55555555555556,0.0,0.0,0.0,50.0,0.0,0.0,0.0,Good_L0_Good_L1,0.0
Good_L0_Good_L1 (rho=0.0),Height,0,10%,6,6,6C x 6K,80%,6,5,6C x 5K,53.333333333333336,0.0,0.0,0.0,45.55555555555556,0.0,0.0,0.0,53.333333333333336,0.0,0.0,0.0,Good_L0_Good_L1,0.0
Good_L0_Good_L1 (rho=0.0),Height,0,10%,6,6,6C x 6K,90%,5,6,5C x 6K,50.0,0.0,0.0,0.0,45.55555555555556,0.0,0.0,0.0,50.0,0.0,0.0,0.0,Good_L0_Good_L1,0.0
Good_L0_Good_L1 (rho=0.0),Height,0,10%,6,6,6C x 6K,90%,6,5,6C x 5K,53.333333333333336,0.0,0.0,0.0,45.55555555555556,0.0,0.0,0.0,53.333333333333336,0.0,0.0,0.0,Good_L0_Good_L1,0.0
Good_L0_Good_L1 (rho=0.0),Height,0,10%,6,6,6C x 6K,100%,6,6,6C x 6K,36.666666666666664,0.0,0.0,0.0,15.0,0.0,0.0,0.0,36.666666666666664,0.0,0.0,0.0,Good_L0_Good_L1,0.0
Good_L0_Good_L1 (rho=0.0),Height,0,20%,25,3,25C x 3K,10%,3,3,3C x 3K,36.666666666666664,0.0,0.0,0.0,42.13333333333333,0.0,0.0,0.0,36.666666666666664,0.0,0.0,0.0,Good_L0_Good_L1,0.0
Good_L0_Good_L1 (rho=0.0),Height,0,20%,25,3,25C x 3K,10%,8,1,8C x 1K,56.666666666666664,0.0,0.0,0.0,42.13333333333333,0.0,0.0,0.0,56.666666666666664,0.0,0.0,0.0,Good_L0_Good_L1,0.0
Good_L0_Good_L1 (rho=0.0),Height,0,20%,25,3,25C x 3K,20%,15,1,15C x 1K,53.333333333333336,0.0,0.0,0.0,42.13333333333333,0.0,0.0,0.0,53.333333333333336,0.0,0.0,0.0,Good_L0_Good_L1,0.0
Good_L0_Good_L1 (rho=0.0),Height,0,20%,25,3,25C x 3K,20%,5,3,5C x 3K,46.666666666666664,0.0,0.0,0.0,42.13333333333333,0.0,0.0,0.0,46.666666666666664,0.0,0.0,0.0,Good_L0_Good_L1,0.0
Good_L0_Good_L1 (rho=0.0),Height,0,20%,25,3,25C x 3K,30%,22,1,22C x 1K,50.0,0.0,0.0,0.0,42.13333333333333,0.0,0.0,0.0,50.0,0.0,0.0,0.0,Good_L0_Good_L1,0.0
Good_L0_Good_L1 (rho=0.0),Height,0,20%,25,3,25C x 3K,30%,7,3,7C x 3K,53.333333333333336,0.0,0.0,0.0,42.13333333333333,0.0,0.0,0.0,53.333333333333336,0.0,0.0,0.0,Good_L0_Good_L1,0.0
Good_L0_Good_L1 (rho=0.0),Height,0,20%,25,3,25C x 3K,40%,10,3,10C x 3K,60.0,0.0,0.0,0.0,42.13333333333333,0.0,0.0,0.0,60.0,0.0,0.0,0.0,Good_L0_Good_L1,0.0
Good_L0_Good_L1 (rho=0.0),Height,0,20%,25,3,25C x 3K,40%,15,2,15C x 2K,70.0,0.0,0.0,0.0,42.13333333333333,0.0,0.0,0.0,70.0,0.0,0.0,0.0,Good_L0_Good_L1,0.0
Good_L0_Good_L1 (rho=0.0),Height,0,20%,25,3,25C x 3K,50%,13,3,13C x 3K,66.66666666666666,0.0,0.0,0.0,42.13333333333333,0.0,0.0,0.0,66.66666666666666,0.0,0.0,0.0,Good_L0_Good_L1,0.0
Good_L0_Good_L1 (rho=0.0),Height,0,20%,25,3,25C x 3K,50%,19,2,19C x 2K,53.333333333333336,0.0,0.0,0.0,42.13333333333333,0.0,0.0,0.0,53.333333333333336,0.0,0.0,0.0,Good_L0_Good_L1,0.0
Good_L0_Good_L1 (rho=0.0),Height,0,20%,25,3,25C x 3K,60%,15,3,15C x 3K,63.33333333333333,0.0,0.0,0.0,42.13333333333333,0.0,0.0,0.0,63.33333333333333,0.0,0.0,0.0,Good_L0_Good_L1,0.0
Good_L0_Good_L1 (rho=0.0),Height,0,20%,25,3,25C x 3K,60%,22,2,22C x 2K,56.666666666666664,0.0,0.0,0.0,42.13333333333333,0.0,0.0,0.0,56.666666666666664,0.0,0.0,0.0,Good_L0_Good_L1,0.0
Good_L0_Good_L1 (rho=0.0),Height,0,20%,25,3,25C x 3K,70%,17,3,17C x 3K,36.666666666666664,0.0,0.0,0.0,12.266666666666666,0.0,0.0,0.0,36.666666666666664,0.0,0.0,0.0,Good_L0_Good_L1,0.0
Good_L0_Good_L1 (rho=0.0),Height,0,20%,25,3,25C x 3K,80%,20,3,20C x 3K,36.666666666666664,0.0,0.0,0.0,12.266666666666666,0.0,0.0,0.0,36.666666666666664,0.0,0.0,0.0,Good_L0_Good_L1,0.0
Good_L0_Good_L1 (rho=0.0),Height,0,20%,25,3,25C x 3K,90%,23,3,23C x 3K,36.666666666666664,0.0,0.0,0.0,12.266666666666666,0.0,0.0,0.0,36.666666666666664,0.0,0.0,0.0,Good_L0_Good_L1,0.0
Good_L0_Good_L1 (rho=0.0),Height,0,20%,25,3,25C x 3K,100%,25,3,25C x 3K,36.666666666666664,0.0,0.0,0.0,12.266666666666666,0.0,0.0,0.0,36.666666666666664,0.0,0.0,0.0,Good_L0_Good_L1,0.0
Good_L0_Good_L1 (rho=0.0),Height,0,20%,5,15,5C x 15K,10%,1,8,1C x 8K,43.333333333333336,0.0,0.0,0.0,50.0,0.0,0.0,0.0,43.333333333333336,0.0,0.0,0.0,Good_L0_Good_L1,0.0
Good_L0_Good_L1 (rho=0.0),Height,0,20%,5,15,5C x 15K,10%,3,3,3C x 3K,50.0,0.0,0.0,0.0,50.0,0.0,0.0,0.0,50.0,0.0,0.0,0.0,Good_L0_Good_L1,0.0
Good_L0_Good_L1 (rho=0.0),Height,0,20%,5,15,5C x 15K,20%,1,15,1C x 15K,60.0,0.0,0.0,0.0,50.0,0.0,0.0,0.0,60.0,0.0,0.0,0.0,Good_L0_Good_L1,0.0
Good_L0_Good_L1 (rho=0.0),Height,0,20%,5,15,5C x 15K,20%,5,3,5C x 3K,50.0,0.0,0.0,0.0,50.0,0.0,0.0,0.0,50.0,0.0,0.0,0.0,Good_L0_Good_L1,0.0
Good_L0_Good_L1 (rho=0.0),Height,0,20%,5,15,5C x 15K,30%,1,15,1C x 15K,60.0,0.0,0.0,0.0,50.0,0.0,0.0,0.0,60.0,0.0,0.0,0.0,Good_L0_Good_L1,0.0
Good_L0_Good_L1 (rho=0.0),Height,0,20%,5,15,5C x 15K,30%,3,8,3C x 8K,56.666666666666664,0.0,0.0,0.0,50.0,0.0,0.0,0.0,56.666666666666664,0.0,0.0,0.0,Good_L0_Good_L1,0.0
Good_L0_Good_L1 (rho=0.0),Height,0,20%,5,15,5C x 15K,40%,2,15,2C x 15K,60.0,0.0,0.0,0.0,50.0,0.0,0.0,0.0,60.0,0.0,0.0,0.0,Good_L0_Good_L1,0.0
Good_L0_Good_L1 (rho=0.0),Height,0,20%,5,15,5C x 15K,40%,5,6,5C x 6K,53.333333333333336,0.0,0.0,0.0,50.0,0.0,0.0,0.0,53.333333333333336,0.0,0.0,0.0,Good_L0_Good_L1,0.0
Good_L0_Good_L1 (rho=0.0),Height,0,20%,5,15,5C x 15K,50%,3,15,3C x 15K,56.666666666666664,0.0,0.0,0.0,50.0,0.0,0.0,0.0,56.666666666666664,0.0,0.0,0.0,Good_L0_Good_L1,0.0
Good_L0_Good_L1 (rho=0.0),Height,0,20%,5,15,5C x 15K,50%,5,7,5C x 7K,60.0,0.0,0.0,0.0,50.0,0.0,0.0,0.0,60.0,0.0,0.0,0.0,Good_L0_Good_L1,0.0
Good_L0_Good_L1 (rho=0.0),Height,0,20%,5,15,5C x 15K,60%,3,15,3C x 15K,56.666666666666664,0.0,0.0,0.0,50.0,0.0,0.0,0.0,56.666666666666664,0.0,0.0,0.0,Good_L0_Good_L1,0.0
Good_L0_Good_L1 (rho=0.0),Height,0,20%,5,15,5C x 15K,60%,5,9,5C x 9K,53.333333333333336,0.0,0.0,0.0,50.0,0.0,0.0,0.0,53.333333333333336,0.0,0.0,0.0,Good_L0_Good_L1,0.0
Good_L0_Good_L1 (rho=0.0),Height,0,20%,5,15,5C x 15K,70%,3,15,3C x 15K,56.666666666666664,0.0,0.0,0.0,50.0,0.0,0.0,0.0,56.666666666666664,0.0,0.0,0.0,Good_L0_Good_L1,0.0
Good_L0_Good_L1 (rho=0.0),Height,0,20%,5,15,5C x 15K,70%,5,10,5C x 10K,53.333333333333336,0.0,0.0,0.0,50.0,0.0,0.0,0.0,53.333333333333336,0.0,0.0,0.0,Good_L0_Good_L1,0.0
Good_L0_Good_L1 (rho=0.0),Height,0,20%,5,15,5C x 15K,80%,4,15,4C x 15K,66.66666666666666,0.0,0.0,0.0,50.0,0.0,0.0,0.0,66.66666666666666,0.0,0.0,0.0,Good_L0_Good_L1,0.0
Good_L0_Good_L1 (rho=0.0),Height,0,20%,5,15,5C x 15K,80%,5,12,5C x 12K,56.666666666666664,0.0,0.0,0.0,50.0,0.0,0.0,0.0,56.666666666666664,0.0,0.0,0.0,Good_L0_Good_L1,0.0
Good_L0_Good_L1 (rho=0.0),Height,0,20%,5,15,5C x 15K,90%,5,13,5C x 13K,56.666666666666664,0.0,0.0,0.0,50.0,0.0,0.0,0.0,56.666666666666664,0.0,0.0,0.0,Good_L0_Good_L1,0.0
Good_L0_Good_L1 (rho=0.0),Height,0,20%,5,15,5C x 15K,90%,5,15,5C x 15K,60.0,0.0,0.0,0.0,50.0,0.0,0.0,0.0,60.0,0.0,0.0,0.0,Good_L0_Good_L1,0.0
Good_L0_Good_L1 (rho=0.0),Height,0,20%,5,15,5C x 15K,100%,5,15,5C x 15K,36.666666666666664,0.0,0.0,0.0,18.0,0.0,0.0,0.0,36.666666666666664,0.0,0.0,0.0,Good_L0_Good_L1,0.0
Good_L0_Good_L1 (rho=0.0),Height,0,30%,14,8,14C x 8K,10%,11,1,11C x 1K,36.666666666666664,0.0,0.0,0.0,49.28571428571429,0.0,0.0,0.0,36.666666666666664,0.0,0.0,0.0,Good_L0_Good_L1,0.0
Good_L0_Good_L1 (rho=0.0),Height,0,30%,14,8,14C x 8K,10%,1,8,1C x 8K,43.333333333333336,0.0,0.0,0.0,49.28571428571429,0.0,0.0,0.0,43.333333333333336,0.0,0.0,0.0,Good_L0_Good_L1,0.0
Good_L0_Good_L1 (rho=0.0),Height,0,30%,14,8,14C x 8K,20%,3,8,3C x 8K,43.333333333333336,0.0,0.0,0.0,49.28571428571429,0.0,0.0,0.0,43.333333333333336,0.0,0.0,0.0,Good_L0_Good_L1,0.0
Good_L0_Good_L1 (rho=0.0),Height,0,30%,14,8,14C x 8K,20%,7,3,7C x 3K,46.666666666666664,0.0,0.0,0.0,49.28571428571429,0.0,0.0,0.0,46.666666666666664,0.0,0.0,0.0,Good_L0_Good_L1,0.0
Good_L0_Good_L1 (rho=0.0),Height,0,30%,14,8,14C x 8K,30%,4,8,4C x 8K,43.333333333333336,0.0,0.0,0.0,49.28571428571429,0.0,0.0,0.0,43.333333333333336,0.0,0.0,0.0,Good_L0_Good_L1,0.0
Good_L0_Good_L1 (rho=0.0),Height,0,30%,14,8,14C x 8K,30%,8,4,8C x 4K,46.666666666666664,0.0,0.0,0.0,49.28571428571429,0.0,0.0,0.0,46.666666666666664,0.0,0.0,0.0,Good_L0_Good_L1,0.0
Good_L0_Good_L1 (rho=0.0),Height,0,30%,14,8,14C x 8K,40%,6,8,6C x 8K,50.0,0.0,0.0,0.0,49.28571428571429,0.0,0.0,0.0,50.0,0.0,0.0,0.0,Good_L0_Good_L1,0.0
Good_L0_Good_L1 (rho=0.0),Height,0,30%,14,8,14C x 8K,40%,9,5,9C x 5K,53.333333333333336,0.0,0.0,0.0,49.28571428571429,0.0,0.0,0.0,53.333333333333336,0.0,0.0,0.0,Good_L0_Good_L1,0.0
Good_L0_Good_L1 (rho=0.0),Height,0,30%,14,8,14C x 8K,50%,14,4,14C x 4K,53.333333333333336,0.0,0.0,0.0,49.28571428571429,0.0,0.0,0.0,53.333333333333336,0.0,0.0,0.0,Good_L0_Good_L1,0.0
Good_L0_Good_L1 (rho=0.0),Height,0,30%,14,8,14C x 8K,50%,7,8,7C x 8K,46.666666666666664,0.0,0.0,0.0,49.28571428571429,0.0,0.0,0.0,46.666666666666664,0.0,0.0,0.0,Good_L0_Good_L1,0.0
Good_L0_Good_L1 (rho=0.0),Height,0,30%,14,8,14C x 8K,60%,13,5,13C x 5K,46.666666666666664,0.0,0.0,0.0,49.28571428571429,0.0,0.0,0.0,46.666666666666664,0.0,0.0,0.0,Good_L0_Good_L1,0.0
Good_L0_Good_L1 (rho=0.0),Height,0,30%,14,8,14C x 8K,60%,8,8,8C x 8K,53.333333333333336,0.0,0.0,0.0,49.28571428571429,0.0,0.0,0.0,53.333333333333336,0.0,0.0,0.0,Good_L0_Good_L1,0.0
Good_L0_Good_L1 (rho=0.0),Height,0,30%,14,8,14C x 8K,70%,10,8,10C x 8K,50.0,0.0,0.0,0.0,49.28571428571429,0.0,0.0,0.0,50.0,0.0,0.0,0.0,Good_L0_Good_L1,0.0
Good_L0_Good_L1 (rho=0.0),Height,0,30%,14,8,14C x 8K,70%,13,6,13C x 6K,53.333333333333336,0.0,0.0,0.0,49.28571428571429,0.0,0.0,0.0,53.333333333333336,0.0,0.0,0.0,Good_L0_Good_L1,0.0
Good_L0_Good_L1 (rho=0.0),Height,0,30%,14,8,14C x 8K,80%,11,8,11C x 8K,50.0,0.0,0.0,0.0,49.28571428571429,0.0,0.0,0.0,50.0,0.0,0.0,0.0,Good_L0_Good_L1,0.0
Good_L0_Good_L1 (rho=0.0),Height,0,30%,14,8,14C x 8K,80%,13,7,13C x 7K,50.0,0.0,0.0,0.0,49.28571428571429,0.0,0.0,0.0,50.0,0.0,0.0,0.0,Good_L0_Good_L1,0.0
Good_L0_Good_L1 (rho=0.0),Height,0,30%,14,8,14C x 8K,90%,13,8,13C x 8K,53.333333333333336,0.0,0.0,0.0,49.28571428571429,0.0,0.0,0.0,53.333333333333336,0.0,0.0,0.0,Good_L0_Good_L1,0.0
Good_L0_Good_L1 (rho=0.0),Height,0,30%,14,8,14C x 8K,90%,14,7,14C x 7K,43.333333333333336,0.0,0.0,0.0,49.28571428571429,0.0,0.0,0.0,43.333333333333336,0.0,0.0,0.0,Good_L0_Good_L1,0.0
Good_L0_Good_L1 (rho=0.0),Height,0,30%,14,8,14C x 8K,100%,14,8,14C x 8K,36.666666666666664,0.0,0.0,0.0,16.428571428571427,0.0,0.0,0.0,36.666666666666664,0.0,0.0,0.0,Good_L0_Good_L1,0.0
Good_L0_Good_L1 (rho=0.0),Height,0,30%,7,15,7C x 15K,10%,1,10,1C x 10K,56.666666666666664,0.0,0.0,0.0,50.95238095238095,0.0,0.0,0.0,56.666666666666664,0.0,0.0,0.0,Good_L0_Good_L1,0.0
Good_L0_Good_L1 (rho=0.0),Height,0,30%,7,15,7C x 15K,10%,2,4,2C x 4K,36.666666666666664,0.0,0.0,0.0,50.95238095238095,0.0,0.0,0.0,36.666666666666664,0.0,0.0,0.0,Good_L0_Good_L1,0.0
Good_L0_Good_L1 (rho=0.0),Height,0,30%,7,15,7C x 15K,20%,1,15,1C x 15K,56.666666666666664,0.0,0.0,0.0,50.95238095238095,0.0,0.0,0.0,56.666666666666664,0.0,0.0,0.0,Good_L0_Good_L1,0.0
Good_L0_Good_L1 (rho=0.0),Height,0,30%,7,15,7C x 15K,20%,7,3,7C x 3K,50.0,0.0,0.0,0.0,50.95238095238095,0.0,0.0,0.0,50.0,0.0,0.0,0.0,Good_L0_Good_L1,0.0
Good_L0_Good_L1 (rho=0.0),Height,0,30%,7,15,7C x 15K,30%,2,15,2C x 15K,56.666666666666664,0.0,0.0,0.0,50.95238095238095,0.0,0.0,0.0,56.666666666666664,0.0,0.0,0.0,Good_L0_Good_L1,0.0
Good_L0_Good_L1 (rho=0.0),Height,0,30%,7,15,7C x 15K,30%,4,8,4C x 8K,53.333333333333336,0.0,0.0,0.0,50.95238095238095,0.0,0.0,0.0,53.333333333333336,0.0,0.0,0.0,Good_L0_Good_L1,0.0
Good_L0_Good_L1 (rho=0.0),Height,0,30%,7,15,7C x 15K,40%,3,15,3C x 15K,53.333333333333336,0.0,0.0,0.0,50.95238095238095,0.0,0.0,0.0,53.333333333333336,0.0,0.0,0.0,Good_L0_Good_L1,0.0
Good_L0_Good_L1 (rho=0.0),Height,0,30%,7,15,7C x 15K,40%,7,6,7C x 6K,60.0,0.0,0.0,0.0,50.95238095238095,0.0,0.0,0.0,60.0,0.0,0.0,0.0,Good_L0_Good_L1,0.0
Good_L0_Good_L1 (rho=0.0),Height,0,30%,7,15,7C x 15K,50%,3,15,3C x 15K,53.333333333333336,0.0,0.0,0.0,50.95238095238095,0.0,0.0,0.0,53.333333333333336,0.0,0.0,0.0,Good_L0_Good_L1,0.0
Good_L0_Good_L1 (rho=0.0),Height,0,30%,7,15,7C x 15K,50%,7,7,7C x 7K,60.0,0.0,0.0,0.0,50.95238095238095,0.0,0.0,0.0,60.0,0.0,0.0,0.0,Good_L0_Good_L1,0.0
Good_L0_Good_L1 (rho=0.0),Height,0,30%,7,15,7C x 15K,60%,4,15,4C x 15K,50.0,0.0,0.0,0.0,50.95238095238095,0.0,0.0,0.0,50.0,0.0,0.0,0.0,Good_L0_Good_L1,0.0
Good_L0_Good_L1 (rho=0.0),Height,0,30%,7,15,7C x 15K,60%,7,9,7C x 9K,60.0,0.0,0.0,0.0,50.95238095238095,0.0,0.0,0.0,60.0,0.0,0.0,0.0,Good_L0_Good_L1,0.0
Good_L0_Good_L1 (rho=0.0),Height,0,30%,7,15,7C x 15K,70%,5,15,5C x 15K,56.666666666666664,0.0,0.0,0.0,50.95238095238095,0.0,0.0,0.0,56.666666666666664,0.0,0.0,0.0,Good_L0_Good_L1,0.0
Good_L0_Good_L1 (rho=0.0),Height,0,30%,7,15,7C x 15K,70%,7,10,7C x 10K,60.0,0.0,0.0,0.0,50.95238095238095,0.0,0.0,0.0,60.0,0.0,0.0,0.0,Good_L0_Good_L1,0.0
Good_L0_Good_L1 (rho=0.0),Height,0,30%,7,15,7C x 15K,80%,6,15,6C x 15K,60.0,0.0,0.0,0.0,50.95238095238095,0.0,0.0,0.0,60.0,0.0,0.0,0.0,Good_L0_Good_L1,0.0
Good_L0_Good_L1 (rho=0.0),Height,0,30%,7,15,7C x 15K,80%,7,12,7C x 12K,60.0,0.0,0.0,0.0,50.95238095238095,0.0,0.0,0.0,60.0,0.0,0.0,0.0,Good_L0_Good_L1,0.0
Good_L0_Good_L1 (rho=0.0),Height,0,30%,7,15,7C x 15K,90%,6,15,6C x 15K,60.0,0.0,0.0,0.0,50.95238095238095,0.0,0.0,0.0,60.0,0.0,0.0,0.0,Good_L0_Good_L1,0.0
Good_L0_Good_L1 (rho=0.0),Height,0,30%,7,15,7C x 15K,90%,7,13,7C x 13K,53.333333333333336,0.0,0.0,0.0,50.95238095238095,0.0,0.0,0.0,53.333333333333336,0.0,0.0,0.0,Good_L0_Good_L1,0.0
Good_L0_Good_L1 (rho=0.0),Height,0,30%,7,15,7C x 15K,100%,7,15,7C x 15K,36.666666666666664,0.0,0.0,0.0,17.142857142857142,0.0,0.0,0.0,36.666666666666664,0.0,0.0,0.0,Good_L0_Good_L1,0.0
Good_L0_Good_L1 (rho=0.0),Height,0,40%,10,15,10C x 15K,10%,1,15,1C x 15K,60.0,0.0,0.0,0.0,51.33333333333333,0.0,0.0,0.0,60.0,0.0,0.0,0.0,Good_L0_Good_L1,0.0
Good_L0_Good_L1 (rho=0.0),Height,0,40%,10,15,10C x 15K,10%,2,6,2C x 6K,43.333333333333336,0.0,0.0,0.0,51.33333333333333,0.0,0.0,0.0,43.333333333333336,0.0,0.0,0.0,Good_L0_Good_L1,0.0
Good_L0_Good_L1 (rho=0.0),Height,0,40%,10,15,10C x 15K,20%,10,3,10C x 3K,43.333333333333336,0.0,0.0,0.0,51.33333333333333,0.0,0.0,0.0,43.333333333333336,0.0,0.0,0.0,Good_L0_Good_L1,0.0
Good_L0_Good_L1 (rho=0.0),Height,0,40%,10,15,10C x 15K,20%,2,15,2C x 15K,60.0,0.0,0.0,0.0,51.33333333333333,0.0,0.0,0.0,60.0,0.0,0.0,0.0,Good_L0_Good_L1,0.0
Good_L0_Good_L1 (rho=0.0),Height,0,40%,10,15,10C x 15K,30%,3,15,3C x 15K,53.333333333333336,0.0,0.0,0.0,51.33333333333333,0.0,0.0,0.0,53.333333333333336,0.0,0.0,0.0,Good_L0_Good_L1,0.0
Good_L0_Good_L1 (rho=0.0),Height,0,40%,10,15,10C x 15K,30%,6,8,6C x 8K,53.333333333333336,0.0,0.0,0.0,51.33333333333333,0.0,0.0,0.0,53.333333333333336,0.0,0.0,0.0,Good_L0_Good_L1,0.0
Good_L0_Good_L1 (rho=0.0),Height,0,40%,10,15,10C x 15K,40%,10,6,10C x 6K,46.666666666666664,0.0,0.0,0.0,51.33333333333333,0.0,0.0,0.0,46.666666666666664,0.0,0.0,0.0,Good_L0_Good_L1,0.0
Good_L0_Good_L1 (rho=0.0),Height,0,40%,10,15,10C x 15K,40%,4,15,4C x 15K,56.666666666666664,0.0,0.0,0.0,51.33333333333333,0.0,0.0,0.0,56.666666666666664,0.0,0.0,0.0,Good_L0_Good_L1,0.0
Good_L0_Good_L1 (rho=0.0),Height,0,40%,10,15,10C x 15K,50%,5,15,5C x 15K,66.66666666666666,0.0,0.0,0.0,51.33333333333333,0.0,0.0,0.0,66.66666666666666,0.0,0.0,0.0,Good_L0_Good_L1,0.0
Good_L0_Good_L1 (rho=0.0),Height,0,40%,10,15,10C x 15K,50%,8,10,8C x 10K,53.333333333333336,0.0,0.0,0.0,51.33333333333333,0.0,0.0,0.0,53.333333333333336,0.0,0.0,0.0,Good_L0_Good_L1,0.0
Good_L0_Good_L1 (rho=0.0),Height,0,40%,10,15,10C x 15K,60%,10,9,10C x 9K,53.333333333333336,0.0,0.0,0.0,51.33333333333333,0.0,0.0,0.0,53.333333333333336,0.0,0.0,0.0,Good_L0_Good_L1,0.0
Good_L0_Good_L1 (rho=0.0),Height,0,40%,10,15,10C x 15K,60%,6,15,6C x 15K,63.33333333333333,0.0,0.0,0.0,51.33333333333333,0.0,0.0,0.0,63.33333333333333,0.0,0.0,0.0,Good_L0_Good_L1,0.0
Good_L0_Good_L1 (rho=0.0),Height,0,40%,10,15,10C x 15K,70%,10,10,10C x 10K,53.333333333333336,0.0,0.0,0.0,51.33333333333333,0.0,0.0,0.0,53.333333333333336,0.0,0.0,0.0,Good_L0_Good_L1,0.0
Good_L0_Good_L1 (rho=0.0),Height,0,40%,10,15,10C x 15K,70%,7,15,7C x 15K,60.0,0.0,0.0,0.0,51.33333333333333,0.0,0.0,0.0,60.0,0.0,0.0,0.0,Good_L0_Good_L1,0.0
Good_L0_Good_L1 (rho=0.0),Height,0,40%,10,15,10C x 15K,80%,10,12,10C x 12K,60.0,0.0,0.0,0.0,51.33333333333333,0.0,0.0,0.0,60.0,0.0,0.0,0.0,Good_L0_Good_L1,0.0
Good_L0_Good_L1 (rho=0.0),Height,0,40%,10,15,10C x 15K,80%,8,15,8C x 15K,56.666666666666664,0.0,0.0,0.0,51.33333333333333,0.0,0.0,0.0,56.666666666666664,0.0,0.0,0.0,Good_L0_Good_L1,0.0
Good_L0_Good_L1 (rho=0.0),Height,0,40%,10,15,10C x 15K,90%,10,13,10C x 13K,56.666666666666664,0.0,0.0,0.0,51.33333333333333,0.0,0.0,0.0,56.666666666666664,0.0,0.0,0.0,Good_L0_Good_L1,0.0
Good_L0_Good_L1 (rho=0.0),Height,0,40%,10,15,10C x 15K,90%,9,15,9C x 15K,56.666666666666664,0.0,0.0,0.0,51.33333333333333,0.0,0.0,0.0,56.666666666666664,0.0,0.0,0.0,Good_L0_Good_L1,0.0
Good_L0_Good_L1 (rho=0.0),Height,0,40%,10,15,10C x 15K,100%,10,15,10C x 15K,36.666666666666664,0.0,0.0,0.0,16.0,0.0,0.0,0.0,36.666666666666664,0.0,0.0,0.0,Good_L0_Good_L1,0.0
Good_L0_Good_L1 (rho=0.0),Height,0,40%,25,6,25C x 6K,10%,15,1,15C x 1K,43.333333333333336,0.0,0.0,0.0,48.13333333333333,0.0,0.0,0.0,43.333333333333336,0.0,0.0,0.0,Good_L0_Good_L1,0.0
Good_L0_Good_L1 (rho=0.0),Height,0,40%,25,6,25C x 6K,10%,2,6,2C x 6K,50.0,0.0,0.0,0.0,48.13333333333333,0.0,0.0,0.0,50.0,0.0,0.0,0.0,Good_L0_Good_L1,0.0
Good_L0_Good_L1 (rho=0.0),Height,0,40%,25,6,25C x 6K,20%,10,3,10C x 3K,53.333333333333336,0.0,0.0,0.0,48.13333333333333,0.0,0.0,0.0,53.333333333333336,0.0,0.0,0.0,Good_L0_Good_L1,0.0
Good_L0_Good_L1 (rho=0.0),Height,0,40%,25,6,25C x 6K,20%,5,6,5C x 6K,60.0,0.0,0.0,0.0,48.13333333333333,0.0,0.0,0.0,60.0,0.0,0.0,0.0,Good_L0_Good_L1,0.0
Good_L0_Good_L1 (rho=0.0),Height,0,40%,25,6,25C x 6K,30%,15,3,15C x 3K,63.33333333333333,0.0,0.0,0.0,48.13333333333333,0.0,0.0,0.0,63.33333333333333,0.0,0.0,0.0,Good_L0_Good_L1,0.0
Good_L0_Good_L1 (rho=0.0),Height,0,40%,25,6,25C x 6K,30%,8,6,8C x 6K,63.33333333333333,0.0,0.0,0.0,48.13333333333333,0.0,0.0,0.0,63.33333333333333,0.0,0.0,0.0,Good_L0_Good_L1,0.0
Good_L0_Good_L1 (rho=0.0),Height,0,40%,25,6,25C x 6K,40%,10,6,10C x 6K,60.0,0.0,0.0,0.0,48.13333333333333,0.0,0.0,0.0,60.0,0.0,0.0,0.0,Good_L0_Good_L1,0.0
Good_L0_Good_L1 (rho=0.0),Height,0,40%,25,6,25C x 6K,40%,20,3,20C x 3K,56.666666666666664,0.0,0.0,0.0,48.13333333333333,0.0,0.0,0.0,56.666666666666664,0.0,0.0,0.0,Good_L0_Good_L1,0.0
Good_L0_Good_L1 (rho=0.0),Height,0,40%,25,6,25C x 6K,50%,12,6,12C x 6K,63.33333333333333,0.0,0.0,0.0,48.13333333333333,0.0,0.0,0.0,63.33333333333333,0.0,0.0,0.0,Good_L0_Good_L1,0.0
Good_L0_Good_L1 (rho=0.0),Height,0,40%,25,6,25C x 6K,50%,25,3,25C x 3K,56.666666666666664,0.0,0.0,0.0,48.13333333333333,0.0,0.0,0.0,56.666666666666664,0.0,0.0,0.0,Good_L0_Good_L1,0.0
Good_L0_Good_L1 (rho=0.0),Height,0,40%,25,6,25C x 6K,60%,15,6,15C x 6K,60.0,0.0,0.0,0.0,48.13333333333333,0.0,0.0,0.0,60.0,0.0,0.0,0.0,Good_L0_Good_L1,0.0
Good_L0_Good_L1 (rho=0.0),Height,0,40%,25,6,25C x 6K,60%,22,4,22C x 4K,56.666666666666664,0.0,0.0,0.0,48.13333333333333,0.0,0.0,0.0,56.666666666666664,0.0,0.0,0.0,Good_L0_Good_L1,0.0
Good_L0_Good_L1 (rho=0.0),Height,0,40%,25,6,25C x 6K,70%,18,6,18C x 6K,56.666666666666664,0.0,0.0,0.0,48.13333333333333,0.0,0.0,0.0,56.666666666666664,0.0,0.0,0.0,Good_L0_Good_L1,0.0
Good_L0_Good_L1 (rho=0.0),Height,0,40%,25,6,25C x 6K,70%,21,5,21C x 5K,50.0,0.0,0.0,0.0,48.13333333333333,0.0,0.0,0.0,50.0,0.0,0.0,0.0,Good_L0_Good_L1,0.0
Good_L0_Good_L1 (rho=0.0),Height,0,40%,25,6,25C x 6K,80%,20,6,20C x 6K,56.666666666666664,0.0,0.0,0.0,48.13333333333333,0.0,0.0,0.0,56.666666666666664,0.0,0.0,0.0,Good_L0_Good_L1,0.0
Good_L0_Good_L1 (rho=0.0),Height,0,40%,25,6,25C x 6K,80%,24,5,24C x 5K,53.333333333333336,0.0,0.0,0.0,48.13333333333333,0.0,0.0,0.0,53.333333333333336,0.0,0.0,0.0,Good_L0_Good_L1,0.0
Good_L0_Good_L1 (rho=0.0),Height,0,40%,25,6,25C x 6K,90%,22,6,22C x 6K,36.666666666666664,0.0,0.0,0.0,14.799999999999999,0.0,0.0,0.0,36.666666666666664,0.0,0.0,0.0,Good_L0_Good_L1,0.0
Good_L0_Good_L1 (rho=0.0),Height,0,40%,25,6,25C x 6K,100%,25,6,25C x 6K,36.666666666666664,0.0,0.0,0.0,14.799999999999999,0.0,0.0,0.0,36.666666666666664,0.0,0.0,0.0,Good_L0_Good_L1,0.0
Good_L0_Good_L1 (rho=0.0),Height,0,50%,13,15,13C x 15K,10%,1,15,1C x 15K,50.0,0.0,0.0,0.0,51.53846153846153,0.0,0.0,0.0,50.0,0.0,0.0,0.0,Good_L0_Good_L1,0.0
Good_L0_Good_L1 (rho=0.0),Height,0,50%,13,15,13C x 15K,10%,3,6,3C x 6K,63.33333333333333,0.0,0.0,0.0,51.53846153846153,0.0,0.0,0.0,63.33333333333333,0.0,0.0,0.0,Good_L0_Good_L1,0.0
Good_L0_Good_L1 (rho=0.0),Height,0,50%,13,15,13C x 15K,20%,13,3,13C x 3K,50.0,0.0,0.0,0.0,51.53846153846153,0.0,0.0,0.0,50.0,0.0,0.0,0.0,Good_L0_Good_L1,0.0
Good_L0_Good_L1 (rho=0.0),Height,0,50%,13,15,13C x 15K,20%,3,15,3C x 15K,66.66666666666666,0.0,0.0,0.0,51.53846153846153,0.0,0.0,0.0,66.66666666666666,0.0,0.0,0.0,Good_L0_Good_L1,0.0
Good_L0_Good_L1 (rho=0.0),Height,0,50%,13,15,13C x 15K,30%,4,15,4C x 15K,56.666666666666664,0.0,0.0,0.0,51.53846153846153,0.0,0.0,0.0,56.666666666666664,0.0,0.0,0.0,Good_L0_Good_L1,0.0
Good_L0_Good_L1 (rho=0.0),Height,0,50%,13,15,13C x 15K,30%,7,8,7C x 8K,46.666666666666664,0.0,0.0,0.0,51.53846153846153,0.0,0.0,0.0,46.666666666666664,0.0,0.0,0.0,Good_L0_Good_L1,0.0
Good_L0_Good_L1 (rho=0.0),Height,0,50%,13,15,13C x 15K,40%,13,6,13C x 6K,50.0,0.0,0.0,0.0,51.53846153846153,0.0,0.0,0.0,50.0,0.0,0.0,0.0,Good_L0_Good_L1,0.0
Good_L0_Good_L1 (rho=0.0),Height,0,50%,13,15,13C x 15K,40%,5,15,5C x 15K,56.666666666666664,0.0,0.0,0.0,51.53846153846153,0.0,0.0,0.0,56.666666666666664,0.0,0.0,0.0,Good_L0_Good_L1,0.0
Good_L0_Good_L1 (rho=0.0),Height,0,50%,13,15,13C x 15K,50%,10,10,10C x 10K,66.66666666666666,0.0,0.0,0.0,51.53846153846153,0.0,0.0,0.0,66.66666666666666,0.0,0.0,0.0,Good_L0_Good_L1,0.0
Good_L0_Good_L1 (rho=0.0),Height,0,50%,13,15,13C x 15K,50%,7,15,7C x 15K,60.0,0.0,0.0,0.0,51.53846153846153,0.0,0.0,0.0,60.0,0.0,0.0,0.0,Good_L0_Good_L1,0.0
Good_L0_Good_L1 (rho=0.0),Height,0,50%,13,15,13C x 15K,60%,13,9,13C x 9K,56.666666666666664,0.0,0.0,0.0,51.53846153846153,0.0,0.0,0.0,56.666666666666664,0.0,0.0,0.0,Good_L0_Good_L1,0.0
Good_L0_Good_L1 (rho=0.0),Height,0,50%,13,15,13C x 15K,60%,8,15,8C x 15K,53.333333333333336,0.0,0.0,0.0,51.53846153846153,0.0,0.0,0.0,53.333333333333336,0.0,0.0,0.0,Good_L0_Good_L1,0.0
Good_L0_Good_L1 (rho=0.0),Height,0,50%,13,15,13C x 15K,70%,11,12,11C x 12K,63.33333333333333,0.0,0.0,0.0,51.53846153846153,0.0,0.0,0.0,63.33333333333333,0.0,0.0,0.0,Good_L0_Good_L1,0.0
Good_L0_Good_L1 (rho=0.0),Height,0,50%,13,15,13C x 15K,70%,9,15,9C x 15K,53.333333333333336,0.0,0.0,0.0,51.53846153846153,0.0,0.0,0.0,53.333333333333336,0.0,0.0,0.0,Good_L0_Good_L1,0.0
Good_L0_Good_L1 (rho=0.0),Height,0,50%,13,15,13C x 15K,80%,10,15,10C x 15K,60.0,0.0,0.0,0.0,51.53846153846153,0.0,0.0,0.0,60.0,0.0,0.0,0.0,Good_L0_Good_L1,0.0
Good_L0_Good_L1 (rho=0.0),Height,0,50%,13,15,13C x 15K,80%,13,12,13C x 12K,60.0,0.0,0.0,0.0,51.53846153846153,0.0,0.0,0.0,60.0,0.0,0.0,0.0,Good_L0_Good_L1,0.0
Good_L0_Good_L1 (rho=0.0),Height,0,50%,13,15,13C x 15K,90%,12,15,12C x 15K,63.33333333333333,0.0,0.0,0.0,51.53846153846153,0.0,0.0,0.0,63.33333333333333,0.0,0.0,0.0,Good_L0_Good_L1,0.0
Good_L0_Good_L1 (rho=0.0),Height,0,50%,13,15,13C x 15K,90%,13,14,13C x 14K,56.666666666666664,0.0,0.0,0.0,51.53846153846153,0.0,0.0,0.0,56.666666666666664,0.0,0.0,0.0,Good_L0_Good_L1,0.0
Good_L0_Good_L1 (rho=0.0),Height,0,50%,13,15,13C x 15K,100%,13,15,13C x 15K,36.666666666666664,0.0,0.0,0.0,14.871794871794872,0.0,0.0,0.0,36.666666666666664,0.0,0.0,0.0,Good_L0_Good_L1,0.0
Good_L0_Good_L1 (rho=0.0),Height,0,50%,19,10,19C x 10K,10%,19,1,19C x 1K,50.0,0.0,0.0,0.0,51.05263157894737,0.0,0.0,0.0,50.0,0.0,0.0,0.0,Good_L0_Good_L1,0.0
Good_L0_Good_L1 (rho=0.0),Height,0,50%,19,10,19C x 10K,10%,2,10,2C x 10K,50.0,0.0,0.0,0.0,51.05263157894737,0.0,0.0,0.0,50.0,0.0,0.0,0.0,Good_L0_Good_L1,0.0
Good_L0_Good_L1 (rho=0.0),Height,0,50%,19,10,19C x 10K,20%,19,2,19C x 2K,56.666666666666664,0.0,0.0,0.0,51.05263157894737,0.0,0.0,0.0,56.666666666666664,0.0,0.0,0.0,Good_L0_Good_L1,0.0
Good_L0_Good_L1 (rho=0.0),Height,0,50%,19,10,19C x 10K,20%,4,10,4C x 10K,56.666666666666664,0.0,0.0,0.0,51.05263157894737,0.0,0.0,0.0,56.666666666666664,0.0,0.0,0.0,Good_L0_Good_L1,0.0
Good_L0_Good_L1 (rho=0.0),Height,0,50%,19,10,19C x 10K,30%,19,3,19C x 3K,56.666666666666664,0.0,0.0,0.0,51.05263157894737,0.0,0.0,0.0,56.666666666666664,0.0,0.0,0.0,Good_L0_Good_L1,0.0
Good_L0_Good_L1 (rho=0.0),Height,0,50%,19,10,19C x 10K,30%,6,10,6C x 10K,63.33333333333333,0.0,0.0,0.0,51.05263157894737,0.0,0.0,0.0,63.33333333333333,0.0,0.0,0.0,Good_L0_Good_L1,0.0
Good_L0_Good_L1 (rho=0.0),Height,0,50%,19,10,19C x 10K,40%,19,4,19C x 4K,56.666666666666664,0.0,0.0,0.0,51.05263157894737,0.0,0.0,0.0,56.666666666666664,0.0,0.0,0.0,Good_L0_Good_L1,0.0
Good_L0_Good_L1 (rho=0.0),Height,0,50%,19,10,19C x 10K,40%,8,10,8C x 10K,60.0,0.0,0.0,0.0,51.05263157894737,0.0,0.0,0.0,60.0,0.0,0.0,0.0,Good_L0_Good_L1,0.0
Good_L0_Good_L1 (rho=0.0),Height,0,50%,19,10,19C x 10K,50%,10,10,10C x 10K,63.33333333333333,0.0,0.0,0.0,51.05263157894737,0.0,0.0,0.0,63.33333333333333,0.0,0.0,0.0,Good_L0_Good_L1,0.0
Good_L0_Good_L1 (rho=0.0),Height,0,50%,19,10,19C x 10K,50%,19,5,19C x 5K,60.0,0.0,0.0,0.0,51.05263157894737,0.0,0.0,0.0,60.0,0.0,0.0,0.0,Good_L0_Good_L1,0.0
Good_L0_Good_L1 (rho=0.0),Height,0,50%,19,10,19C x 10K,60%,11,10,11C x 10K,63.33333333333333,0.0,0.0,0.0,51.05263157894737,0.0,0.0,0.0,63.33333333333333,0.0,0.0,0.0,Good_L0_Good_L1,0.0
Good_L0_Good_L1 (rho=0.0),Height,0,50%,19,10,19C x 10K,60%,19,6,19C x 6K,63.33333333333333,0.0,0.0,0.0,51.05263157894737,0.0,0.0,0.0,63.33333333333333,0.0,0.0,0.0,Good_L0_Good_L1,0.0
Good_L0_Good_L1 (rho=0.0),Height,0,50%,19,10,19C x 10K,70%,13,10,13C x 10K,70.0,0.0,0.0,0.0,51.05263157894737,0.0,0.0,0.0,70.0,0.0,0.0,0.0,Good_L0_Good_L1,0.0
Good_L0_Good_L1 (rho=0.0),Height,0,50%,19,10,19C x 10K,70%,19,7,19C x 7K,73.33333333333333,0.0,0.0,0.0,51.05263157894737,0.0,0.0,0.0,73.33333333333333,0.0,0.0,0.0,Good_L0_Good_L1,0.0
Good_L0_Good_L1 (rho=0.0),Height,0,50%,19,10,19C x 10K,80%,15,10,15C x 10K,66.66666666666666,0.0,0.0,0.0,51.05263157894737,0.0,0.0,0.0,66.66666666666666,0.0,0.0,0.0,Good_L0_Good_L1,0.0
Good_L0_Good_L1 (rho=0.0),Height,0,50%,19,10,19C x 10K,80%,19,8,19C x 8K,70.0,0.0,0.0,0.0,51.05263157894737,0.0,0.0,0.0,70.0,0.0,0.0,0.0,Good_L0_Good_L1,0.0
Good_L0_Good_L1 (rho=0.0),Height,0,50%,19,10,19C x 10K,90%,17,10,17C x 10K,63.33333333333333,0.0,0.0,0.0,51.05263157894737,0.0,0.0,0.0,63.33333333333333,0.0,0.0,0.0,Good_L0_Good_L1,0.0
Good_L0_Good_L1 (rho=0.0),Height,0,50%,19,10,19C x 10K,90%,19,9,19C x 9K,66.66666666666666,0.0,0.0,0.0,51.05263157894737,0.0,0.0,0.0,66.66666666666666,0.0,0.0,0.0,Good_L0_Good_L1,0.0
Good_L0_Good_L1 (rho=0.0),Height,0,50%,19,10,19C x 10K,100%,19,10,19C x 10K,36.666666666666664,0.0,0.0,0.0,17.36842105263158,0.0,0.0,0.0,36.666666666666664,0.0,0.0,0.0,Good_L0_Good_L1,0.0
Good_L0_Good_L1 (rho=0.0),Height,0,60%,15,15,15C x 15K,10%,1,15,1C x 15K,46.666666666666664,0.0,0.0,0.0,51.77777777777778,0.0,0.0,0.0,46.666666666666664,0.0,0.0,0.0,Good_L0_Good_L1,0.0
Good_L0_Good_L1 (rho=0.0),Height,0,60%,15,15,15C x 15K,10%,4,6,4C x 6K,53.333333333333336,0.0,0.0,0.0,51.77777777777778,0.0,0.0,0.0,53.333333333333336,0.0,0.0,0.0,Good_L0_Good_L1,0.0
Good_L0_Good_L1 (rho=0.0),Height,0,60%,15,15,15C x 15K,20%,15,3,15C x 3K,53.333333333333336,0.0,0.0,0.0,51.77777777777778,0.0,0.0,0.0,53.333333333333336,0.0,0.0,0.0,Good_L0_Good_L1,0.0
Good_L0_Good_L1 (rho=0.0),Height,0,60%,15,15,15C x 15K,20%,3,15,3C x 15K,50.0,0.0,0.0,0.0,51.77777777777778,0.0,0.0,0.0,50.0,0.0,0.0,0.0,Good_L0_Good_L1,0.0
Good_L0_Good_L1 (rho=0.0),Height,0,60%,15,15,15C x 15K,30%,5,15,5C x 15K,46.666666666666664,0.0,0.0,0.0,51.77777777777778,0.0,0.0,0.0,46.666666666666664,0.0,0.0,0.0,Good_L0_Good_L1,0.0
Good_L0_Good_L1 (rho=0.0),Height,0,60%,15,15,15C x 15K,30%,8,8,8C x 8K,60.0,0.0,0.0,0.0,51.77777777777778,0.0,0.0,0.0,60.0,0.0,0.0,0.0,Good_L0_Good_L1,0.0
Good_L0_Good_L1 (rho=0.0),Height,0,60%,15,15,15C x 15K,40%,15,6,15C x 6K,56.666666666666664,0.0,0.0,0.0,51.77777777777778,0.0,0.0,0.0,56.666666666666664,0.0,0.0,0.0,Good_L0_Good_L1,0.0
Good_L0_Good_L1 (rho=0.0),Height,0,60%,15,15,15C x 15K,40%,6,15,6C x 15K,56.666666666666664,0.0,0.0,0.0,51.77777777777778,0.0,0.0,0.0,56.666666666666664,0.0,0.0,0.0,Good_L0_Good_L1,0.0
Good_L0_Good_L1 (rho=0.0),Height,0,60%,15,15,15C x 15K,50%,11,10,11C x 10K,50.0,0.0,0.0,0.0,51.77777777777778,0.0,0.0,0.0,50.0,0.0,0.0,0.0,Good_L0_Good_L1,0.0
Good_L0_Good_L1 (rho=0.0),Height,0,60%,15,15,15C x 15K,50%,7,15,7C x 15K,60.0,0.0,0.0,0.0,51.77777777777778,0.0,0.0,0.0,60.0,0.0,0.0,0.0,Good_L0_Good_L1,0.0
Good_L0_Good_L1 (rho=0.0),Height,0,60%,15,15,15C x 15K,60%,15,9,15C x 9K,63.33333333333333,0.0,0.0,0.0,51.77777777777778,0.0,0.0,0.0,63.33333333333333,0.0,0.0,0.0,Good_L0_Good_L1,0.0
Good_L0_Good_L1 (rho=0.0),Height,0,60%,15,15,15C x 15K,60%,9,15,9C x 15K,60.0,0.0,0.0,0.0,51.77777777777778,0.0,0.0,0.0,60.0,0.0,0.0,0.0,Good_L0_Good_L1,0.0
Good_L0_Good_L1 (rho=0.0),Height,0,60%,15,15,15C x 15K,70%,11,15,11C x 15K,63.33333333333333,0.0,0.0,0.0,51.77777777777778,0.0,0.0,0.0,63.33333333333333,0.0,0.0,0.0,Good_L0_Good_L1,0.0
Good_L0_Good_L1 (rho=0.0),Height,0,60%,15,15,15C x 15K,70%,13,12,13C x 12K,66.66666666666666,0.0,0.0,0.0,51.77777777777778,0.0,0.0,0.0,66.66666666666666,0.0,0.0,0.0,Good_L0_Good_L1,0.0
Good_L0_Good_L1 (rho=0.0),Height,0,60%,15,15,15C x 15K,80%,12,15,12C x 15K,63.33333333333333,0.0,0.0,0.0,51.77777777777778,0.0,0.0,0.0,63.33333333333333,0.0,0.0,0.0,Good_L0_Good_L1,0.0
Good_L0_Good_L1 (rho=0.0),Height,0,60%,15,15,15C x 15K,80%,15,12,15C x 12K,70.0,0.0,0.0,0.0,51.77777777777778,0.0,0.0,0.0,70.0,0.0,0.0,0.0,Good_L0_Good_L1,0.0
Good_L0_Good_L1 (rho=0.0),Height,0,60%,15,15,15C x 15K,90%,13,15,13C x 15K,63.33333333333333,0.0,0.0,0.0,51.77777777777778,0.0,0.0,0.0,63.33333333333333,0.0,0.0,0.0,Good_L0_Good_L1,0.0
Good_L0_Good_L1 (rho=0.0),Height,0,60%,15,15,15C x 15K,90%,14,14,14C x 14K,70.0,0.0,0.0,0.0,51.77777777777778,0.0,0.0,0.0,70.0,0.0,0.0,0.0,Good_L0_Good_L1,0.0
Good_L0_Good_L1 (rho=0.0),Height,0,60%,15,15,15C x 15K,100%,15,15,15C x 15K,36.666666666666664,0.0,0.0,0.0,14.444444444444443,0.0,0.0,0.0,36.666666666666664,0.0,0.0,0.0,Good_L0_Good_L1,0.0
Good_L0_Good_L1 (rho=0.0),Height,0,60%,25,9,25C x 9K,10%,22,1,22C x 1K,33.33333333333333,0.0,0.0,0.0,50.13333333333333,0.0,0.0,0.0,33.33333333333333,0.0,0.0,0.0,Good_L0_Good_L1,0.0
Good_L0_Good_L1 (rho=0.0),Height,0,60%,25,9,25C x 9K,10%,2,9,2C x 9K,46.666666666666664,0.0,0.0,0.0,50.13333333333333,0.0,0.0,0.0,46.666666666666664,0.0,0.0,0.0,Good_L0_Good_L1,0.0
Good_L0_Good_L1 (rho=0.0),Height,0,60%,25,9,25C x 9K,20%,11,4,11C x 4K,60.0,0.0,0.0,0.0,50.13333333333333,0.0,0.0,0.0,60.0,0.0,0.0,0.0,Good_L0_Good_L1,0.0
Good_L0_Good_L1 (rho=0.0),Height,0,60%,25,9,25C x 9K,20%,5,9,5C x 9K,60.0,0.0,0.0,0.0,50.13333333333333,0.0,0.0,0.0,60.0,0.0,0.0,0.0,Good_L0_Good_L1,0.0
Good_L0_Good_L1 (rho=0.0),Height,0,60%,25,9,25C x 9K,30%,17,4,17C x 4K,53.333333333333336,0.0,0.0,0.0,50.13333333333333,0.0,0.0,0.0,53.333333333333336,0.0,0.0,0.0,Good_L0_Good_L1,0.0
Good_L0_Good_L1 (rho=0.0),Height,0,60%,25,9,25C x 9K,30%,8,9,8C x 9K,60.0,0.0,0.0,0.0,50.13333333333333,0.0,0.0,0.0,60.0,0.0,0.0,0.0,Good_L0_Good_L1,0.0
Good_L0_Good_L1 (rho=0.0),Height,0,60%,25,9,25C x 9K,40%,10,9,10C x 9K,56.666666666666664,0.0,0.0,0.0,50.13333333333333,0.0,0.0,0.0,56.666666666666664,0.0,0.0,0.0,Good_L0_Good_L1,0.0
Good_L0_Good_L1 (rho=0.0),Height,0,60%,25,9,25C x 9K,40%,18,5,18C x 5K,56.666666666666664,0.0,0.0,0.0,50.13333333333333,0.0,0.0,0.0,56.666666666666664,0.0,0.0,0.0,Good_L0_Good_L1,0.0
Good_L0_Good_L1 (rho=0.0),Height,0,60%,25,9,25C x 9K,50%,12,9,12C x 9K,56.666666666666664,0.0,0.0,0.0,50.13333333333333,0.0,0.0,0.0,56.666666666666664,0.0,0.0,0.0,Good_L0_Good_L1,0.0
Good_L0_Good_L1 (rho=0.0),Height,0,60%,25,9,25C x 9K,50%,19,6,19C x 6K,60.0,0.0,0.0,0.0,50.13333333333333,0.0,0.0,0.0,60.0,0.0,0.0,0.0,Good_L0_Good_L1,0.0
Good_L0_Good_L1 (rho=0.0),Height,0,60%,25,9,25C x 9K,60%,15,9,15C x 9K,53.333333333333336,0.0,0.0,0.0,50.13333333333333,0.0,0.0,0.0,53.333333333333336,0.0,0.0,0.0,Good_L0_Good_L1,0.0
Good_L0_Good_L1 (rho=0.0),Height,0,60%,25,9,25C x 9K,60%,22,6,22C x 6K,50.0,0.0,0.0,0.0,50.13333333333333,0.0,0.0,0.0,50.0,0.0,0.0,0.0,Good_L0_Good_L1,0.0
Good_L0_Good_L1 (rho=0.0),Height,0,60%,25,9,25C x 9K,70%,18,9,18C x 9K,60.0,0.0,0.0,0.0,50.13333333333333,0.0,0.0,0.0,60.0,0.0,0.0,0.0,Good_L0_Good_L1,0.0
Good_L0_Good_L1 (rho=0.0),Height,0,60%,25,9,25C x 9K,70%,23,7,23C x 7K,60.0,0.0,0.0,0.0,50.13333333333333,0.0,0.0,0.0,60.0,0.0,0.0,0.0,Good_L0_Good_L1,0.0
Good_L0_Good_L1 (rho=0.0),Height,0,60%,25,9,25C x 9K,80%,20,9,20C x 9K,60.0,0.0,0.0,0.0,50.13333333333333,0.0,0.0,0.0,60.0,0.0,0.0,0.0,Good_L0_Good_L1,0.0
Good_L0_Good_L1 (rho=0.0),Height,0,60%,25,9,25C x 9K,80%,22,8,22C x 8K,60.0,0.0,0.0,0.0,50.13333333333333,0.0,0.0,0.0,60.0,0.0,0.0,0.0,Good_L0_Good_L1,0.0
Good_L0_Good_L1 (rho=0.0),Height,0,60%,25,9,25C x 9K,90%,22,9,22C x 9K,60.0,0.0,0.0,0.0,50.13333333333333,0.0,0.0,0.0,60.0,0.0,0.0,0.0,Good_L0_Good_L1,0.0
Good_L0_Good_L1 (rho=0.0),Height,0,60%,25,9,25C x 9K,90%,25,8,25C x 8K,56.666666666666664,0.0,0.0,0.0,50.13333333333333,0.0,0.0,0.0,56.666666666666664,0.0,0.0,0.0,Good_L0_Good_L1,0.0
Good_L0_Good_L1 (rho=0.0),Height,0,60%,25,9,25C x 9K,100%,25,9,25C x 9K,40.0,0.0,0.0,0.0,16.400000000000002,0.0,0.0,0.0,40.0,0.0,0.0,0.0,Good_L0_Good_L1,0.0
Good_L0_Good_L1 (rho=0.0),Height,0,70%,17,15,17C x 15K,10%,2,15,2C x 15K,53.333333333333336,0.0,0.0,0.0,51.5686274509804,0.0,0.0,0.0,53.333333333333336,0.0,0.0,0.0,Good_L0_Good_L1,0.0
Good_L0_Good_L1 (rho=0.0),Height,0,70%,17,15,17C x 15K,10%,4,6,4C x 6K,46.666666666666664,0.0,0.0,0.0,51.5686274509804,0.0,0.0,0.0,46.666666666666664,0.0,0.0,0.0,Good_L0_Good_L1,0.0
Good_L0_Good_L1 (rho=0.0),Height,0,70%,17,15,17C x 15K,20%,17,3,17C x 3K,46.666666666666664,0.0,0.0,0.0,51.5686274509804,0.0,0.0,0.0,46.666666666666664,0.0,0.0,0.0,Good_L0_Good_L1,0.0
Good_L0_Good_L1 (rho=0.0),Height,0,70%,17,15,17C x 15K,20%,3,15,3C x 15K,63.33333333333333,0.0,0.0,0.0,51.5686274509804,0.0,0.0,0.0,63.33333333333333,0.0,0.0,0.0,Good_L0_Good_L1,0.0
Good_L0_Good_L1 (rho=0.0),Height,0,70%,17,15,17C x 15K,30%,10,8,10C x 8K,63.33333333333333,0.0,0.0,0.0,51.5686274509804,0.0,0.0,0.0,63.33333333333333,0.0,0.0,0.0,Good_L0_Good_L1,0.0
Good_L0_Good_L1 (rho=0.0),Height,0,70%,17,15,17C x 15K,30%,5,15,5C x 15K,53.333333333333336,0.0,0.0,0.0,51.5686274509804,0.0,0.0,0.0,53.333333333333336,0.0,0.0,0.0,Good_L0_Good_L1,0.0
Good_L0_Good_L1 (rho=0.0),Height,0,70%,17,15,17C x 15K,40%,17,6,17C x 6K,46.666666666666664,0.0,0.0,0.0,51.5686274509804,0.0,0.0,0.0,46.666666666666664,0.0,0.0,0.0,Good_L0_Good_L1,0.0
Good_L0_Good_L1 (rho=0.0),Height,0,70%,17,15,17C x 15K,40%,7,15,7C x 15K,60.0,0.0,0.0,0.0,51.5686274509804,0.0,0.0,0.0,60.0,0.0,0.0,0.0,Good_L0_Good_L1,0.0
Good_L0_Good_L1 (rho=0.0),Height,0,70%,17,15,17C x 15K,50%,13,10,13C x 10K,60.0,0.0,0.0,0.0,51.5686274509804,0.0,0.0,0.0,60.0,0.0,0.0,0.0,Good_L0_Good_L1,0.0
Good_L0_Good_L1 (rho=0.0),Height,0,70%,17,15,17C x 15K,50%,9,15,9C x 15K,66.66666666666666,0.0,0.0,0.0,51.5686274509804,0.0,0.0,0.0,66.66666666666666,0.0,0.0,0.0,Good_L0_Good_L1,0.0
Good_L0_Good_L1 (rho=0.0),Height,0,70%,17,15,17C x 15K,60%,10,15,10C x 15K,63.33333333333333,0.0,0.0,0.0,51.5686274509804,0.0,0.0,0.0,63.33333333333333,0.0,0.0,0.0,Good_L0_Good_L1,0.0
Good_L0_Good_L1 (rho=0.0),Height,0,70%,17,15,17C x 15K,60%,17,9,17C x 9K,53.333333333333336,0.0,0.0,0.0,51.5686274509804,0.0,0.0,0.0,53.333333333333336,0.0,0.0,0.0,Good_L0_Good_L1,0.0
Good_L0_Good_L1 (rho=0.0),Height,0,70%,17,15,17C x 15K,70%,12,15,12C x 15K,63.33333333333333,0.0,0.0,0.0,51.5686274509804,0.0,0.0,0.0,63.33333333333333,0.0,0.0,0.0,Good_L0_Good_L1,0.0
Good_L0_Good_L1 (rho=0.0),Height,0,70%,17,15,17C x 15K,70%,15,12,15C x 12K,60.0,0.0,0.0,0.0,51.5686274509804,0.0,0.0,0.0,60.0,0.0,0.0,0.0,Good_L0_Good_L1,0.0
Good_L0_Good_L1 (rho=0.0),Height,0,70%,17,15,17C x 15K,80%,14,15,14C x 15K,66.66666666666666,0.0,0.0,0.0,51.5686274509804,0.0,0.0,0.0,66.66666666666666,0.0,0.0,0.0,Good_L0_Good_L1,0.0
Good_L0_Good_L1 (rho=0.0),Height,0,70%,17,15,17C x 15K,80%,17,12,17C x 12K,63.33333333333333,0.0,0.0,0.0,51.5686274509804,0.0,0.0,0.0,63.33333333333333,0.0,0.0,0.0,Good_L0_Good_L1,0.0
Good_L0_Good_L1 (rho=0.0),Height,0,70%,17,15,17C x 15K,90%,15,15,15C x 15K,63.33333333333333,0.0,0.0,0.0,51.5686274509804,0.0,0.0,0.0,63.33333333333333,0.0,0.0,0.0,Good_L0_Good_L1,0.0
Good_L0_Good_L1 (rho=0.0),Height,0,70%,17,15,17C x 15K,90%,16,14,16C x 14K,66.66666666666666,0.0,0.0,0.0,51.5686274509804,0.0,0.0,0.0,66.66666666666666,0.0,0.0,0.0,Good_L0_Good_L1,0.0
Good_L0_Good_L1 (rho=0.0),Height,0,70%,17,15,17C x 15K,100%,17,15,17C x 15K,36.666666666666664,0.0,0.0,0.0,14.901960784313726,0.0,0.0,0.0,36.666666666666664,0.0,0.0,0.0,Good_L0_Good_L1,0.0
Good_L0_Good_L1 (rho=0.0),Height,0,70%,22,12,22C x 12K,10%,2,12,2C x 12K,50.0,0.0,0.0,0.0,49.3939393939394,0.0,0.0,0.0,50.0,0.0,0.0,0.0,Good_L0_Good_L1,0.0
Good_L0_Good_L1 (rho=0.0),Height,0,70%,22,12,22C x 12K,10%,5,5,5C x 5K,40.0,0.0,0.0,0.0,49.3939393939394,0.0,0.0,0.0,40.0,0.0,0.0,0.0,Good_L0_Good_L1,0.0
Good_L0_Good_L1 (rho=0.0),Height,0,70%,22,12,22C x 12K,20%,11,5,11C x 5K,53.333333333333336,0.0,0.0,0.0,49.3939393939394,0.0,0.0,0.0,53.333333333333336,0.0,0.0,0.0,Good_L0_Good_L1,0.0
Good_L0_Good_L1 (rho=0.0),Height,0,70%,22,12,22C x 12K,20%,4,12,4C x 12K,53.333333333333336,0.0,0.0,0.0,49.3939393939394,0.0,0.0,0.0,53.333333333333336,0.0,0.0,0.0,Good_L0_Good_L1,0.0
Good_L0_Good_L1 (rho=0.0),Height,0,70%,22,12,22C x 12K,30%,13,6,13C x 6K,50.0,0.0,0.0,0.0,49.3939393939394,0.0,0.0,0.0,50.0,0.0,0.0,0.0,Good_L0_Good_L1,0.0
Good_L0_Good_L1 (rho=0.0),Height,0,70%,22,12,22C x 12K,30%,7,12,7C x 12K,53.333333333333336,0.0,0.0,0.0,49.3939393939394,0.0,0.0,0.0,53.333333333333336,0.0,0.0,0.0,Good_L0_Good_L1,0.0
Good_L0_Good_L1 (rho=0.0),Height,0,70%,22,12,22C x 12K,40%,15,7,15C x 7K,53.333333333333336,0.0,0.0,0.0,49.3939393939394,0.0,0.0,0.0,53.333333333333336,0.0,0.0,0.0,Good_L0_Good_L1,0.0
Good_L0_Good_L1 (rho=0.0),Height,0,70%,22,12,22C x 12K,40%,9,12,9C x 12K,50.0,0.0,0.0,0.0,49.3939393939394,0.0,0.0,0.0,50.0,0.0,0.0,0.0,Good_L0_Good_L1,0.0
Good_L0_Good_L1 (rho=0.0),Height,0,70%,22,12,22C x 12K,50%,11,12,11C x 12K,56.666666666666664,0.0,0.0,0.0,49.3939393939394,0.0,0.0,0.0,56.666666666666664,0.0,0.0,0.0,Good_L0_Good_L1,0.0
Good_L0_Good_L1 (rho=0.0),Height,0,70%,22,12,22C x 12K,50%,22,6,22C x 6K,60.0,0.0,0.0,0.0,49.3939393939394,0.0,0.0,0.0,60.0,0.0,0.0,0.0,Good_L0_Good_L1,0.0
Good_L0_Good_L1 (rho=0.0),Height,0,70%,22,12,22C x 12K,60%,13,12,13C x 12K,56.666666666666664,0.0,0.0,0.0,49.3939393939394,0.0,0.0,0.0,56.666666666666664,0.0,0.0,0.0,Good_L0_Good_L1,0.0
Good_L0_Good_L1 (rho=0.0),Height,0,70%,22,12,22C x 12K,60%,18,9,18C x 9K,53.333333333333336,0.0,0.0,0.0,49.3939393939394,0.0,0.0,0.0,53.333333333333336,0.0,0.0,0.0,Good_L0_Good_L1,0.0
Good_L0_Good_L1 (rho=0.0),Height,0,70%,22,12,22C x 12K,70%,15,12,15C x 12K,63.33333333333333,0.0,0.0,0.0,49.3939393939394,0.0,0.0,0.0,63.33333333333333,0.0,0.0,0.0,Good_L0_Good_L1,0.0
Good_L0_Good_L1 (rho=0.0),Height,0,70%,22,12,22C x 12K,70%,21,9,21C x 9K,60.0,0.0,0.0,0.0,49.3939393939394,0.0,0.0,0.0,60.0,0.0,0.0,0.0,Good_L0_Good_L1,0.0
Good_L0_Good_L1 (rho=0.0),Height,0,70%,22,12,22C x 12K,80%,18,12,18C x 12K,60.0,0.0,0.0,0.0,49.3939393939394,0.0,0.0,0.0,60.0,0.0,0.0,0.0,Good_L0_Good_L1,0.0
Good_L0_Good_L1 (rho=0.0),Height,0,70%,22,12,22C x 12K,80%,21,10,21C x 10K,63.33333333333333,0.0,0.0,0.0,49.3939393939394,0.0,0.0,0.0,63.33333333333333,0.0,0.0,0.0,Good_L0_Good_L1,0.0
Good_L0_Good_L1 (rho=0.0),Height,0,70%,22,12,22C x 12K,90%,20,12,20C x 12K,63.33333333333333,0.0,0.0,0.0,49.3939393939394,0.0,0.0,0.0,63.33333333333333,0.0,0.0,0.0,Good_L0_Good_L1,0.0
Good_L0_Good_L1 (rho=0.0),Height,0,70%,22,12,22C x 12K,90%,22,11,22C x 11K,63.33333333333333,0.0,0.0,0.0,49.3939393939394,0.0,0.0,0.0,63.33333333333333,0.0,0.0,0.0,Good_L0_Good_L1,0.0
Good_L0_Good_L1 (rho=0.0),Height,0,70%,22,12,22C x 12K,100%,22,12,22C x 12K,36.666666666666664,0.0,0.0,0.0,15.303030303030301,0.0,0.0,0.0,36.666666666666664,0.0,0.0,0.0,Good_L0_Good_L1,0.0
Good_L0_Good_L1 (rho=0.0),Height,0,80%,20,15,20C x 15K,10%,2,15,2C x 15K,56.666666666666664,0.0,0.0,0.0,51.83333333333333,0.0,0.0,0.0,56.666666666666664,0.0,0.0,0.0,Good_L0_Good_L1,0.0
Good_L0_Good_L1 (rho=0.0),Height,0,80%,20,15,20C x 15K,10%,5,6,5C x 6K,43.333333333333336,0.0,0.0,0.0,51.83333333333333,0.0,0.0,0.0,43.333333333333336,0.0,0.0,0.0,Good_L0_Good_L1,0.0
Good_L0_Good_L1 (rho=0.0),Height,0,80%,20,15,20C x 15K,20%,20,3,20C x 3K,46.666666666666664,0.0,0.0,0.0,51.83333333333333,0.0,0.0,0.0,46.666666666666664,0.0,0.0,0.0,Good_L0_Good_L1,0.0
Good_L0_Good_L1 (rho=0.0),Height,0,80%,20,15,20C x 15K,20%,4,15,4C x 15K,46.666666666666664,0.0,0.0,0.0,51.83333333333333,0.0,0.0,0.0,46.666666666666664,0.0,0.0,0.0,Good_L0_Good_L1,0.0
Good_L0_Good_L1 (rho=0.0),Height,0,80%,20,15,20C x 15K,30%,11,8,11C x 8K,56.666666666666664,0.0,0.0,0.0,51.83333333333333,0.0,0.0,0.0,56.666666666666664,0.0,0.0,0.0,Good_L0_Good_L1,0.0
Good_L0_Good_L1 (rho=0.0),Height,0,80%,20,15,20C x 15K,30%,6,15,6C x 15K,56.666666666666664,0.0,0.0,0.0,51.83333333333333,0.0,0.0,0.0,56.666666666666664,0.0,0.0,0.0,Good_L0_Good_L1,0.0
Good_L0_Good_L1 (rho=0.0),Height,0,80%,20,15,20C x 15K,40%,20,6,20C x 6K,56.666666666666664,0.0,0.0,0.0,51.83333333333333,0.0,0.0,0.0,56.666666666666664,0.0,0.0,0.0,Good_L0_Good_L1,0.0
Good_L0_Good_L1 (rho=0.0),Height,0,80%,20,15,20C x 15K,40%,8,15,8C x 15K,60.0,0.0,0.0,0.0,51.83333333333333,0.0,0.0,0.0,60.0,0.0,0.0,0.0,Good_L0_Good_L1,0.0
Good_L0_Good_L1 (rho=0.0),Height,0,80%,20,15,20C x 15K,50%,10,15,10C x 15K,53.333333333333336,0.0,0.0,0.0,51.83333333333333,0.0,0.0,0.0,53.333333333333336,0.0,0.0,0.0,Good_L0_Good_L1,0.0
Good_L0_Good_L1 (rho=0.0),Height,0,80%,20,15,20C x 15K,50%,15,10,15C x 10K,56.666666666666664,0.0,0.0,0.0,51.83333333333333,0.0,0.0,0.0,56.666666666666664,0.0,0.0,0.0,Good_L0_Good_L1,0.0
Good_L0_Good_L1 (rho=0.0),Height,0,80%,20,15,20C x 15K,60%,12,15,12C x 15K,53.333333333333336,0.0,0.0,0.0,51.83333333333333,0.0,0.0,0.0,53.333333333333336,0.0,0.0,0.0,Good_L0_Good_L1,0.0
Good_L0_Good_L1 (rho=0.0),Height,0,80%,20,15,20C x 15K,60%,20,9,20C x 9K,60.0,0.0,0.0,0.0,51.83333333333333,0.0,0.0,0.0,60.0,0.0,0.0,0.0,Good_L0_Good_L1,0.0
Good_L0_Good_L1 (rho=0.0),Height,0,80%,20,15,20C x 15K,70%,14,15,14C x 15K,56.666666666666664,0.0,0.0,0.0,51.83333333333333,0.0,0.0,0.0,56.666666666666664,0.0,0.0,0.0,Good_L0_Good_L1,0.0
Good_L0_Good_L1 (rho=0.0),Height,0,80%,20,15,20C x 15K,70%,18,12,18C x 12K,63.33333333333333,0.0,0.0,0.0,51.83333333333333,0.0,0.0,0.0,63.33333333333333,0.0,0.0,0.0,Good_L0_Good_L1,0.0
Good_L0_Good_L1 (rho=0.0),Height,0,80%,20,15,20C x 15K,80%,16,15,16C x 15K,63.33333333333333,0.0,0.0,0.0,51.83333333333333,0.0,0.0,0.0,63.33333333333333,0.0,0.0,0.0,Good_L0_Good_L1,0.0
Good_L0_Good_L1 (rho=0.0),Height,0,80%,20,15,20C x 15K,80%,20,12,20C x 12K,53.333333333333336,0.0,0.0,0.0,51.83333333333333,0.0,0.0,0.0,53.333333333333336,0.0,0.0,0.0,Good_L0_Good_L1,0.0
Good_L0_Good_L1 (rho=0.0),Height,0,80%,20,15,20C x 15K,90%,18,15,18C x 15K,66.66666666666666,0.0,0.0,0.0,51.83333333333333,0.0,0.0,0.0,66.66666666666666,0.0,0.0,0.0,Good_L0_Good_L1,0.0
Good_L0_Good_L1 (rho=0.0),Height,0,80%,20,15,20C x 15K,90%,19,14,19C x 14K,63.33333333333333,0.0,0.0,0.0,51.83333333333333,0.0,0.0,0.0,63.33333333333333,0.0,0.0,0.0,Good_L0_Good_L1,0.0
Good_L0_Good_L1 (rho=0.0),Height,0,80%,20,15,20C x 15K,100%,20,15,20C x 15K,36.666666666666664,0.0,0.0,0.0,15.5,0.0,0.0,0.0,36.666666666666664,0.0,0.0,0.0,Good_L0_Good_L1,0.0
Good_L0_Good_L1 (rho=0.0),Height,0,80%,25,12,25C x 12K,10%,2,12,2C x 12K,53.333333333333336,0.0,0.0,0.0,50.0,0.0,0.0,0.0,53.333333333333336,0.0,0.0,0.0,Good_L0_Good_L1,0.0
Good_L0_Good_L1 (rho=0.0),Height,0,80%,25,12,25C x 12K,10%,6,5,6C x 5K,50.0,0.0,0.0,0.0,50.0,0.0,0.0,0.0,50.0,0.0,0.0,0.0,Good_L0_Good_L1,0.0
Good_L0_Good_L1 (rho=0.0),Height,0,80%,25,12,25C x 12K,20%,12,5,12C x 5K,60.0,0.0,0.0,0.0,50.0,0.0,0.0,0.0,60.0,0.0,0.0,0.0,Good_L0_Good_L1,0.0
Good_L0_Good_L1 (rho=0.0),Height,0,80%,25,12,25C x 12K,20%,5,12,5C x 12K,60.0,0.0,0.0,0.0,50.0,0.0,0.0,0.0,60.0,0.0,0.0,0.0,Good_L0_Good_L1,0.0
Good_L0_Good_L1 (rho=0.0),Height,0,80%,25,12,25C x 12K,30%,15,6,15C x 6K,56.666666666666664,0.0,0.0,0.0,50.0,0.0,0.0,0.0,56.666666666666664,0.0,0.0,0.0,Good_L0_Good_L1,0.0
Good_L0_Good_L1 (rho=0.0),Height,0,80%,25,12,25C x 12K,30%,8,12,8C x 12K,63.33333333333333,0.0,0.0,0.0,50.0,0.0,0.0,0.0,63.33333333333333,0.0,0.0,0.0,Good_L0_Good_L1,0.0
Good_L0_Good_L1 (rho=0.0),Height,0,80%,25,12,25C x 12K,40%,10,12,10C x 12K,60.0,0.0,0.0,0.0,50.0,0.0,0.0,0.0,60.0,0.0,0.0,0.0,Good_L0_Good_L1,0.0
Good_L0_Good_L1 (rho=0.0),Height,0,80%,25,12,25C x 12K,40%,17,7,17C x 7K,50.0,0.0,0.0,0.0,50.0,0.0,0.0,0.0,50.0,0.0,0.0,0.0,Good_L0_Good_L1,0.0
Good_L0_Good_L1 (rho=0.0),Height,0,80%,25,12,25C x 12K,50%,12,12,12C x 12K,56.666666666666664,0.0,0.0,0.0,50.0,0.0,0.0,0.0,56.666666666666664,0.0,0.0,0.0,Good_L0_Good_L1,0.0
Good_L0_Good_L1 (rho=0.0),Height,0,80%,25,12,25C x 12K,50%,25,6,25C x 6K,60.0,0.0,0.0,0.0,50.0,0.0,0.0,0.0,60.0,0.0,0.0,0.0,Good_L0_Good_L1,0.0
Good_L0_Good_L1 (rho=0.0),Height,0,80%,25,12,25C x 12K,60%,15,12,15C x 12K,53.333333333333336,0.0,0.0,0.0,50.0,0.0,0.0,0.0,53.333333333333336,0.0,0.0,0.0,Good_L0_Good_L1,0.0
Good_L0_Good_L1 (rho=0.0),Height,0,80%,25,12,25C x 12K,60%,20,9,20C x 9K,63.33333333333333,0.0,0.0,0.0,50.0,0.0,0.0,0.0,63.33333333333333,0.0,0.0,0.0,Good_L0_Good_L1,0.0
Good_L0_Good_L1 (rho=0.0),Height,0,80%,25,12,25C x 12K,70%,18,12,18C x 12K,60.0,0.0,0.0,0.0,50.0,0.0,0.0,0.0,60.0,0.0,0.0,0.0,Good_L0_Good_L1,0.0
Good_L0_Good_L1 (rho=0.0),Height,0,80%,25,12,25C x 12K,70%,23,9,23C x 9K,53.333333333333336,0.0,0.0,0.0,50.0,0.0,0.0,0.0,53.333333333333336,0.0,0.0,0.0,Good_L0_Good_L1,0.0
Good_L0_Good_L1 (rho=0.0),Height,0,80%,25,12,25C x 12K,80%,20,12,20C x 12K,60.0,0.0,0.0,0.0,50.0,0.0,0.0,0.0,60.0,0.0,0.0,0.0,Good_L0_Good_L1,0.0
Good_L0_Good_L1 (rho=0.0),Height,0,80%,25,12,25C x 12K,80%,24,10,24C x 10K,63.33333333333333,0.0,0.0,0.0,50.0,0.0,0.0,0.0,63.33333333333333,0.0,0.0,0.0,Good_L0_Good_L1,0.0
Good_L0_Good_L1 (rho=0.0),Height,0,80%,25,12,25C x 12K,90%,22,12,22C x 12K,63.33333333333333,0.0,0.0,0.0,50.0,0.0,0.0,0.0,63.33333333333333,0.0,0.0,0.0,Good_L0_Good_L1,0.0
Good_L0_Good_L1 (rho=0.0),Height,0,80%,25,12,25C x 12K,90%,25,11,25C x 11K,63.33333333333333,0.0,0.0,0.0,50.0,0.0,0.0,0.0,63.33333333333333,0.0,0.0,0.0,Good_L0_Good_L1,0.0
Good_L0_Good_L1 (rho=0.0),Height,0,80%,25,12,25C x 12K,100%,25,12,25C x 12K,36.666666666666664,0.0,0.0,0.0,15.733333333333333,0.0,0.0,0.0,36.666666666666664,0.0,0.0,0.0,Good_L0_Good_L1,0.0
Good_L0_Good_L1 (rho=0.0),Height,0,90%,23,15,23C x 15K,10%,2,15,2C x 15K,60.0,0.0,0.0,0.0,51.59420289855072,0.0,0.0,0.0,60.0,0.0,0.0,0.0,Good_L0_Good_L1,0.0
Good_L0_Good_L1 (rho=0.0),Height,0,90%,23,15,23C x 15K,10%,6,6,6C x 6K,50.0,0.0,0.0,0.0,51.59420289855072,0.0,0.0,0.0,50.0,0.0,0.0,0.0,Good_L0_Good_L1,0.0
Good_L0_Good_L1 (rho=0.0),Height,0,90%,23,15,23C x 15K,20%,23,3,23C x 3K,53.333333333333336,0.0,0.0,0.0,51.59420289855072,0.0,0.0,0.0,53.333333333333336,0.0,0.0,0.0,Good_L0_Good_L1,0.0
Good_L0_Good_L1 (rho=0.0),Height,0,90%,23,15,23C x 15K,20%,5,15,5C x 15K,53.333333333333336,0.0,0.0,0.0,51.59420289855072,0.0,0.0,0.0,53.333333333333336,0.0,0.0,0.0,Good_L0_Good_L1,0.0
Good_L0_Good_L1 (rho=0.0),Height,0,90%,23,15,23C x 15K,30%,13,8,13C x 8K,60.0,0.0,0.0,0.0,51.59420289855072,0.0,0.0,0.0,60.0,0.0,0.0,0.0,Good_L0_Good_L1,0.0
Good_L0_Good_L1 (rho=0.0),Height,0,90%,23,15,23C x 15K,30%,7,15,7C x 15K,53.333333333333336,0.0,0.0,0.0,51.59420289855072,0.0,0.0,0.0,53.333333333333336,0.0,0.0,0.0,Good_L0_Good_L1,0.0
Good_L0_Good_L1 (rho=0.0),Height,0,90%,23,15,23C x 15K,40%,23,6,23C x 6K,50.0,0.0,0.0,0.0,51.59420289855072,0.0,0.0,0.0,50.0,0.0,0.0,0.0,Good_L0_Good_L1,0.0
Good_L0_Good_L1 (rho=0.0),Height,0,90%,23,15,23C x 15K,40%,9,15,9C x 15K,56.666666666666664,0.0,0.0,0.0,51.59420289855072,0.0,0.0,0.0,56.666666666666664,0.0,0.0,0.0,Good_L0_Good_L1,0.0
Good_L0_Good_L1 (rho=0.0),Height,0,90%,23,15,23C x 15K,50%,11,15,11C x 15K,53.333333333333336,0.0,0.0,0.0,51.59420289855072,0.0,0.0,0.0,53.333333333333336,0.0,0.0,0.0,Good_L0_Good_L1,0.0
Good_L0_Good_L1 (rho=0.0),Height,0,90%,23,15,23C x 15K,50%,17,10,17C x 10K,53.333333333333336,0.0,0.0,0.0,51.59420289855072,0.0,0.0,0.0,53.333333333333336,0.0,0.0,0.0,Good_L0_Good_L1,0.0
Good_L0_Good_L1 (rho=0.0),Height,0,90%,23,15,23C x 15K,60%,14,15,14C x 15K,60.0,0.0,0.0,0.0,51.59420289855072,0.0,0.0,0.0,60.0,0.0,0.0,0.0,Good_L0_Good_L1,0.0
Good_L0_Good_L1 (rho=0.0),Height,0,90%,23,15,23C x 15K,60%,23,9,23C x 9K,50.0,0.0,0.0,0.0,51.59420289855072,0.0,0.0,0.0,50.0,0.0,0.0,0.0,Good_L0_Good_L1,0.0
Good_L0_Good_L1 (rho=0.0),Height,0,90%,23,15,23C x 15K,70%,16,15,16C x 15K,56.666666666666664,0.0,0.0,0.0,51.59420289855072,0.0,0.0,0.0,56.666666666666664,0.0,0.0,0.0,Good_L0_Good_L1,0.0
Good_L0_Good_L1 (rho=0.0),Height,0,90%,23,15,23C x 15K,70%,20,12,20C x 12K,60.0,0.0,0.0,0.0,51.59420289855072,0.0,0.0,0.0,60.0,0.0,0.0,0.0,Good_L0_Good_L1,0.0
Good_L0_Good_L1 (rho=0.0),Height,0,90%,23,15,23C x 15K,80%,18,15,18C x 15K,56.666666666666664,0.0,0.0,0.0,51.59420289855072,0.0,0.0,0.0,56.666666666666664,0.0,0.0,0.0,Good_L0_Good_L1,0.0
Good_L0_Good_L1 (rho=0.0),Height,0,90%,23,15,23C x 15K,80%,23,12,23C x 12K,56.666666666666664,0.0,0.0,0.0,51.59420289855072,0.0,0.0,0.0,56.666666666666664,0.0,0.0,0.0,Good_L0_Good_L1,0.0
Good_L0_Good_L1 (rho=0.0),Height,0,90%,23,15,23C x 15K,90%,21,15,21C x 15K,63.33333333333333,0.0,0.0,0.0,51.59420289855072,0.0,0.0,0.0,63.33333333333333,0.0,0.0,0.0,Good_L0_Good_L1,0.0
Good_L0_Good_L1 (rho=0.0),Height,0,90%,23,15,23C x 15K,90%,22,14,22C x 14K,63.33333333333333,0.0,0.0,0.0,51.59420289855072,0.0,0.0,0.0,63.33333333333333,0.0,0.0,0.0,Good_L0_Good_L1,0.0
Good_L0_Good_L1 (rho=0.0),Height,0,90%,23,15,23C x 15K,100%,23,15,23C x 15K,36.666666666666664,0.0,0.0,0.0,15.072463768115943,0.0,0.0,0.0,36.666666666666664,0.0,0.0,0.0,Good_L0_Good_L1,0.0
Good_L0_Good_L1 (rho=0.0),Height,0,90%,24,14,24C x 14K,10%,2,14,2C x 14K,50.0,0.0,0.0,0.0,50.55555555555556,0.0,0.0,0.0,50.0,0.0,0.0,0.0,Good_L0_Good_L1,0.0
Good_L0_Good_L1 (rho=0.0),Height,0,90%,24,14,24C x 14K,10%,7,5,7C x 5K,53.333333333333336,0.0,0.0,0.0,50.55555555555556,0.0,0.0,0.0,53.333333333333336,0.0,0.0,0.0,Good_L0_Good_L1,0.0
Good_L0_Good_L1 (rho=0.0),Height,0,90%,24,14,24C x 14K,20%,11,6,11C x 6K,60.0,0.0,0.0,0.0,50.55555555555556,0.0,0.0,0.0,60.0,0.0,0.0,0.0,Good_L0_Good_L1,0.0
Good_L0_Good_L1 (rho=0.0),Height,0,90%,24,14,24C x 14K,20%,5,14,5C x 14K,53.333333333333336,0.0,0.0,0.0,50.55555555555556,0.0,0.0,0.0,53.333333333333336,0.0,0.0,0.0,Good_L0_Good_L1,0.0
Good_L0_Good_L1 (rho=0.0),Height,0,90%,24,14,24C x 14K,30%,14,7,14C x 7K,50.0,0.0,0.0,0.0,50.55555555555556,0.0,0.0,0.0,50.0,0.0,0.0,0.0,Good_L0_Good_L1,0.0
Good_L0_Good_L1 (rho=0.0),Height,0,90%,24,14,24C x 14K,30%,7,14,7C x 14K,56.666666666666664,0.0,0.0,0.0,50.55555555555556,0.0,0.0,0.0,56.666666666666664,0.0,0.0,0.0,Good_L0_Good_L1,0.0
Good_L0_Good_L1 (rho=0.0),Height,0,90%,24,14,24C x 14K,40%,10,14,10C x 14K,50.0,0.0,0.0,0.0,50.55555555555556,0.0,0.0,0.0,50.0,0.0,0.0,0.0,Good_L0_Good_L1,0.0
Good_L0_Good_L1 (rho=0.0),Height,0,90%,24,14,24C x 14K,40%,17,8,17C x 8K,56.666666666666664,0.0,0.0,0.0,50.55555555555556,0.0,0.0,0.0,56.666666666666664,0.0,0.0,0.0,Good_L0_Good_L1,0.0
Good_L0_Good_L1 (rho=0.0),Height,0,90%,24,14,24C x 14K,50%,12,14,12C x 14K,63.33333333333333,0.0,0.0,0.0,50.55555555555556,0.0,0.0,0.0,63.33333333333333,0.0,0.0,0.0,Good_L0_Good_L1,0.0
Good_L0_Good_L1 (rho=0.0),Height,0,90%,24,14,24C x 14K,50%,24,7,24C x 7K,60.0,0.0,0.0,0.0,50.55555555555556,0.0,0.0,0.0,60.0,0.0,0.0,0.0,Good_L0_Good_L1,0.0
Good_L0_Good_L1 (rho=0.0),Height,0,90%,24,14,24C x 14K,60%,14,14,14C x 14K,60.0,0.0,0.0,0.0,50.55555555555556,0.0,0.0,0.0,60.0,0.0,0.0,0.0,Good_L0_Good_L1,0.0
Good_L0_Good_L1 (rho=0.0),Height,0,90%,24,14,24C x 14K,60%,20,10,20C x 10K,63.33333333333333,0.0,0.0,0.0,50.55555555555556,0.0,0.0,0.0,63.33333333333333,0.0,0.0,0.0,Good_L0_Good_L1,0.0
Good_L0_Good_L1 (rho=0.0),Height,0,90%,24,14,24C x 14K,70%,17,14,17C x 14K,60.0,0.0,0.0,0.0,50.55555555555556,0.0,0.0,0.0,60.0,0.0,0.0,0.0,Good_L0_Good_L1,0.0
Good_L0_Good_L1 (rho=0.0),Height,0,90%,24,14,24C x 14K,70%,21,11,21C x 11K,63.33333333333333,0.0,0.0,0.0,50.55555555555556,0.0,0.0,0.0,63.33333333333333,0.0,0.0,0.0,Good_L0_Good_L1,0.0
Good_L0_Good_L1 (rho=0.0),Height,0,90%,24,14,24C x 14K,80%,19,14,19C x 14K,56.666666666666664,0.0,0.0,0.0,50.55555555555556,0.0,0.0,0.0,56.666666666666664,0.0,0.0,0.0,Good_L0_Good_L1,0.0
Good_L0_Good_L1 (rho=0.0),Height,0,90%,24,14,24C x 14K,80%,24,11,24C x 11K,66.66666666666666,0.0,0.0,0.0,50.55555555555556,0.0,0.0,0.0,66.66666666666666,0.0,0.0,0.0,Good_L0_Good_L1,0.0
Good_L0_Good_L1 (rho=0.0),Height,0,90%,24,14,24C x 14K,90%,22,14,22C x 14K,56.666666666666664,0.0,0.0,0.0,50.55555555555556,0.0,0.0,0.0,56.666666666666664,0.0,0.0,0.0,Good_L0_Good_L1,0.0
Good_L0_Good_L1 (rho=0.0),Height,0,90%,24,14,24C x 14K,90%,23,13,23C x 13K,56.666666666666664,0.0,0.0,0.0,50.55555555555556,0.0,0.0,0.0,56.666666666666664,0.0,0.0,0.0,Good_L0_Good_L1,0.0
Good_L0_Good_L1 (rho=0.0),Height,0,90%,24,14,24C x 14K,100%,24,14,24C x 14K,36.666666666666664,0.0,0.0,0.0,15.138888888888888,0.0,0.0,0.0,36.666666666666664,0.0,0.0,0.0,Good_L0_Good_L1,0.0
Good_L0_Good_L1 (rho=0.0),Height,0,100%,25,15,25C x 15K,10%,3,15,3C x 15K,36.666666666666664,0.0,0.0,0.0,14.933333333333335,0.0,0.0,0.0,36.666666666666664,0.0,0.0,0.0,Good_L0_Good_L1,0.0
Good_L0_Good_L1 (rho=0.0),Height,0,100%,25,15,25C x 15K,10%,6,6,6C x 6K,36.666666666666664,0.0,0.0,0.0,14.933333333333335,0.0,0.0,0.0,36.666666666666664,0.0,0.0,0.0,Good_L0_Good_L1,0.0
Good_L0_Good_L1 (rho=0.0),Height,0,100%,25,15,25C x 15K,20%,25,3,25C x 3K,36.666666666666664,0.0,0.0,0.0,14.933333333333335,0.0,0.0,0.0,36.666666666666664,0.0,0.0,0.0,Good_L0_Good_L1,0.0
Good_L0_Good_L1 (rho=0.0),Height,0,100%,25,15,25C x 15K,20%,5,15,5C x 15K,36.666666666666664,0.0,0.0,0.0,14.933333333333335,0.0,0.0,0.0,36.666666666666664,0.0,0.0,0.0,Good_L0_Good_L1,0.0
Good_L0_Good_L1 (rho=0.0),Height,0,100%,25,15,25C x 15K,30%,14,8,14C x 8K,36.666666666666664,0.0,0.0,0.0,14.933333333333335,0.0,0.0,0.0,36.666666666666664,0.0,0.0,0.0,Good_L0_Good_L1,0.0
Good_L0_Good_L1 (rho=0.0),Height,0,100%,25,15,25C x 15K,30%,7,15,7C x 15K,36.666666666666664,0.0,0.0,0.0,14.933333333333335,0.0,0.0,0.0,36.666666666666664,0.0,0.0,0.0,Good_L0_Good_L1,0.0
Good_L0_Good_L1 (rho=0.0),Height,0,100%,25,15,25C x 15K,40%,10,15,10C x 15K,36.666666666666664,0.0,0.0,0.0,14.933333333333335,0.0,0.0,0.0,36.666666666666664,0.0,0.0,0.0,Good_L0_Good_L1,0.0
Good_L0_Good_L1 (rho=0.0),Height,0,100%,25,15,25C x 15K,40%,25,6,25C x 6K,36.666666666666664,0.0,0.0,0.0,14.933333333333335,0.0,0.0,0.0,36.666666666666664,0.0,0.0,0.0,Good_L0_Good_L1,0.0
Good_L0_Good_L1 (rho=0.0),Height,0,100%,25,15,25C x 15K,50%,13,15,13C x 15K,36.666666666666664,0.0,0.0,0.0,14.933333333333335,0.0,0.0,0.0,36.666666666666664,0.0,0.0,0.0,Good_L0_Good_L1,0.0
Good_L0_Good_L1 (rho=0.0),Height,0,100%,25,15,25C x 15K,50%,19,10,19C x 10K,36.666666666666664,0.0,0.0,0.0,14.933333333333335,0.0,0.0,0.0,36.666666666666664,0.0,0.0,0.0,Good_L0_Good_L1,0.0
Good_L0_Good_L1 (rho=0.0),Height,0,100%,25,15,25C x 15K,60%,15,15,15C x 15K,36.666666666666664,0.0,0.0,0.0,14.933333333333335,0.0,0.0,0.0,36.666666666666664,0.0,0.0,0.0,Good_L0_Good_L1,0.0
Good_L0_Good_L1 (rho=0.0),Height,0,100%,25,15,25C x 15K,60%,25,9,25C x 9K,36.666666666666664,0.0,0.0,0.0,14.933333333333335,0.0,0.0,0.0,36.666666666666664,0.0,0.0,0.0,Good_L0_Good_L1,0.0
Good_L0_Good_L1 (rho=0.0),Height,0,100%,25,15,25C x 15K,70%,17,15,17C x 15K,36.666666666666664,0.0,0.0,0.0,14.933333333333335,0.0,0.0,0.0,36.666666666666664,0.0,0.0,0.0,Good_L0_Good_L1,0.0
Good_L0_Good_L1 (rho=0.0),Height,0,100%,25,15,25C x 15K,70%,22,12,22C x 12K,36.666666666666664,0.0,0.0,0.0,14.933333333333335,0.0,0.0,0.0,36.666666666666664,0.0,0.0,0.0,Good_L0_Good_L1,0.0
Good_L0_Good_L1 (rho=0.0),Height,0,100%,25,15,25C x 15K,80%,20,15,20C x 15K,36.666666666666664,0.0,0.0,0.0,14.933333333333335,0.0,0.0,0.0,36.666666666666664,0.0,0.0,0.0,Good_L0_Good_L1,0.0
Good_L0_Good_L1 (rho=0.0),Height,0,100%,25,15,25C x 15K,80%,25,12,25C x 12K,36.666666666666664,0.0,0.0,0.0,14.933333333333335,0.0,0.0,0.0,36.666666666666664,0.0,0.0,0.0,Good_L0_Good_L1,0.0
Good_L0_Good_L1 (rho=0.0),Height,0,100%,25,15,25C x 15K,90%,23,15,23C x 15K,36.666666666666664,0.0,0.0,0.0,14.933333333333335,0.0,0.0,0.0,36.666666666666664,0.0,0.0,0.0,Good_L0_Good_L1,0.0
Good_L0_Good_L1 (rho=0.0),Height,0,100%,25,15,25C x 15K,90%,24,14,24C x 14K,36.666666666666664,0.0,0.0,0.0,14.933333333333335,0.0,0.0,0.0,36.666666666666664,0.0,0.0,0.0,Good_L0_Good_L1,0.0
Good_L0_Good_L1 (rho=0.0),Height,0,100%,25,15,25C x 15K,100%,25,15,25C x 15K,26.666666666666668,0.0,0.0,0.0,3.8666666666666667,0.0,0.0,0.0,26.666666666666668,0.0,0.0,0.0,Good_L0_Good_L1,0.0
Good_L0_Good_L1 (rho=0.0),Weight,0,10%,3,15,3C x 15K,10%,1,4,1C x 4K,30.0,0.0,0.0,0.0,64.44444444444444,0.0,0.0,0.0,30.0,0.0,0.0,0.0,Good_L0_Good_L1,0.0
Good_L0_Good_L1 (rho=0.0),Weight,0,10%,3,15,3C x 15K,10%,2,2,2C x 2K,33.33333333333333,0.0,0.0,0.0,64.44444444444444,0.0,0.0,0.0,33.33333333333333,0.0,0.0,0.0,Good_L0_Good_L1,0.0
Good_L0_Good_L1 (rho=0.0),Weight,0,10%,3,15,3C x 15K,20%,1,9,1C x 9K,43.333333333333336,0.0,0.0,0.0,64.44444444444444,0.0,0.0,0.0,43.333333333333336,0.0,0.0,0.0,Good_L0_Good_L1,0.0
Good_L0_Good_L1 (rho=0.0),Weight,0,10%,3,15,3C x 15K,20%,3,3,3C x 3K,36.666666666666664,0.0,0.0,0.0,64.44444444444444,0.0,0.0,0.0,36.666666666666664,0.0,0.0,0.0,Good_L0_Good_L1,0.0
Good_L0_Good_L1 (rho=0.0),Weight,0,10%,3,15,3C x 15K,30%,1,14,1C x 14K,53.333333333333336,0.0,0.0,0.0,64.44444444444444,0.0,0.0,0.0,53.333333333333336,0.0,0.0,0.0,Good_L0_Good_L1,0.0
Good_L0_Good_L1 (rho=0.0),Weight,0,10%,3,15,3C x 15K,30%,2,7,2C x 7K,36.666666666666664,0.0,0.0,0.0,64.44444444444444,0.0,0.0,0.0,36.666666666666664,0.0,0.0,0.0,Good_L0_Good_L1,0.0
Good_L0_Good_L1 (rho=0.0),Weight,0,10%,3,15,3C x 15K,40%,1,15,1C x 15K,56.666666666666664,0.0,0.0,0.0,64.44444444444444,0.0,0.0,0.0,56.666666666666664,0.0,0.0,0.0,Good_L0_Good_L1,0.0
Good_L0_Good_L1 (rho=0.0),Weight,0,10%,3,15,3C x 15K,40%,3,6,3C x 6K,36.666666666666664,0.0,0.0,0.0,64.44444444444444,0.0,0.0,0.0,36.666666666666664,0.0,0.0,0.0,Good_L0_Good_L1,0.0
Good_L0_Good_L1 (rho=0.0),Weight,0,10%,3,15,3C x 15K,50%,1,15,1C x 15K,56.666666666666664,0.0,0.0,0.0,64.44444444444444,0.0,0.0,0.0,56.666666666666664,0.0,0.0,0.0,Good_L0_Good_L1,0.0
Good_L0_Good_L1 (rho=0.0),Weight,0,10%,3,15,3C x 15K,50%,3,7,3C x 7K,40.0,0.0,0.0,0.0,64.44444444444444,0.0,0.0,0.0,40.0,0.0,0.0,0.0,Good_L0_Good_L1,0.0
Good_L0_Good_L1 (rho=0.0),Weight,0,10%,3,15,3C x 15K,60%,2,15,2C x 15K,50.0,0.0,0.0,0.0,64.44444444444444,0.0,0.0,0.0,50.0,0.0,0.0,0.0,Good_L0_Good_L1,0.0
Good_L0_Good_L1 (rho=0.0),Weight,0,10%,3,15,3C x 15K,60%,3,9,3C x 9K,53.333333333333336,0.0,0.0,0.0,64.44444444444444,0.0,0.0,0.0,53.333333333333336,0.0,0.0,0.0,Good_L0_Good_L1,0.0
Good_L0_Good_L1 (rho=0.0),Weight,0,10%,3,15,3C x 15K,70%,2,15,2C x 15K,50.0,0.0,0.0,0.0,64.44444444444444,0.0,0.0,0.0,50.0,0.0,0.0,0.0,Good_L0_Good_L1,0.0
Good_L0_Good_L1 (rho=0.0),Weight,0,10%,3,15,3C x 15K,70%,3,10,3C x 10K,50.0,0.0,0.0,0.0,64.44444444444444,0.0,0.0,0.0,50.0,0.0,0.0,0.0,Good_L0_Good_L1,0.0
Good_L0_Good_L1 (rho=0.0),Weight,0,10%,3,15,3C x 15K,80%,2,15,2C x 15K,50.0,0.0,0.0,0.0,64.44444444444444,0.0,0.0,0.0,50.0,0.0,0.0,0.0,Good_L0_Good_L1,0.0
Good_L0_Good_L1 (rho=0.0),Weight,0,10%,3,15,3C x 15K,80%,3,12,3C x 12K,50.0,0.0,0.0,0.0,64.44444444444444,0.0,0.0,0.0,50.0,0.0,0.0,0.0,Good_L0_Good_L1,0.0
Good_L0_Good_L1 (rho=0.0),Weight,0,10%,3,15,3C x 15K,90%,3,13,3C x 13K,50.0,0.0,0.0,0.0,64.44444444444444,0.0,0.0,0.0,50.0,0.0,0.0,0.0,Good_L0_Good_L1,0.0
Good_L0_Good_L1 (rho=0.0),Weight,0,10%,3,15,3C x 15K,90%,3,15,3C x 15K,50.0,0.0,0.0,0.0,64.44444444444444,0.0,0.0,0.0,50.0,0.0,0.0,0.0,Good_L0_Good_L1,0.0
Good_L0_Good_L1 (rho=0.0),Weight,0,10%,3,15,3C x 15K,100%,3,15,3C x 15K,36.666666666666664,0.0,0.0,0.0,14.444444444444443,0.0,0.0,0.0,36.666666666666664,0.0,0.0,0.0,Good_L0_Good_L1,0.0
Good_L0_Good_L1 (rho=0.0),Weight,0,10%,6,6,6C x 6K,10%,1,4,1C x 4K,53.333333333333336,0.0,0.0,0.0,53.333333333333336,0.0,0.0,0.0,53.333333333333336,0.0,0.0,0.0,Good_L0_Good_L1,0.0
Good_L0_Good_L1 (rho=0.0),Weight,0,10%,6,6,6C x 6K,10%,4,1,4C x 1K,36.666666666666664,0.0,0.0,0.0,53.333333333333336,0.0,0.0,0.0,36.666666666666664,0.0,0.0,0.0,Good_L0_Good_L1,0.0
Good_L0_Good_L1 (rho=0.0),Weight,0,10%,6,6,6C x 6K,20%,1,6,1C x 6K,50.0,0.0,0.0,0.0,53.333333333333336,0.0,0.0,0.0,50.0,0.0,0.0,0.0,Good_L0_Good_L1,0.0
Good_L0_Good_L1 (rho=0.0),Weight,0,10%,6,6,6C x 6K,20%,2,3,2C x 3K,50.0,0.0,0.0,0.0,53.333333333333336,0.0,0.0,0.0,50.0,0.0,0.0,0.0,Good_L0_Good_L1,0.0
Good_L0_Good_L1 (rho=0.0),Weight,0,10%,6,6,6C x 6K,30%,2,6,2C x 6K,50.0,0.0,0.0,0.0,53.333333333333336,0.0,0.0,0.0,50.0,0.0,0.0,0.0,Good_L0_Good_L1,0.0
Good_L0_Good_L1 (rho=0.0),Weight,0,10%,6,6,6C x 6K,30%,4,3,4C x 3K,46.666666666666664,0.0,0.0,0.0,53.333333333333336,0.0,0.0,0.0,46.666666666666664,0.0,0.0,0.0,Good_L0_Good_L1,0.0
Good_L0_Good_L1 (rho=0.0),Weight,0,10%,6,6,6C x 6K,40%,2,6,2C x 6K,50.0,0.0,0.0,0.0,53.333333333333336,0.0,0.0,0.0,50.0,0.0,0.0,0.0,Good_L0_Good_L1,0.0
Good_L0_Good_L1 (rho=0.0),Weight,0,10%,6,6,6C x 6K,40%,5,3,5C x 3K,50.0,0.0,0.0,0.0,53.333333333333336,0.0,0.0,0.0,50.0,0.0,0.0,0.0,Good_L0_Good_L1,0.0
Good_L0_Good_L1 (rho=0.0),Weight,0,10%,6,6,6C x 6K,50%,3,6,3C x 6K,50.0,0.0,0.0,0.0,53.333333333333336,0.0,0.0,0.0,50.0,0.0,0.0,0.0,Good_L0_Good_L1,0.0
Good_L0_Good_L1 (rho=0.0),Weight,0,10%,6,6,6C x 6K,50%,6,3,6C x 3K,46.666666666666664,0.0,0.0,0.0,53.333333333333336,0.0,0.0,0.0,46.666666666666664,0.0,0.0,0.0,Good_L0_Good_L1,0.0
Good_L0_Good_L1 (rho=0.0),Weight,0,10%,6,6,6C x 6K,60%,4,6,4C x 6K,50.0,0.0,0.0,0.0,53.333333333333336,0.0,0.0,0.0,50.0,0.0,0.0,0.0,Good_L0_Good_L1,0.0
Good_L0_Good_L1 (rho=0.0),Weight,0,10%,6,6,6C x 6K,60%,6,4,6C x 4K,50.0,0.0,0.0,0.0,53.333333333333336,0.0,0.0,0.0,50.0,0.0,0.0,0.0,Good_L0_Good_L1,0.0
Good_L0_Good_L1 (rho=0.0),Weight,0,10%,6,6,6C x 6K,70%,4,6,4C x 6K,50.0,0.0,0.0,0.0,53.333333333333336,0.0,0.0,0.0,50.0,0.0,0.0,0.0,Good_L0_Good_L1,0.0
Good_L0_Good_L1 (rho=0.0),Weight,0,10%,6,6,6C x 6K,70%,6,4,6C x 4K,50.0,0.0,0.0,0.0,53.333333333333336,0.0,0.0,0.0,50.0,0.0,0.0,0.0,Good_L0_Good_L1,0.0
Good_L0_Good_L1 (rho=0.0),Weight,0,10%,6,6,6C x 6K,80%,5,6,5C x 6K,50.0,0.0,0.0,0.0,53.333333333333336,0.0,0.0,0.0,50.0,0.0,0.0,0.0,Good_L0_Good_L1,0.0
Good_L0_Good_L1 (rho=0.0),Weight,0,10%,6,6,6C x 6K,80%,6,5,6C x 5K,46.666666666666664,0.0,0.0,0.0,53.333333333333336,0.0,0.0,0.0,46.666666666666664,0.0,0.0,0.0,Good_L0_Good_L1,0.0
Good_L0_Good_L1 (rho=0.0),Weight,0,10%,6,6,6C x 6K,90%,5,6,5C x 6K,50.0,0.0,0.0,0.0,53.333333333333336,0.0,0.0,0.0,50.0,0.0,0.0,0.0,Good_L0_Good_L1,0.0
Good_L0_Good_L1 (rho=0.0),Weight,0,10%,6,6,6C x 6K,90%,6,5,6C x 5K,46.666666666666664,0.0,0.0,0.0,53.333333333333336,0.0,0.0,0.0,46.666666666666664,0.0,0.0,0.0,Good_L0_Good_L1,0.0
Good_L0_Good_L1 (rho=0.0),Weight,0,10%,6,6,6C x 6K,100%,6,6,6C x 6K,40.0,0.0,0.0,0.0,19.444444444444446,0.0,0.0,0.0,40.0,0.0,0.0,0.0,Good_L0_Good_L1,0.0
Good_L0_Good_L1 (rho=0.0),Weight,0,20%,25,3,25C x 3K,10%,3,3,3C x 3K,36.666666666666664,0.0,0.0,0.0,41.86666666666667,0.0,0.0,0.0,36.666666666666664,0.0,0.0,0.0,Good_L0_Good_L1,0.0
Good_L0_Good_L1 (rho=0.0),Weight,0,20%,25,3,25C x 3K,10%,8,1,8C x 1K,46.666666666666664,0.0,0.0,0.0,41.86666666666667,0.0,0.0,0.0,46.666666666666664,0.0,0.0,0.0,Good_L0_Good_L1,0.0
Good_L0_Good_L1 (rho=0.0),Weight,0,20%,25,3,25C x 3K,20%,15,1,15C x 1K,40.0,0.0,0.0,0.0,41.86666666666667,0.0,0.0,0.0,40.0,0.0,0.0,0.0,Good_L0_Good_L1,0.0
Good_L0_Good_L1 (rho=0.0),Weight,0,20%,25,3,25C x 3K,20%,5,3,5C x 3K,50.0,0.0,0.0,0.0,41.86666666666667,0.0,0.0,0.0,50.0,0.0,0.0,0.0,Good_L0_Good_L1,0.0
Good_L0_Good_L1 (rho=0.0),Weight,0,20%,25,3,25C x 3K,30%,22,1,22C x 1K,50.0,0.0,0.0,0.0,41.86666666666667,0.0,0.0,0.0,50.0,0.0,0.0,0.0,Good_L0_Good_L1,0.0
Good_L0_Good_L1 (rho=0.0),Weight,0,20%,25,3,25C x 3K,30%,7,3,7C x 3K,60.0,0.0,0.0,0.0,41.86666666666667,0.0,0.0,0.0,60.0,0.0,0.0,0.0,Good_L0_Good_L1,0.0
Good_L0_Good_L1 (rho=0.0),Weight,0,20%,25,3,25C x 3K,40%,10,3,10C x 3K,53.333333333333336,0.0,0.0,0.0,41.86666666666667,0.0,0.0,0.0,53.333333333333336,0.0,0.0,0.0,Good_L0_Good_L1,0.0
Good_L0_Good_L1 (rho=0.0),Weight,0,20%,25,3,25C x 3K,40%,15,2,15C x 2K,50.0,0.0,0.0,0.0,41.86666666666667,0.0,0.0,0.0,50.0,0.0,0.0,0.0,Good_L0_Good_L1,0.0
Good_L0_Good_L1 (rho=0.0),Weight,0,20%,25,3,25C x 3K,50%,13,3,13C x 3K,53.333333333333336,0.0,0.0,0.0,41.86666666666667,0.0,0.0,0.0,53.333333333333336,0.0,0.0,0.0,Good_L0_Good_L1,0.0
Good_L0_Good_L1 (rho=0.0),Weight,0,20%,25,3,25C x 3K,50%,19,2,19C x 2K,63.33333333333333,0.0,0.0,0.0,41.86666666666667,0.0,0.0,0.0,63.33333333333333,0.0,0.0,0.0,Good_L0_Good_L1,0.0
Good_L0_Good_L1 (rho=0.0),Weight,0,20%,25,3,25C x 3K,60%,15,3,15C x 3K,63.33333333333333,0.0,0.0,0.0,41.86666666666667,0.0,0.0,0.0,63.33333333333333,0.0,0.0,0.0,Good_L0_Good_L1,0.0
Good_L0_Good_L1 (rho=0.0),Weight,0,20%,25,3,25C x 3K,60%,22,2,22C x 2K,56.666666666666664,0.0,0.0,0.0,41.86666666666667,0.0,0.0,0.0,56.666666666666664,0.0,0.0,0.0,Good_L0_Good_L1,0.0
Good_L0_Good_L1 (rho=0.0),Weight,0,20%,25,3,25C x 3K,70%,17,3,17C x 3K,40.0,0.0,0.0,0.0,16.133333333333333,0.0,0.0,0.0,40.0,0.0,0.0,0.0,Good_L0_Good_L1,0.0
Good_L0_Good_L1 (rho=0.0),Weight,0,20%,25,3,25C x 3K,80%,20,3,20C x 3K,40.0,0.0,0.0,0.0,16.133333333333333,0.0,0.0,0.0,40.0,0.0,0.0,0.0,Good_L0_Good_L1,0.0
Good_L0_Good_L1 (rho=0.0),Weight,0,20%,25,3,25C x 3K,90%,23,3,23C x 3K,40.0,0.0,0.0,0.0,16.133333333333333,0.0,0.0,0.0,40.0,0.0,0.0,0.0,Good_L0_Good_L1,0.0
Good_L0_Good_L1 (rho=0.0),Weight,0,20%,25,3,25C x 3K,100%,25,3,25C x 3K,40.0,0.0,0.0,0.0,16.133333333333333,0.0,0.0,0.0,40.0,0.0,0.0,0.0,Good_L0_Good_L1,0.0
Good_L0_Good_L1 (rho=0.0),Weight,0,20%,5,15,5C x 15K,10%,1,8,1C x 8K,33.33333333333333,0.0,0.0,0.0,65.33333333333333,0.0,0.0,0.0,33.33333333333333,0.0,0.0,0.0,Good_L0_Good_L1,0.0
Good_L0_Good_L1 (rho=0.0),Weight,0,20%,5,15,5C x 15K,10%,3,3,3C x 3K,43.333333333333336,0.0,0.0,0.0,65.33333333333333,0.0,0.0,0.0,43.333333333333336,0.0,0.0,0.0,Good_L0_Good_L1,0.0
Good_L0_Good_L1 (rho=0.0),Weight,0,20%,5,15,5C x 15K,20%,1,15,1C x 15K,46.666666666666664,0.0,0.0,0.0,65.33333333333333,0.0,0.0,0.0,46.666666666666664,0.0,0.0,0.0,Good_L0_Good_L1,0.0
Good_L0_Good_L1 (rho=0.0),Weight,0,20%,5,15,5C x 15K,20%,5,3,5C x 3K,43.333333333333336,0.0,0.0,0.0,65.33333333333333,0.0,0.0,0.0,43.333333333333336,0.0,0.0,0.0,Good_L0_Good_L1,0.0
Good_L0_Good_L1 (rho=0.0),Weight,0,20%,5,15,5C x 15K,30%,1,15,1C x 15K,46.666666666666664,0.0,0.0,0.0,65.33333333333333,0.0,0.0,0.0,46.666666666666664,0.0,0.0,0.0,Good_L0_Good_L1,0.0
Good_L0_Good_L1 (rho=0.0),Weight,0,20%,5,15,5C x 15K,30%,3,8,3C x 8K,46.666666666666664,0.0,0.0,0.0,65.33333333333333,0.0,0.0,0.0,46.666666666666664,0.0,0.0,0.0,Good_L0_Good_L1,0.0
Good_L0_Good_L1 (rho=0.0),Weight,0,20%,5,15,5C x 15K,40%,2,15,2C x 15K,50.0,0.0,0.0,0.0,65.33333333333333,0.0,0.0,0.0,50.0,0.0,0.0,0.0,Good_L0_Good_L1,0.0
Good_L0_Good_L1 (rho=0.0),Weight,0,20%,5,15,5C x 15K,40%,5,6,5C x 6K,46.666666666666664,0.0,0.0,0.0,65.33333333333333,0.0,0.0,0.0,46.666666666666664,0.0,0.0,0.0,Good_L0_Good_L1,0.0
Good_L0_Good_L1 (rho=0.0),Weight,0,20%,5,15,5C x 15K,50%,3,15,3C x 15K,50.0,0.0,0.0,0.0,65.33333333333333,0.0,0.0,0.0,50.0,0.0,0.0,0.0,Good_L0_Good_L1,0.0
Good_L0_Good_L1 (rho=0.0),Weight,0,20%,5,15,5C x 15K,50%,5,7,5C x 7K,46.666666666666664,0.0,0.0,0.0,65.33333333333333,0.0,0.0,0.0,46.666666666666664,0.0,0.0,0.0,Good_L0_Good_L1,0.0
Good_L0_Good_L1 (rho=0.0),Weight,0,20%,5,15,5C x 15K,60%,3,15,3C x 15K,50.0,0.0,0.0,0.0,65.33333333333333,0.0,0.0,0.0,50.0,0.0,0.0,0.0,Good_L0_Good_L1,0.0
Good_L0_Good_L1 (rho=0.0),Weight,0,20%,5,15,5C x 15K,60%,5,9,5C x 9K,50.0,0.0,0.0,0.0,65.33333333333333,0.0,0.0,0.0,50.0,0.0,0.0,0.0,Good_L0_Good_L1,0.0
Good_L0_Good_L1 (rho=0.0),Weight,0,20%,5,15,5C x 15K,70%,3,15,3C x 15K,50.0,0.0,0.0,0.0,65.33333333333333,0.0,0.0,0.0,50.0,0.0,0.0,0.0,Good_L0_Good_L1,0.0
Good_L0_Good_L1 (rho=0.0),Weight,0,20%,5,15,5C x 15K,70%,5,10,5C x 10K,46.666666666666664,0.0,0.0,0.0,65.33333333333333,0.0,0.0,0.0,46.666666666666664,0.0,0.0,0.0,Good_L0_Good_L1,0.0
Good_L0_Good_L1 (rho=0.0),Weight,0,20%,5,15,5C x 15K,80%,4,15,4C x 15K,53.333333333333336,0.0,0.0,0.0,65.33333333333333,0.0,0.0,0.0,53.333333333333336,0.0,0.0,0.0,Good_L0_Good_L1,0.0
Good_L0_Good_L1 (rho=0.0),Weight,0,20%,5,15,5C x 15K,80%,5,12,5C x 12K,50.0,0.0,0.0,0.0,65.33333333333333,0.0,0.0,0.0,50.0,0.0,0.0,0.0,Good_L0_Good_L1,0.0
Good_L0_Good_L1 (rho=0.0),Weight,0,20%,5,15,5C x 15K,90%,5,13,5C x 13K,53.333333333333336,0.0,0.0,0.0,65.33333333333333,0.0,0.0,0.0,53.333333333333336,0.0,0.0,0.0,Good_L0_Good_L1,0.0
Good_L0_Good_L1 (rho=0.0),Weight,0,20%,5,15,5C x 15K,90%,5,15,5C x 15K,53.333333333333336,0.0,0.0,0.0,65.33333333333333,0.0,0.0,0.0,53.333333333333336,0.0,0.0,0.0,Good_L0_Good_L1,0.0
Good_L0_Good_L1 (rho=0.0),Weight,0,20%,5,15,5C x 15K,100%,5,15,5C x 15K,36.666666666666664,0.0,0.0,0.0,14.666666666666666,0.0,0.0,0.0,36.666666666666664,0.0,0.0,0.0,Good_L0_Good_L1,0.0
Good_L0_Good_L1 (rho=0.0),Weight,0,30%,14,8,14C x 8K,10%,11,1,11C x 1K,43.333333333333336,0.0,0.0,0.0,61.42857142857143,0.0,0.0,0.0,43.333333333333336,0.0,0.0,0.0,Good_L0_Good_L1,0.0
Good_L0_Good_L1 (rho=0.0),Weight,0,30%,14,8,14C x 8K,10%,1,8,1C x 8K,40.0,0.0,0.0,0.0,61.42857142857143,0.0,0.0,0.0,40.0,0.0,0.0,0.0,Good_L0_Good_L1,0.0
Good_L0_Good_L1 (rho=0.0),Weight,0,30%,14,8,14C x 8K,20%,3,8,3C x 8K,56.666666666666664,0.0,0.0,0.0,61.42857142857143,0.0,0.0,0.0,56.666666666666664,0.0,0.0,0.0,Good_L0_Good_L1,0.0
Good_L0_Good_L1 (rho=0.0),Weight,0,30%,14,8,14C x 8K,20%,7,3,7C x 3K,46.666666666666664,0.0,0.0,0.0,61.42857142857143,0.0,0.0,0.0,46.666666666666664,0.0,0.0,0.0,Good_L0_Good_L1,0.0
Good_L0_Good_L1 (rho=0.0),Weight,0,30%,14,8,14C x 8K,30%,4,8,4C x 8K,56.666666666666664,0.0,0.0,0.0,61.42857142857143,0.0,0.0,0.0,56.666666666666664,0.0,0.0,0.0,Good_L0_Good_L1,0.0
Good_L0_Good_L1 (rho=0.0),Weight,0,30%,14,8,14C x 8K,30%,8,4,8C x 4K,60.0,0.0,0.0,0.0,61.42857142857143,0.0,0.0,0.0,60.0,0.0,0.0,0.0,Good_L0_Good_L1,0.0
Good_L0_Good_L1 (rho=0.0),Weight,0,30%,14,8,14C x 8K,40%,6,8,6C x 8K,53.333333333333336,0.0,0.0,0.0,61.42857142857143,0.0,0.0,0.0,53.333333333333336,0.0,0.0,0.0,Good_L0_Good_L1,0.0
Good_L0_Good_L1 (rho=0.0),Weight,0,30%,14,8,14C x 8K,40%,9,5,9C x 5K,63.33333333333333,0.0,0.0,0.0,61.42857142857143,0.0,0.0,0.0,63.33333333333333,0.0,0.0,0.0,Good_L0_Good_L1,0.0
Good_L0_Good_L1 (rho=0.0),Weight,0,30%,14,8,14C x 8K,50%,14,4,14C x 4K,60.0,0.0,0.0,0.0,61.42857142857143,0.0,0.0,0.0,60.0,0.0,0.0,0.0,Good_L0_Good_L1,0.0
Good_L0_Good_L1 (rho=0.0),Weight,0,30%,14,8,14C x 8K,50%,7,8,7C x 8K,56.666666666666664,0.0,0.0,0.0,61.42857142857143,0.0,0.0,0.0,56.666666666666664,0.0,0.0,0.0,Good_L0_Good_L1,0.0
Good_L0_Good_L1 (rho=0.0),Weight,0,30%,14,8,14C x 8K,60%,13,5,13C x 5K,56.666666666666664,0.0,0.0,0.0,61.42857142857143,0.0,0.0,0.0,56.666666666666664,0.0,0.0,0.0,Good_L0_Good_L1,0.0
Good_L0_Good_L1 (rho=0.0),Weight,0,30%,14,8,14C x 8K,60%,8,8,8C x 8K,63.33333333333333,0.0,0.0,0.0,61.42857142857143,0.0,0.0,0.0,63.33333333333333,0.0,0.0,0.0,Good_L0_Good_L1,0.0
Good_L0_Good_L1 (rho=0.0),Weight,0,30%,14,8,14C x 8K,70%,10,8,10C x 8K,63.33333333333333,0.0,0.0,0.0,61.42857142857143,0.0,0.0,0.0,63.33333333333333,0.0,0.0,0.0,Good_L0_Good_L1,0.0
Good_L0_Good_L1 (rho=0.0),Weight,0,30%,14,8,14C x 8K,70%,13,6,13C x 6K,53.333333333333336,0.0,0.0,0.0,61.42857142857143,0.0,0.0,0.0,53.333333333333336,0.0,0.0,0.0,Good_L0_Good_L1,0.0
Good_L0_Good_L1 (rho=0.0),Weight,0,30%,14,8,14C x 8K,80%,11,8,11C x 8K,63.33333333333333,0.0,0.0,0.0,61.42857142857143,0.0,0.0,0.0,63.33333333333333,0.0,0.0,0.0,Good_L0_Good_L1,0.0
Good_L0_Good_L1 (rho=0.0),Weight,0,30%,14,8,14C x 8K,80%,13,7,13C x 7K,63.33333333333333,0.0,0.0,0.0,61.42857142857143,0.0,0.0,0.0,63.33333333333333,0.0,0.0,0.0,Good_L0_Good_L1,0.0
Good_L0_Good_L1 (rho=0.0),Weight,0,30%,14,8,14C x 8K,90%,13,8,13C x 8K,63.33333333333333,0.0,0.0,0.0,61.42857142857143,0.0,0.0,0.0,63.33333333333333,0.0,0.0,0.0,Good_L0_Good_L1,0.0
Good_L0_Good_L1 (rho=0.0),Weight,0,30%,14,8,14C x 8K,90%,14,7,14C x 7K,63.33333333333333,0.0,0.0,0.0,61.42857142857143,0.0,0.0,0.0,63.33333333333333,0.0,0.0,0.0,Good_L0_Good_L1,0.0
Good_L0_Good_L1 (rho=0.0),Weight,0,30%,14,8,14C x 8K,100%,14,8,14C x 8K,43.333333333333336,0.0,0.0,0.0,23.57142857142857,0.0,0.0,0.0,43.333333333333336,0.0,0.0,0.0,Good_L0_Good_L1,0.0
Good_L0_Good_L1 (rho=0.0),Weight,0,30%,7,15,7C x 15K,10%,1,10,1C x 10K,46.666666666666664,0.0,0.0,0.0,63.33333333333333,0.0,0.0,0.0,46.666666666666664,0.0,0.0,0.0,Good_L0_Good_L1,0.0
Good_L0_Good_L1 (rho=0.0),Weight,0,30%,7,15,7C x 15K,10%,2,4,2C x 4K,33.33333333333333,0.0,0.0,0.0,63.33333333333333,0.0,0.0,0.0,33.33333333333333,0.0,0.0,0.0,Good_L0_Good_L1,0.0
Good_L0_Good_L1 (rho=0.0),Weight,0,30%,7,15,7C x 15K,20%,1,15,1C x 15K,50.0,0.0,0.0,0.0,63.33333333333333,0.0,0.0,0.0,50.0,0.0,0.0,0.0,Good_L0_Good_L1,0.0
Good_L0_Good_L1 (rho=0.0),Weight,0,30%,7,15,7C x 15K,20%,7,3,7C x 3K,40.0,0.0,0.0,0.0,63.33333333333333,0.0,0.0,0.0,40.0,0.0,0.0,0.0,Good_L0_Good_L1,0.0
Good_L0_Good_L1 (rho=0.0),Weight,0,30%,7,15,7C x 15K,30%,2,15,2C x 15K,56.666666666666664,0.0,0.0,0.0,63.33333333333333,0.0,0.0,0.0,56.666666666666664,0.0,0.0,0.0,Good_L0_Good_L1,0.0
Good_L0_Good_L1 (rho=0.0),Weight,0,30%,7,15,7C x 15K,30%,4,8,4C x 8K,56.666666666666664,0.0,0.0,0.0,63.33333333333333,0.0,0.0,0.0,56.666666666666664,0.0,0.0,0.0,Good_L0_Good_L1,0.0
Good_L0_Good_L1 (rho=0.0),Weight,0,30%,7,15,7C x 15K,40%,3,15,3C x 15K,60.0,0.0,0.0,0.0,63.33333333333333,0.0,0.0,0.0,60.0,0.0,0.0,0.0,Good_L0_Good_L1,0.0
Good_L0_Good_L1 (rho=0.0),Weight,0,30%,7,15,7C x 15K,40%,7,6,7C x 6K,40.0,0.0,0.0,0.0,63.33333333333333,0.0,0.0,0.0,40.0,0.0,0.0,0.0,Good_L0_Good_L1,0.0
Good_L0_Good_L1 (rho=0.0),Weight,0,30%,7,15,7C x 15K,50%,3,15,3C x 15K,60.0,0.0,0.0,0.0,63.33333333333333,0.0,0.0,0.0,60.0,0.0,0.0,0.0,Good_L0_Good_L1,0.0
Good_L0_Good_L1 (rho=0.0),Weight,0,30%,7,15,7C x 15K,50%,7,7,7C x 7K,40.0,0.0,0.0,0.0,63.33333333333333,0.0,0.0,0.0,40.0,0.0,0.0,0.0,Good_L0_Good_L1,0.0
Good_L0_Good_L1 (rho=0.0),Weight,0,30%,7,15,7C x 15K,60%,4,15,4C x 15K,56.666666666666664,0.0,0.0,0.0,63.33333333333333,0.0,0.0,0.0,56.666666666666664,0.0,0.0,0.0,Good_L0_Good_L1,0.0
Good_L0_Good_L1 (rho=0.0),Weight,0,30%,7,15,7C x 15K,60%,7,9,7C x 9K,43.333333333333336,0.0,0.0,0.0,63.33333333333333,0.0,0.0,0.0,43.333333333333336,0.0,0.0,0.0,Good_L0_Good_L1,0.0
Good_L0_Good_L1 (rho=0.0),Weight,0,30%,7,15,7C x 15K,70%,5,15,5C x 15K,56.666666666666664,0.0,0.0,0.0,63.33333333333333,0.0,0.0,0.0,56.666666666666664,0.0,0.0,0.0,Good_L0_Good_L1,0.0
Good_L0_Good_L1 (rho=0.0),Weight,0,30%,7,15,7C x 15K,70%,7,10,7C x 10K,46.666666666666664,0.0,0.0,0.0,63.33333333333333,0.0,0.0,0.0,46.666666666666664,0.0,0.0,0.0,Good_L0_Good_L1,0.0
Good_L0_Good_L1 (rho=0.0),Weight,0,30%,7,15,7C x 15K,80%,6,15,6C x 15K,56.666666666666664,0.0,0.0,0.0,63.33333333333333,0.0,0.0,0.0,56.666666666666664,0.0,0.0,0.0,Good_L0_Good_L1,0.0
Good_L0_Good_L1 (rho=0.0),Weight,0,30%,7,15,7C x 15K,80%,7,12,7C x 12K,50.0,0.0,0.0,0.0,63.33333333333333,0.0,0.0,0.0,50.0,0.0,0.0,0.0,Good_L0_Good_L1,0.0
Good_L0_Good_L1 (rho=0.0),Weight,0,30%,7,15,7C x 15K,90%,6,15,6C x 15K,56.666666666666664,0.0,0.0,0.0,63.33333333333333,0.0,0.0,0.0,56.666666666666664,0.0,0.0,0.0,Good_L0_Good_L1,0.0
Good_L0_Good_L1 (rho=0.0),Weight,0,30%,7,15,7C x 15K,90%,7,13,7C x 13K,50.0,0.0,0.0,0.0,63.33333333333333,0.0,0.0,0.0,50.0,0.0,0.0,0.0,Good_L0_Good_L1,0.0
Good_L0_Good_L1 (rho=0.0),Weight,0,30%,7,15,7C x 15K,100%,7,15,7C x 15K,43.333333333333336,0.0,0.0,0.0,15.238095238095239,0.0,0.0,0.0,43.333333333333336,0.0,0.0,0.0,Good_L0_Good_L1,0.0
Good_L0_Good_L1 (rho=0.0),Weight,0,40%,10,15,10C x 15K,10%,1,15,1C x 15K,50.0,0.0,0.0,0.0,63.33333333333333,0.0,0.0,0.0,50.0,0.0,0.0,0.0,Good_L0_Good_L1,0.0
Good_L0_Good_L1 (rho=0.0),Weight,0,40%,10,15,10C x 15K,10%,2,6,2C x 6K,50.0,0.0,0.0,0.0,63.33333333333333,0.0,0.0,0.0,50.0,0.0,0.0,0.0,Good_L0_Good_L1,0.0
Good_L0_Good_L1 (rho=0.0),Weight,0,40%,10,15,10C x 15K,20%,10,3,10C x 3K,60.0,0.0,0.0,0.0,63.33333333333333,0.0,0.0,0.0,60.0,0.0,0.0,0.0,Good_L0_Good_L1,0.0
Good_L0_Good_L1 (rho=0.0),Weight,0,40%,10,15,10C x 15K,20%,2,15,2C x 15K,63.33333333333333,0.0,0.0,0.0,63.33333333333333,0.0,0.0,0.0,63.33333333333333,0.0,0.0,0.0,Good_L0_Good_L1,0.0
Good_L0_Good_L1 (rho=0.0),Weight,0,40%,10,15,10C x 15K,30%,3,15,3C x 15K,60.0,0.0,0.0,0.0,63.33333333333333,0.0,0.0,0.0,60.0,0.0,0.0,0.0,Good_L0_Good_L1,0.0
Good_L0_Good_L1 (rho=0.0),Weight,0,40%,10,15,10C x 15K,30%,6,8,6C x 8K,60.0,0.0,0.0,0.0,63.33333333333333,0.0,0.0,0.0,60.0,0.0,0.0,0.0,Good_L0_Good_L1,0.0
Good_L0_Good_L1 (rho=0.0),Weight,0,40%,10,15,10C x 15K,40%,10,6,10C x 6K,60.0,0.0,0.0,0.0,63.33333333333333,0.0,0.0,0.0,60.0,0.0,0.0,0.0,Good_L0_Good_L1,0.0
Good_L0_Good_L1 (rho=0.0),Weight,0,40%,10,15,10C x 15K,40%,4,15,4C x 15K,63.33333333333333,0.0,0.0,0.0,63.33333333333333,0.0,0.0,0.0,63.33333333333333,0.0,0.0,0.0,Good_L0_Good_L1,0.0
Good_L0_Good_L1 (rho=0.0),Weight,0,40%,10,15,10C x 15K,50%,5,15,5C x 15K,63.33333333333333,0.0,0.0,0.0,63.33333333333333,0.0,0.0,0.0,63.33333333333333,0.0,0.0,0.0,Good_L0_Good_L1,0.0
Good_L0_Good_L1 (rho=0.0),Weight,0,40%,10,15,10C x 15K,50%,8,10,8C x 10K,56.666666666666664,0.0,0.0,0.0,63.33333333333333,0.0,0.0,0.0,56.666666666666664,0.0,0.0,0.0,Good_L0_Good_L1,0.0
Good_L0_Good_L1 (rho=0.0),Weight,0,40%,10,15,10C x 15K,60%,10,9,10C x 9K,63.33333333333333,0.0,0.0,0.0,63.33333333333333,0.0,0.0,0.0,63.33333333333333,0.0,0.0,0.0,Good_L0_Good_L1,0.0
Good_L0_Good_L1 (rho=0.0),Weight,0,40%,10,15,10C x 15K,60%,6,15,6C x 15K,63.33333333333333,0.0,0.0,0.0,63.33333333333333,0.0,0.0,0.0,63.33333333333333,0.0,0.0,0.0,Good_L0_Good_L1,0.0
Good_L0_Good_L1 (rho=0.0),Weight,0,40%,10,15,10C x 15K,70%,10,10,10C x 10K,56.666666666666664,0.0,0.0,0.0,63.33333333333333,0.0,0.0,0.0,56.666666666666664,0.0,0.0,0.0,Good_L0_Good_L1,0.0
Good_L0_Good_L1 (rho=0.0),Weight,0,40%,10,15,10C x 15K,70%,7,15,7C x 15K,56.666666666666664,0.0,0.0,0.0,63.33333333333333,0.0,0.0,0.0,56.666666666666664,0.0,0.0,0.0,Good_L0_Good_L1,0.0
Good_L0_Good_L1 (rho=0.0),Weight,0,40%,10,15,10C x 15K,80%,10,12,10C x 12K,53.333333333333336,0.0,0.0,0.0,63.33333333333333,0.0,0.0,0.0,53.333333333333336,0.0,0.0,0.0,Good_L0_Good_L1,0.0
Good_L0_Good_L1 (rho=0.0),Weight,0,40%,10,15,10C x 15K,80%,8,15,8C x 15K,60.0,0.0,0.0,0.0,63.33333333333333,0.0,0.0,0.0,60.0,0.0,0.0,0.0,Good_L0_Good_L1,0.0
Good_L0_Good_L1 (rho=0.0),Weight,0,40%,10,15,10C x 15K,90%,10,13,10C x 13K,56.666666666666664,0.0,0.0,0.0,63.33333333333333,0.0,0.0,0.0,56.666666666666664,0.0,0.0,0.0,Good_L0_Good_L1,0.0
Good_L0_Good_L1 (rho=0.0),Weight,0,40%,10,15,10C x 15K,90%,9,15,9C x 15K,60.0,0.0,0.0,0.0,63.33333333333333,0.0,0.0,0.0,60.0,0.0,0.0,0.0,Good_L0_Good_L1,0.0
Good_L0_Good_L1 (rho=0.0),Weight,0,40%,10,15,10C x 15K,100%,10,15,10C x 15K,43.333333333333336,0.0,0.0,0.0,16.333333333333332,0.0,0.0,0.0,43.333333333333336,0.0,0.0,0.0,Good_L0_Good_L1,0.0
Good_L0_Good_L1 (rho=0.0),Weight,0,40%,25,6,25C x 6K,10%,15,1,15C x 1K,33.33333333333333,0.0,0.0,0.0,49.06666666666666,0.0,0.0,0.0,33.33333333333333,0.0,0.0,0.0,Good_L0_Good_L1,0.0
Good_L0_Good_L1 (rho=0.0),Weight,0,40%,25,6,25C x 6K,10%,2,6,2C x 6K,40.0,0.0,0.0,0.0,49.06666666666666,0.0,0.0,0.0,40.0,0.0,0.0,0.0,Good_L0_Good_L1,0.0
Good_L0_Good_L1 (rho=0.0),Weight,0,40%,25,6,25C x 6K,20%,10,3,10C x 3K,46.666666666666664,0.0,0.0,0.0,49.06666666666666,0.0,0.0,0.0,46.666666666666664,0.0,0.0,0.0,Good_L0_Good_L1,0.0
Good_L0_Good_L1 (rho=0.0),Weight,0,40%,25,6,25C x 6K,20%,5,6,5C x 6K,46.666666666666664,0.0,0.0,0.0,49.06666666666666,0.0,0.0,0.0,46.666666666666664,0.0,0.0,0.0,Good_L0_Good_L1,0.0
Good_L0_Good_L1 (rho=0.0),Weight,0,40%,25,6,25C x 6K,30%,15,3,15C x 3K,46.666666666666664,0.0,0.0,0.0,49.06666666666666,0.0,0.0,0.0,46.666666666666664,0.0,0.0,0.0,Good_L0_Good_L1,0.0
Good_L0_Good_L1 (rho=0.0),Weight,0,40%,25,6,25C x 6K,30%,8,6,8C x 6K,53.333333333333336,0.0,0.0,0.0,49.06666666666666,0.0,0.0,0.0,53.333333333333336,0.0,0.0,0.0,Good_L0_Good_L1,0.0
Good_L0_Good_L1 (rho=0.0),Weight,0,40%,25,6,25C x 6K,40%,10,6,10C x 6K,50.0,0.0,0.0,0.0,49.06666666666666,0.0,0.0,0.0,50.0,0.0,0.0,0.0,Good_L0_Good_L1,0.0
Good_L0_Good_L1 (rho=0.0),Weight,0,40%,25,6,25C x 6K,40%,20,3,20C x 3K,56.666666666666664,0.0,0.0,0.0,49.06666666666666,0.0,0.0,0.0,56.666666666666664,0.0,0.0,0.0,Good_L0_Good_L1,0.0
Good_L0_Good_L1 (rho=0.0),Weight,0,40%,25,6,25C x 6K,50%,12,6,12C x 6K,46.666666666666664,0.0,0.0,0.0,49.06666666666666,0.0,0.0,0.0,46.666666666666664,0.0,0.0,0.0,Good_L0_Good_L1,0.0
Good_L0_Good_L1 (rho=0.0),Weight,0,40%,25,6,25C x 6K,50%,25,3,25C x 3K,46.666666666666664,0.0,0.0,0.0,49.06666666666666,0.0,0.0,0.0,46.666666666666664,0.0,0.0,0.0,Good_L0_Good_L1,0.0
Good_L0_Good_L1 (rho=0.0),Weight,0,40%,25,6,25C x 6K,60%,15,6,15C x 6K,60.0,0.0,0.0,0.0,49.06666666666666,0.0,0.0,0.0,60.0,0.0,0.0,0.0,Good_L0_Good_L1,0.0
Good_L0_Good_L1 (rho=0.0),Weight,0,40%,25,6,25C x 6K,60%,22,4,22C x 4K,56.666666666666664,0.0,0.0,0.0,49.06666666666666,0.0,0.0,0.0,56.666666666666664,0.0,0.0,0.0,Good_L0_Good_L1,0.0
Good_L0_Good_L1 (rho=0.0),Weight,0,40%,25,6,25C x 6K,70%,18,6,18C x 6K,60.0,0.0,0.0,0.0,49.06666666666666,0.0,0.0,0.0,60.0,0.0,0.0,0.0,Good_L0_Good_L1,0.0
Good_L0_Good_L1 (rho=0.0),Weight,0,40%,25,6,25C x 6K,70%,21,5,21C x 5K,56.666666666666664,0.0,0.0,0.0,49.06666666666666,0.0,0.0,0.0,56.666666666666664,0.0,0.0,0.0,Good_L0_Good_L1,0.0
Good_L0_Good_L1 (rho=0.0),Weight,0,40%,25,6,25C x 6K,80%,20,6,20C x 6K,60.0,0.0,0.0,0.0,49.06666666666666,0.0,0.0,0.0,60.0,0.0,0.0,0.0,Good_L0_Good_L1,0.0
Good_L0_Good_L1 (rho=0.0),Weight,0,40%,25,6,25C x 6K,80%,24,5,24C x 5K,60.0,0.0,0.0,0.0,49.06666666666666,0.0,0.0,0.0,60.0,0.0,0.0,0.0,Good_L0_Good_L1,0.0
Good_L0_Good_L1 (rho=0.0),Weight,0,40%,25,6,25C x 6K,90%,22,6,22C x 6K,43.333333333333336,0.0,0.0,0.0,21.333333333333336,0.0,0.0,0.0,43.333333333333336,0.0,0.0,0.0,Good_L0_Good_L1,0.0
Good_L0_Good_L1 (rho=0.0),Weight,0,40%,25,6,25C x 6K,100%,25,6,25C x 6K,43.333333333333336,0.0,0.0,0.0,21.333333333333336,0.0,0.0,0.0,43.333333333333336,0.0,0.0,0.0,Good_L0_Good_L1,0.0
Good_L0_Good_L1 (rho=0.0),Weight,0,50%,13,15,13C x 15K,10%,1,15,1C x 15K,50.0,0.0,0.0,0.0,64.61538461538461,0.0,0.0,0.0,50.0,0.0,0.0,0.0,Good_L0_Good_L1,0.0
Good_L0_Good_L1 (rho=0.0),Weight,0,50%,13,15,13C x 15K,10%,3,6,3C x 6K,40.0,0.0,0.0,0.0,64.61538461538461,0.0,0.0,0.0,40.0,0.0,0.0,0.0,Good_L0_Good_L1,0.0
Good_L0_Good_L1 (rho=0.0),Weight,0,50%,13,15,13C x 15K,20%,13,3,13C x 3K,53.333333333333336,0.0,0.0,0.0,64.61538461538461,0.0,0.0,0.0,53.333333333333336,0.0,0.0,0.0,Good_L0_Good_L1,0.0
Good_L0_Good_L1 (rho=0.0),Weight,0,50%,13,15,13C x 15K,20%,3,15,3C x 15K,56.666666666666664,0.0,0.0,0.0,64.61538461538461,0.0,0.0,0.0,56.666666666666664,0.0,0.0,0.0,Good_L0_Good_L1,0.0
Good_L0_Good_L1 (rho=0.0),Weight,0,50%,13,15,13C x 15K,30%,4,15,4C x 15K,60.0,0.0,0.0,0.0,64.61538461538461,0.0,0.0,0.0,60.0,0.0,0.0,0.0,Good_L0_Good_L1,0.0
Good_L0_Good_L1 (rho=0.0),Weight,0,50%,13,15,13C x 15K,30%,7,8,7C x 8K,56.666666666666664,0.0,0.0,0.0,64.61538461538461,0.0,0.0,0.0,56.666666666666664,0.0,0.0,0.0,Good_L0_Good_L1,0.0
Good_L0_Good_L1 (rho=0.0),Weight,0,50%,13,15,13C x 15K,40%,13,6,13C x 6K,63.33333333333333,0.0,0.0,0.0,64.61538461538461,0.0,0.0,0.0,63.33333333333333,0.0,0.0,0.0,Good_L0_Good_L1,0.0
Good_L0_Good_L1 (rho=0.0),Weight,0,50%,13,15,13C x 15K,40%,5,15,5C x 15K,63.33333333333333,0.0,0.0,0.0,64.61538461538461,0.0,0.0,0.0,63.33333333333333,0.0,0.0,0.0,Good_L0_Good_L1,0.0
Good_L0_Good_L1 (rho=0.0),Weight,0,50%,13,15,13C x 15K,50%,10,10,10C x 10K,60.0,0.0,0.0,0.0,64.61538461538461,0.0,0.0,0.0,60.0,0.0,0.0,0.0,Good_L0_Good_L1,0.0
Good_L0_Good_L1 (rho=0.0),Weight,0,50%,13,15,13C x 15K,50%,7,15,7C x 15K,63.33333333333333,0.0,0.0,0.0,64.61538461538461,0.0,0.0,0.0,63.33333333333333,0.0,0.0,0.0,Good_L0_Good_L1,0.0
Good_L0_Good_L1 (rho=0.0),Weight,0,50%,13,15,13C x 15K,60%,13,9,13C x 9K,60.0,0.0,0.0,0.0,64.61538461538461,0.0,0.0,0.0,60.0,0.0,0.0,0.0,Good_L0_Good_L1,0.0
Good_L0_Good_L1 (rho=0.0),Weight,0,50%,13,15,13C x 15K,60%,8,15,8C x 15K,63.33333333333333,0.0,0.0,0.0,64.61538461538461,0.0,0.0,0.0,63.33333333333333,0.0,0.0,0.0,Good_L0_Good_L1,0.0
Good_L0_Good_L1 (rho=0.0),Weight,0,50%,13,15,13C x 15K,70%,11,12,11C x 12K,56.666666666666664,0.0,0.0,0.0,64.61538461538461,0.0,0.0,0.0,56.666666666666664,0.0,0.0,0.0,Good_L0_Good_L1,0.0
Good_L0_Good_L1 (rho=0.0),Weight,0,50%,13,15,13C x 15K,70%,9,15,9C x 15K,63.33333333333333,0.0,0.0,0.0,64.61538461538461,0.0,0.0,0.0,63.33333333333333,0.0,0.0,0.0,Good_L0_Good_L1,0.0
Good_L0_Good_L1 (rho=0.0),Weight,0,50%,13,15,13C x 15K,80%,10,15,10C x 15K,63.33333333333333,0.0,0.0,0.0,64.61538461538461,0.0,0.0,0.0,63.33333333333333,0.0,0.0,0.0,Good_L0_Good_L1,0.0
Good_L0_Good_L1 (rho=0.0),Weight,0,50%,13,15,13C x 15K,80%,13,12,13C x 12K,66.66666666666666,0.0,0.0,0.0,64.61538461538461,0.0,0.0,0.0,66.66666666666666,0.0,0.0,0.0,Good_L0_Good_L1,0.0
Good_L0_Good_L1 (rho=0.0),Weight,0,50%,13,15,13C x 15K,90%,12,15,12C x 15K,63.33333333333333,0.0,0.0,0.0,64.61538461538461,0.0,0.0,0.0,63.33333333333333,0.0,0.0,0.0,Good_L0_Good_L1,0.0
Good_L0_Good_L1 (rho=0.0),Weight,0,50%,13,15,13C x 15K,90%,13,14,13C x 14K,66.66666666666666,0.0,0.0,0.0,64.61538461538461,0.0,0.0,0.0,66.66666666666666,0.0,0.0,0.0,Good_L0_Good_L1,0.0
Good_L0_Good_L1 (rho=0.0),Weight,0,50%,13,15,13C x 15K,100%,13,15,13C x 15K,46.666666666666664,0.0,0.0,0.0,16.153846153846153,0.0,0.0,0.0,46.666666666666664,0.0,0.0,0.0,Good_L0_Good_L1,0.0
Good_L0_Good_L1 (rho=0.0),Weight,0,50%,19,10,19C x 10K,10%,19,1,19C x 1K,50.0,0.0,0.0,0.0,61.75438596491228,0.0,0.0,0.0,50.0,0.0,0.0,0.0,Good_L0_Good_L1,0.0
Good_L0_Good_L1 (rho=0.0),Weight,0,50%,19,10,19C x 10K,10%,2,10,2C x 10K,56.666666666666664,0.0,0.0,0.0,61.75438596491228,0.0,0.0,0.0,56.666666666666664,0.0,0.0,0.0,Good_L0_Good_L1,0.0
Good_L0_Good_L1 (rho=0.0),Weight,0,50%,19,10,19C x 10K,20%,19,2,19C x 2K,66.66666666666666,0.0,0.0,0.0,61.75438596491228,0.0,0.0,0.0,66.66666666666666,0.0,0.0,0.0,Good_L0_Good_L1,0.0
Good_L0_Good_L1 (rho=0.0),Weight,0,50%,19,10,19C x 10K,20%,4,10,4C x 10K,63.33333333333333,0.0,0.0,0.0,61.75438596491228,0.0,0.0,0.0,63.33333333333333,0.0,0.0,0.0,Good_L0_Good_L1,0.0
Good_L0_Good_L1 (rho=0.0),Weight,0,50%,19,10,19C x 10K,30%,19,3,19C x 3K,60.0,0.0,0.0,0.0,61.75438596491228,0.0,0.0,0.0,60.0,0.0,0.0,0.0,Good_L0_Good_L1,0.0
Good_L0_Good_L1 (rho=0.0),Weight,0,50%,19,10,19C x 10K,30%,6,10,6C x 10K,70.0,0.0,0.0,0.0,61.75438596491228,0.0,0.0,0.0,70.0,0.0,0.0,0.0,Good_L0_Good_L1,0.0
Good_L0_Good_L1 (rho=0.0),Weight,0,50%,19,10,19C x 10K,40%,19,4,19C x 4K,60.0,0.0,0.0,0.0,61.75438596491228,0.0,0.0,0.0,60.0,0.0,0.0,0.0,Good_L0_Good_L1,0.0
Good_L0_Good_L1 (rho=0.0),Weight,0,50%,19,10,19C x 10K,40%,8,10,8C x 10K,63.33333333333333,0.0,0.0,0.0,61.75438596491228,0.0,0.0,0.0,63.33333333333333,0.0,0.0,0.0,Good_L0_Good_L1,0.0
Good_L0_Good_L1 (rho=0.0),Weight,0,50%,19,10,19C x 10K,50%,10,10,10C x 10K,63.33333333333333,0.0,0.0,0.0,61.75438596491228,0.0,0.0,0.0,63.33333333333333,0.0,0.0,0.0,Good_L0_Good_L1,0.0
Good_L0_Good_L1 (rho=0.0),Weight,0,50%,19,10,19C x 10K,50%,19,5,19C x 5K,63.33333333333333,0.0,0.0,0.0,61.75438596491228,0.0,0.0,0.0,63.33333333333333,0.0,0.0,0.0,Good_L0_Good_L1,0.0
Good_L0_Good_L1 (rho=0.0),Weight,0,50%,19,10,19C x 10K,60%,11,10,11C x 10K,66.66666666666666,0.0,0.0,0.0,61.75438596491228,0.0,0.0,0.0,66.66666666666666,0.0,0.0,0.0,Good_L0_Good_L1,0.0
Good_L0_Good_L1 (rho=0.0),Weight,0,50%,19,10,19C x 10K,60%,19,6,19C x 6K,66.66666666666666,0.0,0.0,0.0,61.75438596491228,0.0,0.0,0.0,66.66666666666666,0.0,0.0,0.0,Good_L0_Good_L1,0.0
Good_L0_Good_L1 (rho=0.0),Weight,0,50%,19,10,19C x 10K,70%,13,10,13C x 10K,70.0,0.0,0.0,0.0,61.75438596491228,0.0,0.0,0.0,70.0,0.0,0.0,0.0,Good_L0_Good_L1,0.0
Good_L0_Good_L1 (rho=0.0),Weight,0,50%,19,10,19C x 10K,70%,19,7,19C x 7K,66.66666666666666,0.0,0.0,0.0,61.75438596491228,0.0,0.0,0.0,66.66666666666666,0.0,0.0,0.0,Good_L0_Good_L1,0.0
Good_L0_Good_L1 (rho=0.0),Weight,0,50%,19,10,19C x 10K,80%,15,10,15C x 10K,70.0,0.0,0.0,0.0,61.75438596491228,0.0,0.0,0.0,70.0,0.0,0.0,0.0,Good_L0_Good_L1,0.0
Good_L0_Good_L1 (rho=0.0),Weight,0,50%,19,10,19C x 10K,80%,19,8,19C x 8K,73.33333333333333,0.0,0.0,0.0,61.75438596491228,0.0,0.0,0.0,73.33333333333333,0.0,0.0,0.0,Good_L0_Good_L1,0.0
Good_L0_Good_L1 (rho=0.0),Weight,0,50%,19,10,19C x 10K,90%,17,10,17C x 10K,76.66666666666667,0.0,0.0,0.0,61.75438596491228,0.0,0.0,0.0,76.66666666666667,0.0,0.0,0.0,Good_L0_Good_L1,0.0
Good_L0_Good_L1 (rho=0.0),Weight,0,50%,19,10,19C x 10K,90%,19,9,19C x 9K,73.33333333333333,0.0,0.0,0.0,61.75438596491228,0.0,0.0,0.0,73.33333333333333,0.0,0.0,0.0,Good_L0_Good_L1,0.0
Good_L0_Good_L1 (rho=0.0),Weight,0,50%,19,10,19C x 10K,100%,19,10,19C x 10K,43.333333333333336,0.0,0.0,0.0,23.50877192982456,0.0,0.0,0.0,43.333333333333336,0.0,0.0,0.0,Good_L0_Good_L1,0.0
Good_L0_Good_L1 (rho=0.0),Weight,0,60%,15,15,15C x 15K,10%,1,15,1C x 15K,56.666666666666664,0.0,0.0,0.0,64.22222222222223,0.0,0.0,0.0,56.666666666666664,0.0,0.0,0.0,Good_L0_Good_L1,0.0
Good_L0_Good_L1 (rho=0.0),Weight,0,60%,15,15,15C x 15K,10%,4,6,4C x 6K,46.666666666666664,0.0,0.0,0.0,64.22222222222223,0.0,0.0,0.0,46.666666666666664,0.0,0.0,0.0,Good_L0_Good_L1,0.0
Good_L0_Good_L1 (rho=0.0),Weight,0,60%,15,15,15C x 15K,20%,15,3,15C x 3K,60.0,0.0,0.0,0.0,64.22222222222223,0.0,0.0,0.0,60.0,0.0,0.0,0.0,Good_L0_Good_L1,0.0
Good_L0_Good_L1 (rho=0.0),Weight,0,60%,15,15,15C x 15K,20%,3,15,3C x 15K,66.66666666666666,0.0,0.0,0.0,64.22222222222223,0.0,0.0,0.0,66.66666666666666,0.0,0.0,0.0,Good_L0_Good_L1,0.0
Good_L0_Good_L1 (rho=0.0),Weight,0,60%,15,15,15C x 15K,30%,5,15,5C x 15K,63.33333333333333,0.0,0.0,0.0,64.22222222222223,0.0,0.0,0.0,63.33333333333333,0.0,0.0,0.0,Good_L0_Good_L1,0.0
Good_L0_Good_L1 (rho=0.0),Weight,0,60%,15,15,15C x 15K,30%,8,8,8C x 8K,56.666666666666664,0.0,0.0,0.0,64.22222222222223,0.0,0.0,0.0,56.666666666666664,0.0,0.0,0.0,Good_L0_Good_L1,0.0
Good_L0_Good_L1 (rho=0.0),Weight,0,60%,15,15,15C x 15K,40%,15,6,15C x 6K,50.0,0.0,0.0,0.0,64.22222222222223,0.0,0.0,0.0,50.0,0.0,0.0,0.0,Good_L0_Good_L1,0.0
Good_L0_Good_L1 (rho=0.0),Weight,0,60%,15,15,15C x 15K,40%,6,15,6C x 15K,70.0,0.0,0.0,0.0,64.22222222222223,0.0,0.0,0.0,70.0,0.0,0.0,0.0,Good_L0_Good_L1,0.0
Good_L0_Good_L1 (rho=0.0),Weight,0,60%,15,15,15C x 15K,50%,11,10,11C x 10K,70.0,0.0,0.0,0.0,64.22222222222223,0.0,0.0,0.0,70.0,0.0,0.0,0.0,Good_L0_Good_L1,0.0
Good_L0_Good_L1 (rho=0.0),Weight,0,60%,15,15,15C x 15K,50%,7,15,7C x 15K,73.33333333333333,0.0,0.0,0.0,64.22222222222223,0.0,0.0,0.0,73.33333333333333,0.0,0.0,0.0,Good_L0_Good_L1,0.0
Good_L0_Good_L1 (rho=0.0),Weight,0,60%,15,15,15C x 15K,60%,15,9,15C x 9K,56.666666666666664,0.0,0.0,0.0,64.22222222222223,0.0,0.0,0.0,56.666666666666664,0.0,0.0,0.0,Good_L0_Good_L1,0.0
Good_L0_Good_L1 (rho=0.0),Weight,0,60%,15,15,15C x 15K,60%,9,15,9C x 15K,70.0,0.0,0.0,0.0,64.22222222222223,0.0,0.0,0.0,70.0,0.0,0.0,0.0,Good_L0_Good_L1,0.0
Good_L0_Good_L1 (rho=0.0),Weight,0,60%,15,15,15C x 15K,70%,11,15,11C x 15K,73.33333333333333,0.0,0.0,0.0,64.22222222222223,0.0,0.0,0.0,73.33333333333333,0.0,0.0,0.0,Good_L0_Good_L1,0.0
Good_L0_Good_L1 (rho=0.0),Weight,0,60%,15,15,15C x 15K,70%,13,12,13C x 12K,66.66666666666666,0.0,0.0,0.0,64.22222222222223,0.0,0.0,0.0,66.66666666666666,0.0,0.0,0.0,Good_L0_Good_L1,0.0
Good_L0_Good_L1 (rho=0.0),Weight,0,60%,15,15,15C x 15K,80%,12,15,12C x 15K,73.33333333333333,0.0,0.0,0.0,64.22222222222223,0.0,0.0,0.0,73.33333333333333,0.0,0.0,0.0,Good_L0_Good_L1,0.0
Good_L0_Good_L1 (rho=0.0),Weight,0,60%,15,15,15C x 15K,80%,15,12,15C x 12K,70.0,0.0,0.0,0.0,64.22222222222223,0.0,0.0,0.0,70.0,0.0,0.0,0.0,Good_L0_Good_L1,0.0
Good_L0_Good_L1 (rho=0.0),Weight,0,60%,15,15,15C x 15K,90%,13,15,13C x 15K,73.33333333333333,0.0,0.0,0.0,64.22222222222223,0.0,0.0,0.0,73.33333333333333,0.0,0.0,0.0,Good_L0_Good_L1,0.0
Good_L0_Good_L1 (rho=0.0),Weight,0,60%,15,15,15C x 15K,90%,14,14,14C x 14K,73.33333333333333,0.0,0.0,0.0,64.22222222222223,0.0,0.0,0.0,73.33333333333333,0.0,0.0,0.0,Good_L0_Good_L1,0.0
Good_L0_Good_L1 (rho=0.0),Weight,0,60%,15,15,15C x 15K,100%,15,15,15C x 15K,46.666666666666664,0.0,0.0,0.0,15.333333333333332,0.0,0.0,0.0,46.666666666666664,0.0,0.0,0.0,Good_L0_Good_L1,0.0
Good_L0_Good_L1 (rho=0.0),Weight,0,60%,25,9,25C x 9K,10%,22,1,22C x 1K,46.666666666666664,0.0,0.0,0.0,57.46666666666667,0.0,0.0,0.0,46.666666666666664,0.0,0.0,0.0,Good_L0_Good_L1,0.0
Good_L0_Good_L1 (rho=0.0),Weight,0,60%,25,9,25C x 9K,10%,2,9,2C x 9K,50.0,0.0,0.0,0.0,57.46666666666667,0.0,0.0,0.0,50.0,0.0,0.0,0.0,Good_L0_Good_L1,0.0
Good_L0_Good_L1 (rho=0.0),Weight,0,60%,25,9,25C x 9K,20%,11,4,11C x 4K,50.0,0.0,0.0,0.0,57.46666666666667,0.0,0.0,0.0,50.0,0.0,0.0,0.0,Good_L0_Good_L1,0.0
Good_L0_Good_L1 (rho=0.0),Weight,0,60%,25,9,25C x 9K,20%,5,9,5C x 9K,53.333333333333336,0.0,0.0,0.0,57.46666666666667,0.0,0.0,0.0,53.333333333333336,0.0,0.0,0.0,Good_L0_Good_L1,0.0
Good_L0_Good_L1 (rho=0.0),Weight,0,60%,25,9,25C x 9K,30%,17,4,17C x 4K,50.0,0.0,0.0,0.0,57.46666666666667,0.0,0.0,0.0,50.0,0.0,0.0,0.0,Good_L0_Good_L1,0.0
Good_L0_Good_L1 (rho=0.0),Weight,0,60%,25,9,25C x 9K,30%,8,9,8C x 9K,60.0,0.0,0.0,0.0,57.46666666666667,0.0,0.0,0.0,60.0,0.0,0.0,0.0,Good_L0_Good_L1,0.0
Good_L0_Good_L1 (rho=0.0),Weight,0,60%,25,9,25C x 9K,40%,10,9,10C x 9K,60.0,0.0,0.0,0.0,57.46666666666667,0.0,0.0,0.0,60.0,0.0,0.0,0.0,Good_L0_Good_L1,0.0
Good_L0_Good_L1 (rho=0.0),Weight,0,60%,25,9,25C x 9K,40%,18,5,18C x 5K,63.33333333333333,0.0,0.0,0.0,57.46666666666667,0.0,0.0,0.0,63.33333333333333,0.0,0.0,0.0,Good_L0_Good_L1,0.0
Good_L0_Good_L1 (rho=0.0),Weight,0,60%,25,9,25C x 9K,50%,12,9,12C x 9K,60.0,0.0,0.0,0.0,57.46666666666667,0.0,0.0,0.0,60.0,0.0,0.0,0.0,Good_L0_Good_L1,0.0
Good_L0_Good_L1 (rho=0.0),Weight,0,60%,25,9,25C x 9K,50%,19,6,19C x 6K,63.33333333333333,0.0,0.0,0.0,57.46666666666667,0.0,0.0,0.0,63.33333333333333,0.0,0.0,0.0,Good_L0_Good_L1,0.0
Good_L0_Good_L1 (rho=0.0),Weight,0,60%,25,9,25C x 9K,60%,15,9,15C x 9K,73.33333333333333,0.0,0.0,0.0,57.46666666666667,0.0,0.0,0.0,73.33333333333333,0.0,0.0,0.0,Good_L0_Good_L1,0.0
Good_L0_Good_L1 (rho=0.0),Weight,0,60%,25,9,25C x 9K,60%,22,6,22C x 6K,66.66666666666666,0.0,0.0,0.0,57.46666666666667,0.0,0.0,0.0,66.66666666666666,0.0,0.0,0.0,Good_L0_Good_L1,0.0
Good_L0_Good_L1 (rho=0.0),Weight,0,60%,25,9,25C x 9K,70%,18,9,18C x 9K,70.0,0.0,0.0,0.0,57.46666666666667,0.0,0.0,0.0,70.0,0.0,0.0,0.0,Good_L0_Good_L1,0.0
Good_L0_Good_L1 (rho=0.0),Weight,0,60%,25,9,25C x 9K,70%,23,7,23C x 7K,66.66666666666666,0.0,0.0,0.0,57.46666666666667,0.0,0.0,0.0,66.66666666666666,0.0,0.0,0.0,Good_L0_Good_L1,0.0
Good_L0_Good_L1 (rho=0.0),Weight,0,60%,25,9,25C x 9K,80%,20,9,20C x 9K,70.0,0.0,0.0,0.0,57.46666666666667,0.0,0.0,0.0,70.0,0.0,0.0,0.0,Good_L0_Good_L1,0.0
Good_L0_Good_L1 (rho=0.0),Weight,0,60%,25,9,25C x 9K,80%,22,8,22C x 8K,70.0,0.0,0.0,0.0,57.46666666666667,0.0,0.0,0.0,70.0,0.0,0.0,0.0,Good_L0_Good_L1,0.0
Good_L0_Good_L1 (rho=0.0),Weight,0,60%,25,9,25C x 9K,90%,22,9,22C x 9K,70.0,0.0,0.0,0.0,57.46666666666667,0.0,0.0,0.0,70.0,0.0,0.0,0.0,Good_L0_Good_L1,0.0
Good_L0_Good_L1 (rho=0.0),Weight,0,60%,25,9,25C x 9K,90%,25,8,25C x 8K,70.0,0.0,0.0,0.0,57.46666666666667,0.0,0.0,0.0,70.0,0.0,0.0,0.0,Good_L0_Good_L1,0.0
Good_L0_Good_L1 (rho=0.0),Weight,0,60%,25,9,25C x 9K,100%,25,9,25C x 9K,50.0,0.0,0.0,0.0,22.933333333333334,0.0,0.0,0.0,50.0,0.0,0.0,0.0,Good_L0_Good_L1,0.0
Good_L0_Good_L1 (rho=0.0),Weight,0,70%,17,15,17C x 15K,10%,2,15,2C x 15K,60.0,0.0,0.0,0.0,64.11764705882354,0.0,0.0,0.0,60.0,0.0,0.0,0.0,Good_L0_Good_L1,0.0
Good_L0_Good_L1 (rho=0.0),Weight,0,70%,17,15,17C x 15K,10%,4,6,4C x 6K,56.666666666666664,0.0,0.0,0.0,64.11764705882354,0.0,0.0,0.0,56.666666666666664,0.0,0.0,0.0,Good_L0_Good_L1,0.0
Good_L0_Good_L1 (rho=0.0),Weight,0,70%,17,15,17C x 15K,20%,17,3,17C x 3K,60.0,0.0,0.0,0.0,64.11764705882354,0.0,0.0,0.0,60.0,0.0,0.0,0.0,Good_L0_Good_L1,0.0
Good_L0_Good_L1 (rho=0.0),Weight,0,70%,17,15,17C x 15K,20%,3,15,3C x 15K,56.666666666666664,0.0,0.0,0.0,64.11764705882354,0.0,0.0,0.0,56.666666666666664,0.0,0.0,0.0,Good_L0_Good_L1,0.0
Good_L0_Good_L1 (rho=0.0),Weight,0,70%,17,15,17C x 15K,30%,10,8,10C x 8K,60.0,0.0,0.0,0.0,64.11764705882354,0.0,0.0,0.0,60.0,0.0,0.0,0.0,Good_L0_Good_L1,0.0
Good_L0_Good_L1 (rho=0.0),Weight,0,70%,17,15,17C x 15K,30%,5,15,5C x 15K,56.666666666666664,0.0,0.0,0.0,64.11764705882354,0.0,0.0,0.0,56.666666666666664,0.0,0.0,0.0,Good_L0_Good_L1,0.0
Good_L0_Good_L1 (rho=0.0),Weight,0,70%,17,15,17C x 15K,40%,17,6,17C x 6K,63.33333333333333,0.0,0.0,0.0,64.11764705882354,0.0,0.0,0.0,63.33333333333333,0.0,0.0,0.0,Good_L0_Good_L1,0.0
Good_L0_Good_L1 (rho=0.0),Weight,0,70%,17,15,17C x 15K,40%,7,15,7C x 15K,60.0,0.0,0.0,0.0,64.11764705882354,0.0,0.0,0.0,60.0,0.0,0.0,0.0,Good_L0_Good_L1,0.0
Good_L0_Good_L1 (rho=0.0),Weight,0,70%,17,15,17C x 15K,50%,13,10,13C x 10K,56.666666666666664,0.0,0.0,0.0,64.11764705882354,0.0,0.0,0.0,56.666666666666664,0.0,0.0,0.0,Good_L0_Good_L1,0.0
Good_L0_Good_L1 (rho=0.0),Weight,0,70%,17,15,17C x 15K,50%,9,15,9C x 15K,63.33333333333333,0.0,0.0,0.0,64.11764705882354,0.0,0.0,0.0,63.33333333333333,0.0,0.0,0.0,Good_L0_Good_L1,0.0
Good_L0_Good_L1 (rho=0.0),Weight,0,70%,17,15,17C x 15K,60%,10,15,10C x 15K,66.66666666666666,0.0,0.0,0.0,64.11764705882354,0.0,0.0,0.0,66.66666666666666,0.0,0.0,0.0,Good_L0_Good_L1,0.0
Good_L0_Good_L1 (rho=0.0),Weight,0,70%,17,15,17C x 15K,60%,17,9,17C x 9K,66.66666666666666,0.0,0.0,0.0,64.11764705882354,0.0,0.0,0.0,66.66666666666666,0.0,0.0,0.0,Good_L0_Good_L1,0.0
Good_L0_Good_L1 (rho=0.0),Weight,0,70%,17,15,17C x 15K,70%,12,15,12C x 15K,63.33333333333333,0.0,0.0,0.0,64.11764705882354,0.0,0.0,0.0,63.33333333333333,0.0,0.0,0.0,Good_L0_Good_L1,0.0
Good_L0_Good_L1 (rho=0.0),Weight,0,70%,17,15,17C x 15K,70%,15,12,15C x 12K,70.0,0.0,0.0,0.0,64.11764705882354,0.0,0.0,0.0,70.0,0.0,0.0,0.0,Good_L0_Good_L1,0.0
Good_L0_Good_L1 (rho=0.0),Weight,0,70%,17,15,17C x 15K,80%,14,15,14C x 15K,66.66666666666666,0.0,0.0,0.0,64.11764705882354,0.0,0.0,0.0,66.66666666666666,0.0,0.0,0.0,Good_L0_Good_L1,0.0
Good_L0_Good_L1 (rho=0.0),Weight,0,70%,17,15,17C x 15K,80%,17,12,17C x 12K,70.0,0.0,0.0,0.0,64.11764705882354,0.0,0.0,0.0,70.0,0.0,0.0,0.0,Good_L0_Good_L1,0.0
Good_L0_Good_L1 (rho=0.0),Weight,0,70%,17,15,17C x 15K,90%,15,15,15C x 15K,76.66666666666667,0.0,0.0,0.0,64.11764705882354,0.0,0.0,0.0,76.66666666666667,0.0,0.0,0.0,Good_L0_Good_L1,0.0
Good_L0_Good_L1 (rho=0.0),Weight,0,70%,17,15,17C x 15K,90%,16,14,16C x 14K,76.66666666666667,0.0,0.0,0.0,64.11764705882354,0.0,0.0,0.0,76.66666666666667,0.0,0.0,0.0,Good_L0_Good_L1,0.0
Good_L0_Good_L1 (rho=0.0),Weight,0,70%,17,15,17C x 15K,100%,17,15,17C x 15K,46.666666666666664,0.0,0.0,0.0,15.490196078431373,0.0,0.0,0.0,46.666666666666664,0.0,0.0,0.0,Good_L0_Good_L1,0.0
Good_L0_Good_L1 (rho=0.0),Weight,0,70%,22,12,22C x 12K,10%,2,12,2C x 12K,46.666666666666664,0.0,0.0,0.0,65.6060606060606,0.0,0.0,0.0,46.666666666666664,0.0,0.0,0.0,Good_L0_Good_L1,0.0
Good_L0_Good_L1 (rho=0.0),Weight,0,70%,22,12,22C x 12K,10%,5,5,5C x 5K,46.666666666666664,0.0,0.0,0.0,65.6060606060606,0.0,0.0,0.0,46.666666666666664,0.0,0.0,0.0,Good_L0_Good_L1,0.0
Good_L0_Good_L1 (rho=0.0),Weight,0,70%,22,12,22C x 12K,20%,11,5,11C x 5K,53.333333333333336,0.0,0.0,0.0,65.6060606060606,0.0,0.0,0.0,53.333333333333336,0.0,0.0,0.0,Good_L0_Good_L1,0.0
Good_L0_Good_L1 (rho=0.0),Weight,0,70%,22,12,22C x 12K,20%,4,12,4C x 12K,50.0,0.0,0.0,0.0,65.6060606060606,0.0,0.0,0.0,50.0,0.0,0.0,0.0,Good_L0_Good_L1,0.0
Good_L0_Good_L1 (rho=0.0),Weight,0,70%,22,12,22C x 12K,30%,13,6,13C x 6K,56.666666666666664,0.0,0.0,0.0,65.6060606060606,0.0,0.0,0.0,56.666666666666664,0.0,0.0,0.0,Good_L0_Good_L1,0.0
Good_L0_Good_L1 (rho=0.0),Weight,0,70%,22,12,22C x 12K,30%,7,12,7C x 12K,46.666666666666664,0.0,0.0,0.0,65.6060606060606,0.0,0.0,0.0,46.666666666666664,0.0,0.0,0.0,Good_L0_Good_L1,0.0
Good_L0_Good_L1 (rho=0.0),Weight,0,70%,22,12,22C x 12K,40%,15,7,15C x 7K,60.0,0.0,0.0,0.0,65.6060606060606,0.0,0.0,0.0,60.0,0.0,0.0,0.0,Good_L0_Good_L1,0.0
Good_L0_Good_L1 (rho=0.0),Weight,0,70%,22,12,22C x 12K,40%,9,12,9C x 12K,53.333333333333336,0.0,0.0,0.0,65.6060606060606,0.0,0.0,0.0,53.333333333333336,0.0,0.0,0.0,Good_L0_Good_L1,0.0
Good_L0_Good_L1 (rho=0.0),Weight,0,70%,22,12,22C x 12K,50%,11,12,11C x 12K,60.0,0.0,0.0,0.0,65.6060606060606,0.0,0.0,0.0,60.0,0.0,0.0,0.0,Good_L0_Good_L1,0.0
Good_L0_Good_L1 (rho=0.0),Weight,0,70%,22,12,22C x 12K,50%,22,6,22C x 6K,63.33333333333333,0.0,0.0,0.0,65.6060606060606,0.0,0.0,0.0,63.33333333333333,0.0,0.0,0.0,Good_L0_Good_L1,0.0
Good_L0_Good_L1 (rho=0.0),Weight,0,70%,22,12,22C x 12K,60%,13,12,13C x 12K,63.33333333333333,0.0,0.0,0.0,65.6060606060606,0.0,0.0,0.0,63.33333333333333,0.0,0.0,0.0,Good_L0_Good_L1,0.0
Good_L0_Good_L1 (rho=0.0),Weight,0,70%,22,12,22C x 12K,60%,18,9,18C x 9K,53.333333333333336,0.0,0.0,0.0,65.6060606060606,0.0,0.0,0.0,53.333333333333336,0.0,0.0,0.0,Good_L0_Good_L1,0.0
Good_L0_Good_L1 (rho=0.0),Weight,0,70%,22,12,22C x 12K,70%,15,12,15C x 12K,60.0,0.0,0.0,0.0,65.6060606060606,0.0,0.0,0.0,60.0,0.0,0.0,0.0,Good_L0_Good_L1,0.0
Good_L0_Good_L1 (rho=0.0),Weight,0,70%,22,12,22C x 12K,70%,21,9,21C x 9K,70.0,0.0,0.0,0.0,65.6060606060606,0.0,0.0,0.0,70.0,0.0,0.0,0.0,Good_L0_Good_L1,0.0
Good_L0_Good_L1 (rho=0.0),Weight,0,70%,22,12,22C x 12K,80%,18,12,18C x 12K,66.66666666666666,0.0,0.0,0.0,65.6060606060606,0.0,0.0,0.0,66.66666666666666,0.0,0.0,0.0,Good_L0_Good_L1,0.0
Good_L0_Good_L1 (rho=0.0),Weight,0,70%,22,12,22C x 12K,80%,21,10,21C x 10K,70.0,0.0,0.0,0.0,65.6060606060606,0.0,0.0,0.0,70.0,0.0,0.0,0.0,Good_L0_Good_L1,0.0
Good_L0_Good_L1 (rho=0.0),Weight,0,70%,22,12,22C x 12K,90%,20,12,20C x 12K,70.0,0.0,0.0,0.0,65.6060606060606,0.0,0.0,0.0,70.0,0.0,0.0,0.0,Good_L0_Good_L1,0.0
Good_L0_Good_L1 (rho=0.0),Weight,0,70%,22,12,22C x 12K,90%,22,11,22C x 11K,73.33333333333333,0.0,0.0,0.0,65.6060606060606,0.0,0.0,0.0,73.33333333333333,0.0,0.0,0.0,Good_L0_Good_L1,0.0
Good_L0_Good_L1 (rho=0.0),Weight,0,70%,22,12,22C x 12K,100%,22,12,22C x 12K,36.666666666666664,0.0,0.0,0.0,21.06060606060606,0.0,0.0,0.0,36.666666666666664,0.0,0.0,0.0,Good_L0_Good_L1,0.0
Good_L0_Good_L1 (rho=0.0),Weight,0,80%,20,15,20C x 15K,10%,2,15,2C x 15K,50.0,0.0,0.0,0.0,65.33333333333333,0.0,0.0,0.0,50.0,0.0,0.0,0.0,Good_L0_Good_L1,0.0
Good_L0_Good_L1 (rho=0.0),Weight,0,80%,20,15,20C x 15K,10%,5,6,5C x 6K,56.666666666666664,0.0,0.0,0.0,65.33333333333333,0.0,0.0,0.0,56.666666666666664,0.0,0.0,0.0,Good_L0_Good_L1,0.0
Good_L0_Good_L1 (rho=0.0),Weight,0,80%,20,15,20C x 15K,20%,20,3,20C x 3K,56.666666666666664,0.0,0.0,0.0,65.33333333333333,0.0,0.0,0.0,56.666666666666664,0.0,0.0,0.0,Good_L0_Good_L1,0.0
Good_L0_Good_L1 (rho=0.0),Weight,0,80%,20,15,20C x 15K,20%,4,15,4C x 15K,53.333333333333336,0.0,0.0,0.0,65.33333333333333,0.0,0.0,0.0,53.333333333333336,0.0,0.0,0.0,Good_L0_Good_L1,0.0
Good_L0_Good_L1 (rho=0.0),Weight,0,80%,20,15,20C x 15K,30%,11,8,11C x 8K,60.0,0.0,0.0,0.0,65.33333333333333,0.0,0.0,0.0,60.0,0.0,0.0,0.0,Good_L0_Good_L1,0.0
Good_L0_Good_L1 (rho=0.0),Weight,0,80%,20,15,20C x 15K,30%,6,15,6C x 15K,53.333333333333336,0.0,0.0,0.0,65.33333333333333,0.0,0.0,0.0,53.333333333333336,0.0,0.0,0.0,Good_L0_Good_L1,0.0
Good_L0_Good_L1 (rho=0.0),Weight,0,80%,20,15,20C x 15K,40%,20,6,20C x 6K,66.66666666666666,0.0,0.0,0.0,65.33333333333333,0.0,0.0,0.0,66.66666666666666,0.0,0.0,0.0,Good_L0_Good_L1,0.0
Good_L0_Good_L1 (rho=0.0),Weight,0,80%,20,15,20C x 15K,40%,8,15,8C x 15K,66.66666666666666,0.0,0.0,0.0,65.33333333333333,0.0,0.0,0.0,66.66666666666666,0.0,0.0,0.0,Good_L0_Good_L1,0.0
Good_L0_Good_L1 (rho=0.0),Weight,0,80%,20,15,20C x 15K,50%,10,15,10C x 15K,66.66666666666666,0.0,0.0,0.0,65.33333333333333,0.0,0.0,0.0,66.66666666666666,0.0,0.0,0.0,Good_L0_Good_L1,0.0
Good_L0_Good_L1 (rho=0.0),Weight,0,80%,20,15,20C x 15K,50%,15,10,15C x 10K,63.33333333333333,0.0,0.0,0.0,65.33333333333333,0.0,0.0,0.0,63.33333333333333,0.0,0.0,0.0,Good_L0_Good_L1,0.0
Good_L0_Good_L1 (rho=0.0),Weight,0,80%,20,15,20C x 15K,60%,12,15,12C x 15K,73.33333333333333,0.0,0.0,0.0,65.33333333333333,0.0,0.0,0.0,73.33333333333333,0.0,0.0,0.0,Good_L0_Good_L1,0.0
Good_L0_Good_L1 (rho=0.0),Weight,0,80%,20,15,20C x 15K,60%,20,9,20C x 9K,66.66666666666666,0.0,0.0,0.0,65.33333333333333,0.0,0.0,0.0,66.66666666666666,0.0,0.0,0.0,Good_L0_Good_L1,0.0
Good_L0_Good_L1 (rho=0.0),Weight,0,80%,20,15,20C x 15K,70%,14,15,14C x 15K,76.66666666666667,0.0,0.0,0.0,65.33333333333333,0.0,0.0,0.0,76.66666666666667,0.0,0.0,0.0,Good_L0_Good_L1,0.0
Good_L0_Good_L1 (rho=0.0),Weight,0,80%,20,15,20C x 15K,70%,18,12,18C x 12K,66.66666666666666,0.0,0.0,0.0,65.33333333333333,0.0,0.0,0.0,66.66666666666666,0.0,0.0,0.0,Good_L0_Good_L1,0.0
Good_L0_Good_L1 (rho=0.0),Weight,0,80%,20,15,20C x 15K,80%,16,15,16C x 15K,80.0,0.0,0.0,0.0,65.33333333333333,0.0,0.0,0.0,80.0,0.0,0.0,0.0,Good_L0_Good_L1,0.0
Good_L0_Good_L1 (rho=0.0),Weight,0,80%,20,15,20C x 15K,80%,20,12,20C x 12K,70.0,0.0,0.0,0.0,65.33333333333333,0.0,0.0,0.0,70.0,0.0,0.0,0.0,Good_L0_Good_L1,0.0
Good_L0_Good_L1 (rho=0.0),Weight,0,80%,20,15,20C x 15K,90%,18,15,18C x 15K,83.33333333333334,0.0,0.0,0.0,65.33333333333333,0.0,0.0,0.0,83.33333333333334,0.0,0.0,0.0,Good_L0_Good_L1,0.0
Good_L0_Good_L1 (rho=0.0),Weight,0,80%,20,15,20C x 15K,90%,19,14,19C x 14K,73.33333333333333,0.0,0.0,0.0,65.33333333333333,0.0,0.0,0.0,73.33333333333333,0.0,0.0,0.0,Good_L0_Good_L1,0.0
Good_L0_Good_L1 (rho=0.0),Weight,0,80%,20,15,20C x 15K,100%,20,15,20C x 15K,43.333333333333336,0.0,0.0,0.0,15.333333333333332,0.0,0.0,0.0,43.333333333333336,0.0,0.0,0.0,Good_L0_Good_L1,0.0
Good_L0_Good_L1 (rho=0.0),Weight,0,80%,25,12,25C x 12K,10%,2,12,2C x 12K,53.333333333333336,0.0,0.0,0.0,62.8,0.0,0.0,0.0,53.333333333333336,0.0,0.0,0.0,Good_L0_Good_L1,0.0
Good_L0_Good_L1 (rho=0.0),Weight,0,80%,25,12,25C x 12K,10%,6,5,6C x 5K,43.333333333333336,0.0,0.0,0.0,62.8,0.0,0.0,0.0,43.333333333333336,0.0,0.0,0.0,Good_L0_Good_L1,0.0
Good_L0_Good_L1 (rho=0.0),Weight,0,80%,25,12,25C x 12K,20%,12,5,12C x 5K,50.0,0.0,0.0,0.0,62.8,0.0,0.0,0.0,50.0,0.0,0.0,0.0,Good_L0_Good_L1,0.0
Good_L0_Good_L1 (rho=0.0),Weight,0,80%,25,12,25C x 12K,20%,5,12,5C x 12K,53.333333333333336,0.0,0.0,0.0,62.8,0.0,0.0,0.0,53.333333333333336,0.0,0.0,0.0,Good_L0_Good_L1,0.0
Good_L0_Good_L1 (rho=0.0),Weight,0,80%,25,12,25C x 12K,30%,15,6,15C x 6K,73.33333333333333,0.0,0.0,0.0,62.8,0.0,0.0,0.0,73.33333333333333,0.0,0.0,0.0,Good_L0_Good_L1,0.0
Good_L0_Good_L1 (rho=0.0),Weight,0,80%,25,12,25C x 12K,30%,8,12,8C x 12K,60.0,0.0,0.0,0.0,62.8,0.0,0.0,0.0,60.0,0.0,0.0,0.0,Good_L0_Good_L1,0.0
Good_L0_Good_L1 (rho=0.0),Weight,0,80%,25,12,25C x 12K,40%,10,12,10C x 12K,63.33333333333333,0.0,0.0,0.0,62.8,0.0,0.0,0.0,63.33333333333333,0.0,0.0,0.0,Good_L0_Good_L1,0.0
Good_L0_Good_L1 (rho=0.0),Weight,0,80%,25,12,25C x 12K,40%,17,7,17C x 7K,60.0,0.0,0.0,0.0,62.8,0.0,0.0,0.0,60.0,0.0,0.0,0.0,Good_L0_Good_L1,0.0
Good_L0_Good_L1 (rho=0.0),Weight,0,80%,25,12,25C x 12K,50%,12,12,12C x 12K,66.66666666666666,0.0,0.0,0.0,62.8,0.0,0.0,0.0,66.66666666666666,0.0,0.0,0.0,Good_L0_Good_L1,0.0
Good_L0_Good_L1 (rho=0.0),Weight,0,80%,25,12,25C x 12K,50%,25,6,25C x 6K,60.0,0.0,0.0,0.0,62.8,0.0,0.0,0.0,60.0,0.0,0.0,0.0,Good_L0_Good_L1,0.0
Good_L0_Good_L1 (rho=0.0),Weight,0,80%,25,12,25C x 12K,60%,15,12,15C x 12K,76.66666666666667,0.0,0.0,0.0,62.8,0.0,0.0,0.0,76.66666666666667,0.0,0.0,0.0,Good_L0_Good_L1,0.0
Good_L0_Good_L1 (rho=0.0),Weight,0,80%,25,12,25C x 12K,60%,20,9,20C x 9K,60.0,0.0,0.0,0.0,62.8,0.0,0.0,0.0,60.0,0.0,0.0,0.0,Good_L0_Good_L1,0.0
Good_L0_Good_L1 (rho=0.0),Weight,0,80%,25,12,25C x 12K,70%,18,12,18C x 12K,76.66666666666667,0.0,0.0,0.0,62.8,0.0,0.0,0.0,76.66666666666667,0.0,0.0,0.0,Good_L0_Good_L1,0.0
Good_L0_Good_L1 (rho=0.0),Weight,0,80%,25,12,25C x 12K,70%,23,9,23C x 9K,76.66666666666667,0.0,0.0,0.0,62.8,0.0,0.0,0.0,76.66666666666667,0.0,0.0,0.0,Good_L0_Good_L1,0.0
Good_L0_Good_L1 (rho=0.0),Weight,0,80%,25,12,25C x 12K,80%,20,12,20C x 12K,76.66666666666667,0.0,0.0,0.0,62.8,0.0,0.0,0.0,76.66666666666667,0.0,0.0,0.0,Good_L0_Good_L1,0.0
Good_L0_Good_L1 (rho=0.0),Weight,0,80%,25,12,25C x 12K,80%,24,10,24C x 10K,76.66666666666667,0.0,0.0,0.0,62.8,0.0,0.0,0.0,76.66666666666667,0.0,0.0,0.0,Good_L0_Good_L1,0.0
Good_L0_Good_L1 (rho=0.0),Weight,0,80%,25,12,25C x 12K,90%,22,12,22C x 12K,76.66666666666667,0.0,0.0,0.0,62.8,0.0,0.0,0.0,76.66666666666667,0.0,0.0,0.0,Good_L0_Good_L1,0.0
Good_L0_Good_L1 (rho=0.0),Weight,0,80%,25,12,25C x 12K,90%,25,11,25C x 11K,73.33333333333333,0.0,0.0,0.0,62.8,0.0,0.0,0.0,73.33333333333333,0.0,0.0,0.0,Good_L0_Good_L1,0.0
Good_L0_Good_L1 (rho=0.0),Weight,0,80%,25,12,25C x 12K,100%,25,12,25C x 12K,46.666666666666664,0.0,0.0,0.0,20.133333333333333,0.0,0.0,0.0,46.666666666666664,0.0,0.0,0.0,Good_L0_Good_L1,0.0
Good_L0_Good_L1 (rho=0.0),Weight,0,90%,23,15,23C x 15K,10%,2,15,2C x 15K,50.0,0.0,0.0,0.0,65.21739130434783,0.0,0.0,0.0,50.0,0.0,0.0,0.0,Good_L0_Good_L1,0.0
Good_L0_Good_L1 (rho=0.0),Weight,0,90%,23,15,23C x 15K,10%,6,6,6C x 6K,53.333333333333336,0.0,0.0,0.0,65.21739130434783,0.0,0.0,0.0,53.333333333333336,0.0,0.0,0.0,Good_L0_Good_L1,0.0
Good_L0_Good_L1 (rho=0.0),Weight,0,90%,23,15,23C x 15K,20%,23,3,23C x 3K,50.0,0.0,0.0,0.0,65.21739130434783,0.0,0.0,0.0,50.0,0.0,0.0,0.0,Good_L0_Good_L1,0.0
Good_L0_Good_L1 (rho=0.0),Weight,0,90%,23,15,23C x 15K,20%,5,15,5C x 15K,56.666666666666664,0.0,0.0,0.0,65.21739130434783,0.0,0.0,0.0,56.666666666666664,0.0,0.0,0.0,Good_L0_Good_L1,0.0
Good_L0_Good_L1 (rho=0.0),Weight,0,90%,23,15,23C x 15K,30%,13,8,13C x 8K,70.0,0.0,0.0,0.0,65.21739130434783,0.0,0.0,0.0,70.0,0.0,0.0,0.0,Good_L0_Good_L1,0.0
Good_L0_Good_L1 (rho=0.0),Weight,0,90%,23,15,23C x 15K,30%,7,15,7C x 15K,60.0,0.0,0.0,0.0,65.21739130434783,0.0,0.0,0.0,60.0,0.0,0.0,0.0,Good_L0_Good_L1,0.0
Good_L0_Good_L1 (rho=0.0),Weight,0,90%,23,15,23C x 15K,40%,23,6,23C x 6K,60.0,0.0,0.0,0.0,65.21739130434783,0.0,0.0,0.0,60.0,0.0,0.0,0.0,Good_L0_Good_L1,0.0
Good_L0_Good_L1 (rho=0.0),Weight,0,90%,23,15,23C x 15K,40%,9,15,9C x 15K,66.66666666666666,0.0,0.0,0.0,65.21739130434783,0.0,0.0,0.0,66.66666666666666,0.0,0.0,0.0,Good_L0_Good_L1,0.0
Good_L0_Good_L1 (rho=0.0),Weight,0,90%,23,15,23C x 15K,50%,11,15,11C x 15K,76.66666666666667,0.0,0.0,0.0,65.21739130434783,0.0,0.0,0.0,76.66666666666667,0.0,0.0,0.0,Good_L0_Good_L1,0.0
Good_L0_Good_L1 (rho=0.0),Weight,0,90%,23,15,23C x 15K,50%,17,10,17C x 10K,66.66666666666666,0.0,0.0,0.0,65.21739130434783,0.0,0.0,0.0,66.66666666666666,0.0,0.0,0.0,Good_L0_Good_L1,0.0
Good_L0_Good_L1 (rho=0.0),Weight,0,90%,23,15,23C x 15K,60%,14,15,14C x 15K,73.33333333333333,0.0,0.0,0.0,65.21739130434783,0.0,0.0,0.0,73.33333333333333,0.0,0.0,0.0,Good_L0_Good_L1,0.0
Good_L0_Good_L1 (rho=0.0),Weight,0,90%,23,15,23C x 15K,60%,23,9,23C x 9K,73.33333333333333,0.0,0.0,0.0,65.21739130434783,0.0,0.0,0.0,73.33333333333333,0.0,0.0,0.0,Good_L0_Good_L1,0.0
Good_L0_Good_L1 (rho=0.0),Weight,0,90%,23,15,23C x 15K,70%,16,15,16C x 15K,73.33333333333333,0.0,0.0,0.0,65.21739130434783,0.0,0.0,0.0,73.33333333333333,0.0,0.0,0.0,Good_L0_Good_L1,0.0
Good_L0_Good_L1 (rho=0.0),Weight,0,90%,23,15,23C x 15K,70%,20,12,20C x 12K,66.66666666666666,0.0,0.0,0.0,65.21739130434783,0.0,0.0,0.0,66.66666666666666,0.0,0.0,0.0,Good_L0_Good_L1,0.0
Good_L0_Good_L1 (rho=0.0),Weight,0,90%,23,15,23C x 15K,80%,18,15,18C x 15K,73.33333333333333,0.0,0.0,0.0,65.21739130434783,0.0,0.0,0.0,73.33333333333333,0.0,0.0,0.0,Good_L0_Good_L1,0.0
Good_L0_Good_L1 (rho=0.0),Weight,0,90%,23,15,23C x 15K,80%,23,12,23C x 12K,70.0,0.0,0.0,0.0,65.21739130434783,0.0,0.0,0.0,70.0,0.0,0.0,0.0,Good_L0_Good_L1,0.0
Good_L0_Good_L1 (rho=0.0),Weight,0,90%,23,15,23C x 15K,90%,21,15,21C x 15K,76.66666666666667,0.0,0.0,0.0,65.21739130434783,0.0,0.0,0.0,76.66666666666667,0.0,0.0,0.0,Good_L0_Good_L1,0.0
Good_L0_Good_L1 (rho=0.0),Weight,0,90%,23,15,23C x 15K,90%,22,14,22C x 14K,76.66666666666667,0.0,0.0,0.0,65.21739130434783,0.0,0.0,0.0,76.66666666666667,0.0,0.0,0.0,Good_L0_Good_L1,0.0
Good_L0_Good_L1 (rho=0.0),Weight,0,90%,23,15,23C x 15K,100%,23,15,23C x 15K,43.333333333333336,0.0,0.0,0.0,15.36231884057971,0.0,0.0,0.0,43.333333333333336,0.0,0.0,0.0,Good_L0_Good_L1,0.0
Good_L0_Good_L1 (rho=0.0),Weight,0,90%,24,14,24C x 14K,10%,2,14,2C x 14K,56.666666666666664,0.0,0.0,0.0,64.30555555555556,0.0,0.0,0.0,56.666666666666664,0.0,0.0,0.0,Good_L0_Good_L1,0.0
Good_L0_Good_L1 (rho=0.0),Weight,0,90%,24,14,24C x 14K,10%,7,5,7C x 5K,53.333333333333336,0.0,0.0,0.0,64.30555555555556,0.0,0.0,0.0,53.333333333333336,0.0,0.0,0.0,Good_L0_Good_L1,0.0
Good_L0_Good_L1 (rho=0.0),Weight,0,90%,24,14,24C x 14K,20%,11,6,11C x 6K,66.66666666666666,0.0,0.0,0.0,64.30555555555556,0.0,0.0,0.0,66.66666666666666,0.0,0.0,0.0,Good_L0_Good_L1,0.0
Good_L0_Good_L1 (rho=0.0),Weight,0,90%,24,14,24C x 14K,20%,5,14,5C x 14K,53.333333333333336,0.0,0.0,0.0,64.30555555555556,0.0,0.0,0.0,53.333333333333336,0.0,0.0,0.0,Good_L0_Good_L1,0.0
Good_L0_Good_L1 (rho=0.0),Weight,0,90%,24,14,24C x 14K,30%,14,7,14C x 7K,50.0,0.0,0.0,0.0,64.30555555555556,0.0,0.0,0.0,50.0,0.0,0.0,0.0,Good_L0_Good_L1,0.0
Good_L0_Good_L1 (rho=0.0),Weight,0,90%,24,14,24C x 14K,30%,7,14,7C x 14K,63.33333333333333,0.0,0.0,0.0,64.30555555555556,0.0,0.0,0.0,63.33333333333333,0.0,0.0,0.0,Good_L0_Good_L1,0.0
Good_L0_Good_L1 (rho=0.0),Weight,0,90%,24,14,24C x 14K,40%,10,14,10C x 14K,70.0,0.0,0.0,0.0,64.30555555555556,0.0,0.0,0.0,70.0,0.0,0.0,0.0,Good_L0_Good_L1,0.0
Good_L0_Good_L1 (rho=0.0),Weight,0,90%,24,14,24C x 14K,40%,17,8,17C x 8K,60.0,0.0,0.0,0.0,64.30555555555556,0.0,0.0,0.0,60.0,0.0,0.0,0.0,Good_L0_Good_L1,0.0
Good_L0_Good_L1 (rho=0.0),Weight,0,90%,24,14,24C x 14K,50%,12,14,12C x 14K,70.0,0.0,0.0,0.0,64.30555555555556,0.0,0.0,0.0,70.0,0.0,0.0,0.0,Good_L0_Good_L1,0.0
Good_L0_Good_L1 (rho=0.0),Weight,0,90%,24,14,24C x 14K,50%,24,7,24C x 7K,70.0,0.0,0.0,0.0,64.30555555555556,0.0,0.0,0.0,70.0,0.0,0.0,0.0,Good_L0_Good_L1,0.0
Good_L0_Good_L1 (rho=0.0),Weight,0,90%,24,14,24C x 14K,60%,14,14,14C x 14K,70.0,0.0,0.0,0.0,64.30555555555556,0.0,0.0,0.0,70.0,0.0,0.0,0.0,Good_L0_Good_L1,0.0
Good_L0_Good_L1 (rho=0.0),Weight,0,90%,24,14,24C x 14K,60%,20,10,20C x 10K,66.66666666666666,0.0,0.0,0.0,64.30555555555556,0.0,0.0,0.0,66.66666666666666,0.0,0.0,0.0,Good_L0_Good_L1,0.0
Good_L0_Good_L1 (rho=0.0),Weight,0,90%,24,14,24C x 14K,70%,17,14,17C x 14K,73.33333333333333,0.0,0.0,0.0,64.30555555555556,0.0,0.0,0.0,73.33333333333333,0.0,0.0,0.0,Good_L0_Good_L1,0.0
Good_L0_Good_L1 (rho=0.0),Weight,0,90%,24,14,24C x 14K,70%,21,11,21C x 11K,73.33333333333333,0.0,0.0,0.0,64.30555555555556,0.0,0.0,0.0,73.33333333333333,0.0,0.0,0.0,Good_L0_Good_L1,0.0
Good_L0_Good_L1 (rho=0.0),Weight,0,90%,24,14,24C x 14K,80%,19,14,19C x 14K,70.0,0.0,0.0,0.0,64.30555555555556,0.0,0.0,0.0,70.0,0.0,0.0,0.0,Good_L0_Good_L1,0.0
Good_L0_Good_L1 (rho=0.0),Weight,0,90%,24,14,24C x 14K,80%,24,11,24C x 11K,73.33333333333333,0.0,0.0,0.0,64.30555555555556,0.0,0.0,0.0,73.33333333333333,0.0,0.0,0.0,Good_L0_Good_L1,0.0
Good_L0_Good_L1 (rho=0.0),Weight,0,90%,24,14,24C x 14K,90%,22,14,22C x 14K,70.0,0.0,0.0,0.0,64.30555555555556,0.0,0.0,0.0,70.0,0.0,0.0,0.0,Good_L0_Good_L1,0.0
Good_L0_Good_L1 (rho=0.0),Weight,0,90%,24,14,24C x 14K,90%,23,13,23C x 13K,76.66666666666667,0.0,0.0,0.0,64.30555555555556,0.0,0.0,0.0,76.66666666666667,0.0,0.0,0.0,Good_L0_Good_L1,0.0
Good_L0_Good_L1 (rho=0.0),Weight,0,90%,24,14,24C x 14K,100%,24,14,24C x 14K,50.0,0.0,0.0,0.0,17.22222222222222,0.0,0.0,0.0,50.0,0.0,0.0,0.0,Good_L0_Good_L1,0.0
Good_L0_Good_L1 (rho=0.0),Weight,0,100%,25,15,25C x 15K,10%,3,15,3C x 15K,40.0,0.0,0.0,0.0,15.2,0.0,0.0,0.0,40.0,0.0,0.0,0.0,Good_L0_Good_L1,0.0
Good_L0_Good_L1 (rho=0.0),Weight,0,100%,25,15,25C x 15K,10%,6,6,6C x 6K,40.0,0.0,0.0,0.0,15.2,0.0,0.0,0.0,40.0,0.0,0.0,0.0,Good_L0_Good_L1,0.0
Good_L0_Good_L1 (rho=0.0),Weight,0,100%,25,15,25C x 15K,20%,25,3,25C x 3K,43.333333333333336,0.0,0.0,0.0,15.2,0.0,0.0,0.0,43.333333333333336,0.0,0.0,0.0,Good_L0_Good_L1,0.0
Good_L0_Good_L1 (rho=0.0),Weight,0,100%,25,15,25C x 15K,20%,5,15,5C x 15K,43.333333333333336,0.0,0.0,0.0,15.2,0.0,0.0,0.0,43.333333333333336,0.0,0.0,0.0,Good_L0_Good_L1,0.0
Good_L0_Good_L1 (rho=0.0),Weight,0,100%,25,15,25C x 15K,30%,14,8,14C x 8K,50.0,0.0,0.0,0.0,15.2,0.0,0.0,0.0,50.0,0.0,0.0,0.0,Good_L0_Good_L1,0.0
Good_L0_Good_L1 (rho=0.0),Weight,0,100%,25,15,25C x 15K,30%,7,15,7C x 15K,46.666666666666664,0.0,0.0,0.0,15.2,0.0,0.0,0.0,46.666666666666664,0.0,0.0,0.0,Good_L0_Good_L1,0.0
Good_L0_Good_L1 (rho=0.0),Weight,0,100%,25,15,25C x 15K,40%,10,15,10C x 15K,43.333333333333336,0.0,0.0,0.0,15.2,0.0,0.0,0.0,43.333333333333336,0.0,0.0,0.0,Good_L0_Good_L1,0.0
Good_L0_Good_L1 (rho=0.0),Weight,0,100%,25,15,25C x 15K,40%,25,6,25C x 6K,43.333333333333336,0.0,0.0,0.0,15.2,0.0,0.0,0.0,43.333333333333336,0.0,0.0,0.0,Good_L0_Good_L1,0.0
Good_L0_Good_L1 (rho=0.0),Weight,0,100%,25,15,25C x 15K,50%,13,15,13C x 15K,46.666666666666664,0.0,0.0,0.0,15.2,0.0,0.0,0.0,46.666666666666664,0.0,0.0,0.0,Good_L0_Good_L1,0.0
Good_L0_Good_L1 (rho=0.0),Weight,0,100%,25,15,25C x 15K,50%,19,10,19C x 10K,50.0,0.0,0.0,0.0,15.2,0.0,0.0,0.0,50.0,0.0,0.0,0.0,Good_L0_Good_L1,0.0
Good_L0_Good_L1 (rho=0.0),Weight,0,100%,25,15,25C x 15K,60%,15,15,15C x 15K,46.666666666666664,0.0,0.0,0.0,15.2,0.0,0.0,0.0,46.666666666666664,0.0,0.0,0.0,Good_L0_Good_L1,0.0
Good_L0_Good_L1 (rho=0.0),Weight,0,100%,25,15,25C x 15K,60%,25,9,25C x 9K,50.0,0.0,0.0,0.0,15.2,0.0,0.0,0.0,50.0,0.0,0.0,0.0,Good_L0_Good_L1,0.0
Good_L0_Good_L1 (rho=0.0),Weight,0,100%,25,15,25C x 15K,70%,17,15,17C x 15K,43.333333333333336,0.0,0.0,0.0,15.2,0.0,0.0,0.0,43.333333333333336,0.0,0.0,0.0,Good_L0_Good_L1,0.0
Good_L0_Good_L1 (rho=0.0),Weight,0,100%,25,15,25C x 15K,70%,22,12,22C x 12K,46.666666666666664,0.0,0.0,0.0,15.2,0.0,0.0,0.0,46.666666666666664,0.0,0.0,0.0,Good_L0_Good_L1,0.0
Good_L0_Good_L1 (rho=0.0),Weight,0,100%,25,15,25C x 15K,80%,20,15,20C x 15K,43.333333333333336,0.0,0.0,0.0,15.2,0.0,0.0,0.0,43.333333333333336,0.0,0.0,0.0,Good_L0_Good_L1,0.0
Good_L0_Good_L1 (rho=0.0),Weight,0,100%,25,15,25C x 15K,80%,25,12,25C x 12K,46.666666666666664,0.0,0.0,0.0,15.2,0.0,0.0,0.0,46.666666666666664,0.0,0.0,0.0,Good_L0_Good_L1,0.0
Good_L0_Good_L1 (rho=0.0),Weight,0,100%,25,15,25C x 15K,90%,23,15,23C x 15K,43.333333333333336,0.0,0.0,0.0,15.2,0.0,0.0,0.0,43.333333333333336,0.0,0.0,0.0,Good_L0_Good_L1,0.0
Good_L0_Good_L1 (rho=0.0),Weight,0,100%,25,15,25C x 15K,90%,24,14,24C x 14K,43.333333333333336,0.0,0.0,0.0,15.2,0.0,0.0,0.0,43.333333333333336,0.0,0.0,0.0,Good_L0_Good_L1,0.0
Good_L0_Good_L1 (rho=0.0),Weight,0,100%,25,15,25C x 15K,100%,25,15,25C x 15K,26.666666666666668,0.0,0.0,0.0,4.266666666666667,0.0,0.0,0.0,26.666666666666668,0.0,0.0,0.0,Good_L0_Good_L1,0.0
